customer_profile_key,age,age_bracket,job,marital_status,education,has_credit_default,has_housing_loan,has_personal_loan
1,56,56-65,housemaid,married,basic.4y,no,no,no
2,57,56-65,services,married,high.school,unknown,no,no
3,37,36-45,services,married,high.school,no,yes,no
4,40,36-45,admin.,married,basic.6y,no,no,no
5,56,56-65,services,married,high.school,no,no,yes
6,45,36-45,services,married,basic.9y,unknown,no,no
7,59,56-65,admin.,married,professional.course,no,no,no
8,41,36-45,blue-collar,married,unknown,unknown,no,no
9,24,18-25,technician,single,professional.course,no,yes,no
10,25,18-25,services,single,high.school,no,yes,no
11,29,26-35,blue-collar,single,high.school,no,no,yes
12,57,56-65,housemaid,divorced,basic.4y,no,yes,no
13,35,26-35,blue-collar,married,basic.6y,no,yes,no
14,54,46-55,retired,married,basic.9y,unknown,yes,yes
15,46,46-55,blue-collar,married,basic.6y,unknown,yes,yes
16,50,46-55,blue-collar,married,basic.9y,no,yes,yes
17,39,36-45,management,single,basic.9y,unknown,no,no
18,30,26-35,unemployed,married,high.school,no,no,no
19,55,46-55,blue-collar,married,basic.4y,unknown,yes,no
20,55,46-55,retired,single,high.school,no,yes,no
21,41,36-45,technician,single,high.school,no,yes,no
22,37,36-45,admin.,married,high.school,no,yes,no
23,35,26-35,technician,married,university.degree,no,no,yes
24,59,56-65,technician,married,unknown,no,yes,no
25,39,36-45,self-employed,married,basic.9y,unknown,no,no
26,54,46-55,technician,single,university.degree,unknown,no,no
27,55,46-55,unknown,married,university.degree,unknown,unknown,unknown
28,46,46-55,admin.,married,unknown,no,no,no
29,49,46-55,blue-collar,married,unknown,no,no,no
30,54,46-55,management,married,basic.4y,unknown,yes,no
31,54,46-55,blue-collar,divorced,basic.4y,no,no,no
32,55,46-55,unknown,married,basic.4y,unknown,yes,no
33,34,26-35,services,married,high.school,no,no,no
34,52,46-55,technician,married,basic.9y,no,yes,no
35,41,36-45,admin.,married,university.degree,no,yes,no
36,56,56-65,technician,married,basic.4y,no,yes,no
37,58,56-65,management,unknown,university.degree,no,yes,no
38,32,26-35,entrepreneur,married,high.school,no,yes,no
39,38,36-45,admin.,single,professional.course,no,no,no
40,57,56-65,admin.,married,university.degree,no,no,yes
41,44,36-45,admin.,married,university.degree,unknown,yes,no
42,42,36-45,technician,single,professional.course,unknown,no,no
43,57,56-65,admin.,married,university.degree,no,yes,yes
44,40,36-45,blue-collar,married,basic.9y,no,no,yes
45,35,26-35,admin.,married,university.degree,no,yes,no
46,45,36-45,blue-collar,married,basic.9y,no,yes,no
47,54,46-55,admin.,married,high.school,no,no,no
48,39,36-45,housemaid,married,basic.4y,no,no,yes
49,60,56-65,admin.,married,high.school,no,no,no
50,53,46-55,admin.,single,professional.course,no,no,no
51,55,46-55,blue-collar,married,basic.4y,unknown,no,no
52,55,46-55,technician,married,professional.course,unknown,yes,no
53,50,46-55,management,married,university.degree,unknown,no,yes
54,45,36-45,services,married,high.school,unknown,yes,no
55,55,46-55,unemployed,married,professional.course,unknown,yes,yes
56,25,18-25,technician,single,university.degree,no,yes,no
57,47,46-55,entrepreneur,married,university.degree,unknown,no,no
58,51,46-55,blue-collar,married,basic.9y,no,yes,no
59,42,36-45,blue-collar,married,basic.6y,unknown,yes,no
60,42,36-45,blue-collar,married,basic.6y,unknown,no,no
61,48,46-55,admin.,married,high.school,no,no,no
62,37,36-45,admin.,married,university.degree,no,no,no
63,44,36-45,blue-collar,single,basic.9y,no,yes,no
64,33,26-35,admin.,married,unknown,no,yes,no
65,56,56-65,admin.,married,basic.9y,no,yes,no
66,44,36-45,blue-collar,single,basic.4y,unknown,yes,yes
67,41,36-45,management,married,basic.6y,no,no,no
68,44,36-45,management,divorced,university.degree,no,yes,no
69,47,46-55,admin.,married,university.degree,unknown,yes,no
70,57,56-65,unknown,married,unknown,unknown,no,no
71,37,36-45,admin.,married,university.degree,unknown,yes,no
72,41,36-45,blue-collar,divorced,basic.4y,unknown,yes,no
73,55,46-55,technician,married,university.degree,no,no,no
74,33,26-35,services,married,high.school,unknown,yes,no
75,55,46-55,management,married,unknown,unknown,yes,no
76,42,36-45,blue-collar,married,basic.9y,unknown,no,no
77,50,46-55,blue-collar,married,basic.4y,unknown,yes,no
78,51,46-55,blue-collar,married,basic.4y,unknown,unknown,unknown
79,38,36-45,admin.,married,high.school,unknown,no,no
80,49,46-55,entrepreneur,married,university.degree,unknown,yes,no
81,38,36-45,technician,single,university.degree,no,no,yes
82,31,26-35,admin.,divorced,high.school,no,no,no
83,39,36-45,admin.,married,university.degree,no,yes,yes
84,49,46-55,technician,married,basic.9y,no,no,no
85,34,26-35,admin.,married,high.school,no,yes,no
86,57,56-65,unknown,married,unknown,unknown,yes,no
87,60,56-65,admin.,married,unknown,unknown,no,yes
88,33,26-35,unemployed,married,basic.9y,no,no,no
89,42,36-45,blue-collar,married,basic.6y,no,no,yes
90,45,36-45,services,married,professional.course,no,yes,no
91,42,36-45,management,married,university.degree,no,no,no
92,53,46-55,admin.,divorced,university.degree,unknown,no,no
93,37,36-45,technician,single,professional.course,no,no,no
94,44,36-45,blue-collar,married,basic.6y,no,no,no
95,54,46-55,services,married,unknown,no,yes,no
96,49,46-55,blue-collar,married,basic.4y,no,no,no
97,54,46-55,services,married,unknown,no,no,no
98,52,46-55,admin.,divorced,university.degree,no,no,no
99,43,36-45,services,single,high.school,unknown,no,no
100,34,26-35,housemaid,married,basic.6y,no,yes,no
101,35,26-35,admin.,married,high.school,no,yes,no
102,42,36-45,entrepreneur,married,unknown,unknown,yes,no
103,43,36-45,technician,married,unknown,unknown,yes,yes
104,60,56-65,retired,divorced,university.degree,unknown,no,no
105,58,56-65,unemployed,married,basic.4y,unknown,no,no
106,35,26-35,services,divorced,high.school,no,yes,no
107,55,46-55,blue-collar,married,basic.9y,unknown,yes,no
108,37,36-45,management,married,university.degree,no,no,no
109,36,36-45,blue-collar,married,high.school,no,no,no
110,57,56-65,blue-collar,divorced,unknown,unknown,yes,no
111,56,56-65,admin.,married,unknown,no,yes,no
112,48,46-55,blue-collar,divorced,basic.4y,unknown,yes,no
113,40,36-45,blue-collar,married,high.school,unknown,yes,no
114,49,46-55,blue-collar,divorced,high.school,no,no,no
115,41,36-45,services,married,high.school,no,no,no
116,45,36-45,technician,married,high.school,no,yes,no
117,32,26-35,admin.,married,university.degree,no,yes,yes
118,42,36-45,admin.,married,university.degree,no,no,yes
119,50,46-55,admin.,married,basic.6y,no,no,no
120,31,26-35,technician,divorced,professional.course,no,yes,yes
121,56,56-65,retired,married,basic.4y,no,yes,no
122,41,36-45,technician,married,professional.course,unknown,yes,no
123,37,36-45,blue-collar,married,basic.6y,no,yes,yes
124,41,36-45,technician,married,professional.course,unknown,no,no
125,35,26-35,blue-collar,married,unknown,no,yes,no
126,37,36-45,blue-collar,married,basic.6y,no,yes,no
127,52,46-55,management,married,university.degree,no,no,no
128,39,36-45,management,divorced,university.degree,no,no,no
129,39,36-45,housemaid,married,basic.4y,unknown,no,no
130,56,56-65,blue-collar,married,basic.4y,unknown,no,no
131,34,26-35,services,married,high.school,no,yes,no
132,45,36-45,blue-collar,married,basic.9y,unknown,yes,no
133,43,36-45,unemployed,single,university.degree,no,yes,no
134,56,56-65,management,married,unknown,no,yes,no
135,39,36-45,management,married,university.degree,no,yes,no
136,53,46-55,blue-collar,married,basic.4y,no,yes,no
137,38,36-45,unknown,divorced,high.school,unknown,yes,no
138,42,36-45,blue-collar,married,basic.4y,unknown,yes,no
139,42,36-45,blue-collar,married,basic.4y,unknown,no,no
140,35,26-35,admin.,single,high.school,no,yes,no
141,40,36-45,admin.,married,university.degree,unknown,yes,no
142,51,46-55,blue-collar,married,basic.4y,no,yes,no
143,60,56-65,blue-collar,married,basic.9y,unknown,no,no
144,56,56-65,entrepreneur,married,unknown,unknown,yes,no
145,39,36-45,services,divorced,high.school,unknown,yes,no
146,56,56-65,entrepreneur,married,unknown,unknown,no,no
147,40,36-45,blue-collar,married,unknown,no,yes,yes
148,36,36-45,blue-collar,married,basic.9y,no,yes,yes
149,51,46-55,blue-collar,married,unknown,unknown,yes,no
150,51,46-55,blue-collar,married,unknown,unknown,no,no
151,43,36-45,technician,single,professional.course,no,yes,no
152,59,56-65,services,married,high.school,no,no,no
153,24,18-25,management,single,university.degree,no,yes,no
154,37,36-45,blue-collar,single,basic.9y,unknown,yes,yes
155,40,36-45,blue-collar,married,basic.9y,unknown,no,no
156,39,36-45,services,divorced,high.school,unknown,no,no
157,37,36-45,entrepreneur,married,basic.6y,no,no,no
158,38,36-45,services,married,high.school,no,yes,yes
159,56,56-65,admin.,divorced,unknown,unknown,no,no
160,40,36-45,blue-collar,married,unknown,no,no,no
161,54,46-55,management,divorced,university.degree,no,yes,no
162,43,36-45,blue-collar,married,high.school,unknown,no,yes
163,36,36-45,services,married,high.school,unknown,no,no
164,45,36-45,technician,married,university.degree,no,yes,yes
165,42,36-45,admin.,single,university.degree,unknown,no,no
166,43,36-45,services,married,high.school,no,no,no
167,46,46-55,management,married,basic.9y,no,no,no
168,44,36-45,services,married,high.school,no,yes,yes
169,51,46-55,admin.,single,basic.6y,no,no,no
170,28,26-35,services,married,high.school,no,yes,no
171,37,36-45,blue-collar,married,basic.9y,no,no,no
172,34,26-35,technician,married,high.school,no,no,no
173,46,46-55,blue-collar,married,basic.6y,unknown,yes,no
174,42,36-45,blue-collar,married,basic.9y,no,yes,yes
175,36,36-45,admin.,married,university.degree,no,yes,no
176,54,46-55,blue-collar,married,basic.4y,unknown,no,no
177,57,56-65,management,married,university.degree,no,no,no
178,51,46-55,technician,married,basic.6y,unknown,no,no
179,54,46-55,retired,married,high.school,unknown,no,no
180,49,46-55,blue-collar,married,basic.4y,unknown,no,no
181,34,26-35,admin.,married,university.degree,no,yes,no
182,41,36-45,technician,married,professional.course,no,no,no
183,38,36-45,blue-collar,single,basic.9y,no,yes,no
184,45,36-45,management,divorced,university.degree,no,no,no
185,42,36-45,technician,married,university.degree,no,no,no
186,34,26-35,blue-collar,single,basic.9y,unknown,yes,no
187,48,46-55,blue-collar,married,basic.4y,no,yes,no
188,37,36-45,admin.,married,high.school,unknown,yes,no
189,34,26-35,blue-collar,single,basic.9y,unknown,no,no
190,40,36-45,admin.,married,basic.9y,unknown,yes,no
191,43,36-45,blue-collar,married,basic.6y,no,yes,no
192,33,26-35,services,married,high.school,no,no,no
193,32,26-35,services,single,basic.6y,no,no,no
194,39,36-45,blue-collar,married,high.school,no,yes,no
195,43,36-45,admin.,married,unknown,no,no,no
196,44,36-45,blue-collar,married,basic.9y,no,yes,no
197,35,26-35,student,single,university.degree,unknown,no,no
198,35,26-35,student,single,university.degree,unknown,yes,yes
199,35,26-35,unemployed,married,professional.course,no,no,no
200,36,36-45,services,single,basic.4y,no,no,no
201,35,26-35,student,single,university.degree,unknown,yes,no
202,36,36-45,student,single,basic.9y,no,yes,no
203,55,46-55,housemaid,divorced,university.degree,no,no,no
204,59,56-65,admin.,married,university.degree,no,no,no
205,57,56-65,retired,married,unknown,unknown,no,no
206,39,36-45,blue-collar,married,professional.course,unknown,yes,no
207,39,36-45,housemaid,married,basic.4y,unknown,yes,no
208,30,26-35,blue-collar,single,unknown,no,yes,no
209,30,26-35,blue-collar,single,unknown,no,yes,yes
210,50,46-55,housemaid,married,basic.4y,unknown,no,no
211,40,36-45,services,married,high.school,no,no,no
212,43,36-45,technician,married,unknown,unknown,no,no
213,36,36-45,services,single,basic.6y,unknown,yes,no
214,46,46-55,technician,married,basic.4y,unknown,yes,no
215,40,36-45,technician,married,basic.9y,no,no,no
216,58,56-65,retired,married,university.degree,no,no,no
217,35,26-35,admin.,single,university.degree,no,no,no
218,43,36-45,retired,married,basic.4y,unknown,no,no
219,45,36-45,blue-collar,married,basic.4y,no,yes,yes
220,39,36-45,admin.,married,professional.course,no,yes,no
221,50,46-55,services,divorced,professional.course,no,yes,no
222,32,26-35,management,divorced,basic.4y,unknown,yes,no
223,39,36-45,admin.,married,high.school,unknown,no,no
224,52,46-55,self-employed,married,university.degree,unknown,no,no
225,44,36-45,admin.,married,professional.course,no,yes,no
226,56,56-65,blue-collar,married,basic.4y,no,no,no
227,33,26-35,services,married,high.school,unknown,no,yes
228,43,36-45,management,married,university.degree,unknown,no,yes
229,57,56-65,retired,married,high.school,no,no,no
230,36,36-45,technician,single,professional.course,no,no,no
231,34,26-35,management,married,university.degree,no,yes,no
232,34,26-35,services,single,basic.9y,no,no,no
233,30,26-35,technician,married,university.degree,unknown,no,no
234,33,26-35,services,divorced,unknown,no,no,no
235,32,26-35,technician,single,professional.course,no,no,no
236,36,36-45,technician,single,high.school,no,yes,no
237,36,36-45,blue-collar,single,high.school,no,no,yes
238,33,26-35,services,single,high.school,no,no,no
239,40,36-45,technician,divorced,professional.course,no,no,no
240,41,36-45,blue-collar,married,basic.4y,no,yes,no
241,51,46-55,services,married,basic.6y,no,yes,no
242,36,36-45,technician,married,professional.course,no,yes,no
243,28,26-35,services,married,unknown,no,no,no
244,53,46-55,services,married,high.school,no,yes,yes
245,58,56-65,blue-collar,married,basic.9y,unknown,yes,no
246,45,36-45,management,married,basic.9y,no,no,yes
247,43,36-45,technician,married,unknown,no,yes,no
248,33,26-35,admin.,married,high.school,no,no,yes
249,27,26-35,blue-collar,single,basic.6y,no,unknown,unknown
250,42,36-45,technician,married,high.school,no,no,no
251,43,36-45,admin.,divorced,basic.9y,no,no,no
252,42,36-45,admin.,married,university.degree,no,no,no
253,27,26-35,blue-collar,single,basic.6y,no,no,no
254,34,26-35,self-employed,single,university.degree,no,yes,no
255,31,26-35,student,single,university.degree,unknown,no,no
256,54,46-55,management,divorced,university.degree,no,no,no
257,40,36-45,self-employed,married,basic.4y,unknown,no,no
258,52,46-55,unemployed,married,high.school,unknown,yes,no
259,47,46-55,management,divorced,university.degree,no,no,no
260,49,46-55,housemaid,married,basic.9y,unknown,no,no
261,32,26-35,admin.,single,high.school,no,no,no
262,49,46-55,housemaid,single,high.school,unknown,yes,yes
263,50,46-55,blue-collar,married,basic.9y,unknown,no,no
264,47,46-55,technician,single,basic.9y,no,no,no
265,51,46-55,retired,married,professional.course,no,no,no
266,47,46-55,blue-collar,married,basic.6y,no,no,no
267,53,46-55,admin.,married,basic.9y,no,no,no
268,36,36-45,blue-collar,married,basic.9y,no,yes,no
269,42,36-45,blue-collar,divorced,basic.9y,no,yes,no
270,44,36-45,blue-collar,divorced,basic.6y,no,no,no
271,39,36-45,housemaid,married,basic.9y,no,yes,no
272,37,36-45,admin.,single,high.school,no,yes,yes
273,60,56-65,blue-collar,married,unknown,unknown,yes,no
274,36,36-45,services,married,high.school,no,no,no
275,42,36-45,management,divorced,university.degree,no,yes,no
276,31,26-35,admin.,married,high.school,no,yes,yes
277,53,46-55,technician,divorced,professional.course,unknown,no,yes
278,45,36-45,blue-collar,married,basic.4y,no,yes,no
279,37,36-45,technician,single,professional.course,no,yes,no
280,47,46-55,self-employed,married,professional.course,no,no,no
281,49,46-55,blue-collar,divorced,high.school,no,no,yes
282,35,26-35,services,divorced,high.school,no,no,no
283,38,36-45,unknown,married,unknown,unknown,no,no
284,38,36-45,services,single,high.school,unknown,no,no
285,50,46-55,blue-collar,divorced,high.school,unknown,no,yes
286,59,56-65,retired,married,professional.course,unknown,no,no
287,43,36-45,unknown,married,unknown,no,yes,no
288,42,36-45,admin.,married,high.school,no,yes,no
289,40,36-45,admin.,married,basic.6y,unknown,yes,no
290,46,46-55,blue-collar,married,unknown,unknown,no,no
291,57,56-65,housemaid,divorced,basic.4y,no,yes,yes
292,42,36-45,admin.,married,university.degree,no,yes,no
293,27,26-35,admin.,single,university.degree,no,no,no
294,36,36-45,admin.,married,high.school,no,no,no
295,58,56-65,blue-collar,married,professional.course,unknown,yes,no
296,40,36-45,management,married,university.degree,unknown,yes,no
297,34,26-35,admin.,single,basic.9y,unknown,no,no
298,33,26-35,admin.,divorced,high.school,no,no,no
299,56,56-65,retired,married,basic.6y,no,no,no
300,42,36-45,blue-collar,married,basic.9y,no,no,no
301,43,36-45,services,married,high.school,no,yes,no
302,54,46-55,management,single,basic.9y,no,yes,no
303,53,46-55,admin.,single,basic.6y,no,yes,yes
304,42,36-45,technician,single,unknown,no,no,no
305,40,36-45,services,married,basic.6y,unknown,no,no
306,54,46-55,technician,married,professional.course,no,yes,yes
307,40,36-45,housemaid,single,professional.course,no,no,no
308,26,26-35,admin.,single,university.degree,no,yes,no
309,33,26-35,admin.,married,high.school,no,no,no
310,35,26-35,blue-collar,married,basic.9y,unknown,no,no
311,29,26-35,services,single,high.school,no,yes,no
312,35,26-35,management,married,high.school,no,yes,no
313,50,46-55,self-employed,single,university.degree,no,no,yes
314,46,46-55,services,married,high.school,unknown,yes,no
315,49,46-55,entrepreneur,married,high.school,no,yes,no
316,42,36-45,technician,single,professional.course,unknown,yes,no
317,36,36-45,blue-collar,single,high.school,no,yes,yes
318,41,36-45,management,married,university.degree,unknown,no,no
319,57,56-65,management,married,professional.course,unknown,yes,no
320,32,26-35,services,single,high.school,no,yes,no
321,49,46-55,admin.,married,basic.9y,no,no,no
322,58,56-65,blue-collar,divorced,basic.4y,no,yes,no
323,52,46-55,technician,married,high.school,no,yes,no
324,50,46-55,services,divorced,professional.course,no,no,no
325,41,36-45,blue-collar,single,basic.9y,unknown,yes,no
326,33,26-35,entrepreneur,married,university.degree,no,yes,no
327,57,56-65,blue-collar,married,basic.4y,no,no,no
328,48,46-55,blue-collar,married,basic.6y,unknown,no,no
329,55,46-55,technician,married,professional.course,no,no,no
330,38,36-45,management,married,university.degree,no,no,no
331,38,36-45,services,married,high.school,no,yes,no
332,53,46-55,admin.,married,university.degree,no,yes,no
333,43,36-45,unemployed,single,university.degree,no,no,no
334,36,36-45,blue-collar,single,high.school,no,no,no
335,32,26-35,blue-collar,married,basic.9y,no,no,no
336,33,26-35,services,married,basic.4y,no,no,no
337,58,56-65,entrepreneur,married,basic.4y,no,yes,no
338,40,36-45,unemployed,divorced,high.school,unknown,no,no
339,57,56-65,management,married,university.degree,no,yes,no
340,46,46-55,admin.,married,university.degree,no,yes,no
341,36,36-45,technician,married,university.degree,no,no,no
342,41,36-45,self-employed,married,high.school,no,yes,no
343,57,56-65,admin.,divorced,basic.9y,no,no,no
344,49,46-55,blue-collar,married,basic.9y,unknown,yes,no
345,56,56-65,management,divorced,high.school,no,no,no
346,37,36-45,blue-collar,married,basic.9y,no,no,yes
347,46,46-55,admin.,single,high.school,no,yes,no
348,22,18-25,blue-collar,single,basic.9y,no,yes,no
349,41,36-45,technician,married,basic.6y,no,yes,no
350,38,36-45,admin.,single,university.degree,no,no,no
351,33,26-35,admin.,married,basic.9y,no,no,no
352,49,46-55,admin.,married,university.degree,no,yes,yes
353,30,26-35,blue-collar,single,unknown,no,no,no
354,33,26-35,admin.,married,basic.9y,no,yes,no
355,34,26-35,management,single,university.degree,no,no,no
356,30,26-35,student,single,unknown,unknown,no,no
357,59,56-65,management,married,basic.4y,unknown,yes,yes
358,59,56-65,management,married,basic.4y,unknown,unknown,unknown
359,41,36-45,self-employed,married,university.degree,no,no,no
360,48,46-55,housemaid,married,basic.6y,unknown,yes,yes
361,28,26-35,unknown,single,unknown,unknown,yes,yes
362,44,36-45,services,married,high.school,no,yes,no
363,59,56-65,retired,unknown,university.degree,unknown,no,no
364,50,46-55,management,married,high.school,unknown,no,no
365,35,26-35,admin.,married,university.degree,no,no,no
366,42,36-45,admin.,married,high.school,no,no,no
367,45,36-45,admin.,married,basic.9y,no,no,no
368,36,36-45,technician,married,professional.course,no,no,no
369,56,56-65,services,married,high.school,unknown,no,no
370,29,26-35,blue-collar,divorced,basic.4y,no,no,no
371,41,36-45,self-employed,married,university.degree,no,yes,yes
372,52,46-55,services,single,high.school,no,no,no
373,48,46-55,services,married,high.school,unknown,unknown,unknown
374,31,26-35,blue-collar,married,high.school,unknown,yes,no
375,43,36-45,unemployed,married,university.degree,unknown,yes,no
376,36,36-45,blue-collar,married,basic.4y,unknown,no,no
377,42,36-45,entrepreneur,married,university.degree,no,yes,no
378,52,46-55,services,divorced,basic.6y,no,no,no
379,39,36-45,admin.,married,high.school,no,yes,no
380,36,36-45,services,married,high.school,no,no,yes
381,42,36-45,blue-collar,married,basic.9y,unknown,yes,no
382,41,36-45,admin.,married,high.school,no,no,no
383,55,46-55,technician,married,basic.4y,no,no,yes
384,30,26-35,blue-collar,married,basic.9y,no,no,no
385,57,56-65,retired,unknown,basic.4y,no,no,no
386,45,36-45,entrepreneur,married,basic.4y,unknown,yes,no
387,51,46-55,blue-collar,married,basic.4y,unknown,yes,yes
388,39,36-45,self-employed,single,basic.9y,unknown,yes,yes
389,47,46-55,admin.,married,high.school,unknown,no,no
390,27,26-35,services,married,high.school,no,yes,no
391,34,26-35,technician,single,university.degree,no,yes,no
392,57,56-65,blue-collar,married,basic.4y,unknown,yes,no
393,43,36-45,entrepreneur,married,basic.4y,no,no,no
394,39,36-45,management,married,university.degree,unknown,no,no
395,38,36-45,blue-collar,married,basic.4y,unknown,yes,no
396,49,46-55,blue-collar,married,basic.9y,no,no,no
397,58,56-65,management,married,basic.6y,no,no,no
398,43,36-45,technician,married,professional.course,no,yes,no
399,50,46-55,unknown,married,unknown,unknown,yes,no
400,31,26-35,services,married,high.school,unknown,no,no
401,43,36-45,self-employed,divorced,university.degree,no,no,no
402,43,36-45,self-employed,married,basic.9y,unknown,no,no
403,30,26-35,self-employed,single,university.degree,no,yes,no
404,27,26-35,services,single,professional.course,no,yes,yes
405,51,46-55,services,married,unknown,unknown,no,no
406,37,36-45,technician,married,professional.course,no,yes,no
407,46,46-55,housemaid,married,basic.9y,no,yes,no
408,35,26-35,blue-collar,married,professional.course,no,no,no
409,47,46-55,admin.,divorced,university.degree,no,no,no
410,46,46-55,management,married,unknown,no,yes,no
411,40,36-45,technician,married,professional.course,unknown,no,yes
412,26,26-35,housemaid,married,university.degree,no,no,no
413,32,26-35,blue-collar,divorced,basic.9y,unknown,no,no
414,45,36-45,management,married,university.degree,no,yes,no
415,34,26-35,admin.,married,basic.9y,no,no,no
416,47,46-55,blue-collar,married,unknown,unknown,no,no
417,42,36-45,technician,married,professional.course,no,no,no
418,57,56-65,technician,married,basic.4y,unknown,no,yes
419,57,56-65,technician,married,basic.4y,unknown,no,no
420,38,36-45,blue-collar,married,basic.4y,no,no,yes
421,28,26-35,student,single,basic.9y,unknown,yes,no
422,60,56-65,management,married,university.degree,no,no,no
423,48,46-55,admin.,married,university.degree,no,yes,no
424,47,46-55,technician,married,professional.course,no,yes,no
425,40,36-45,admin.,married,high.school,no,no,no
426,51,46-55,management,married,professional.course,unknown,yes,no
427,48,46-55,unemployed,single,basic.4y,no,yes,no
428,54,46-55,housemaid,married,basic.4y,no,no,no
429,40,36-45,blue-collar,married,basic.6y,no,no,yes
430,44,36-45,admin.,single,basic.9y,unknown,no,no
431,42,36-45,technician,divorced,high.school,no,no,no
432,52,46-55,self-employed,married,university.degree,no,yes,no
433,31,26-35,blue-collar,single,basic.9y,no,yes,no
434,32,26-35,services,married,high.school,no,no,no
435,44,36-45,admin.,married,high.school,no,yes,yes
436,39,36-45,management,married,basic.6y,unknown,no,no
437,52,46-55,admin.,married,basic.4y,no,yes,no
438,42,36-45,technician,single,professional.course,unknown,unknown,unknown
439,43,36-45,management,married,professional.course,no,yes,no
440,29,26-35,admin.,married,university.degree,unknown,yes,no
441,57,56-65,blue-collar,divorced,basic.4y,no,no,no
442,44,36-45,blue-collar,married,basic.9y,unknown,no,no
443,59,56-65,unknown,married,unknown,unknown,no,no
444,39,36-45,blue-collar,married,basic.4y,unknown,no,no
445,57,56-65,retired,married,university.degree,no,no,no
446,41,36-45,management,married,unknown,unknown,no,no
447,37,36-45,technician,single,high.school,unknown,no,yes
448,42,36-45,retired,married,basic.4y,no,no,no
449,49,46-55,unknown,married,unknown,unknown,yes,no
450,54,46-55,management,married,basic.6y,unknown,yes,yes
451,36,36-45,admin.,married,university.degree,no,unknown,unknown
452,32,26-35,admin.,single,university.degree,unknown,no,no
453,35,26-35,technician,married,professional.course,no,yes,no
454,45,36-45,housemaid,married,professional.course,unknown,no,no
455,56,56-65,technician,married,unknown,no,yes,no
456,34,26-35,technician,married,university.degree,no,yes,no
457,41,36-45,unemployed,married,basic.9y,unknown,no,no
458,41,36-45,services,married,basic.9y,no,no,no
459,36,36-45,blue-collar,married,basic.9y,unknown,no,no
460,32,26-35,admin.,single,university.degree,unknown,unknown,unknown
461,31,26-35,services,married,high.school,unknown,unknown,unknown
462,38,36-45,technician,married,professional.course,no,yes,no
463,35,26-35,admin.,divorced,university.degree,unknown,yes,no
464,53,46-55,admin.,married,professional.course,no,yes,no
465,51,46-55,admin.,married,basic.6y,unknown,yes,no
466,56,56-65,entrepreneur,married,university.degree,unknown,no,no
467,33,26-35,admin.,married,basic.9y,no,unknown,unknown
468,51,46-55,services,divorced,high.school,unknown,yes,no
469,39,36-45,services,married,high.school,unknown,yes,no
470,45,36-45,entrepreneur,married,university.degree,no,no,no
471,40,36-45,technician,single,university.degree,no,no,no
472,60,56-65,unknown,single,unknown,unknown,yes,no
473,33,26-35,technician,married,university.degree,no,yes,no
474,47,46-55,blue-collar,married,high.school,unknown,yes,no
475,48,46-55,blue-collar,married,basic.4y,no,no,no
476,43,36-45,entrepreneur,married,high.school,no,no,no
477,37,36-45,management,married,university.degree,no,yes,no
478,50,46-55,services,married,basic.9y,no,yes,yes
479,59,56-65,entrepreneur,married,high.school,no,yes,no
480,32,26-35,technician,married,unknown,unknown,yes,no
481,42,36-45,housemaid,single,basic.4y,unknown,yes,no
482,52,46-55,blue-collar,married,basic.4y,no,no,no
483,42,36-45,blue-collar,married,unknown,unknown,no,no
484,42,36-45,admin.,married,unknown,no,no,no
485,40,36-45,management,married,basic.9y,unknown,unknown,unknown
486,38,36-45,blue-collar,married,basic.9y,no,no,no
487,39,36-45,blue-collar,married,basic.6y,no,yes,no
488,39,36-45,blue-collar,married,basic.6y,no,no,no
489,38,36-45,admin.,married,high.school,no,no,no
490,47,46-55,admin.,single,unknown,unknown,yes,no
491,30,26-35,services,single,high.school,no,no,no
492,38,36-45,admin.,divorced,high.school,no,yes,yes
493,39,36-45,technician,divorced,university.degree,no,no,no
494,44,36-45,admin.,married,high.school,no,no,no
495,41,36-45,services,married,high.school,unknown,yes,yes
496,41,36-45,blue-collar,married,basic.6y,no,no,no
497,35,26-35,blue-collar,married,basic.9y,no,no,no
498,41,36-45,technician,married,high.school,no,no,no
499,35,26-35,admin.,single,high.school,no,yes,yes
500,33,26-35,blue-collar,single,basic.4y,unknown,no,no
501,38,36-45,admin.,single,basic.6y,unknown,no,no
502,33,26-35,self-employed,married,university.degree,no,no,no
503,55,46-55,self-employed,married,unknown,unknown,no,no
504,36,36-45,blue-collar,single,basic.9y,unknown,no,no
505,57,56-65,technician,married,professional.course,unknown,no,yes
506,32,26-35,entrepreneur,single,university.degree,no,yes,no
507,30,26-35,self-employed,single,high.school,no,yes,no
508,43,36-45,admin.,married,professional.course,no,yes,yes
509,46,46-55,admin.,married,university.degree,no,no,no
510,35,26-35,admin.,divorced,high.school,no,no,yes
511,34,26-35,admin.,single,university.degree,no,yes,yes
512,50,46-55,blue-collar,married,basic.4y,unknown,unknown,unknown
513,39,36-45,admin.,single,university.degree,no,no,no
514,39,36-45,blue-collar,married,basic.9y,unknown,no,no
515,42,36-45,entrepreneur,married,basic.6y,no,no,no
516,57,56-65,retired,married,university.degree,no,yes,no
517,45,36-45,blue-collar,married,basic.4y,unknown,no,no
518,40,36-45,technician,married,basic.4y,no,no,yes
519,42,36-45,blue-collar,married,high.school,no,no,yes
520,40,36-45,technician,married,basic.4y,no,no,no
521,38,36-45,blue-collar,single,basic.4y,unknown,no,no
522,39,36-45,blue-collar,married,basic.6y,unknown,yes,yes
523,41,36-45,blue-collar,married,basic.4y,no,no,no
524,39,36-45,blue-collar,married,basic.6y,unknown,yes,no
525,41,36-45,blue-collar,married,basic.4y,no,yes,yes
526,45,36-45,admin.,married,university.degree,unknown,no,no
527,35,26-35,admin.,divorced,university.degree,no,unknown,unknown
528,35,26-35,admin.,married,basic.6y,no,yes,no
529,49,46-55,blue-collar,married,high.school,unknown,no,no
530,36,36-45,technician,married,unknown,no,no,no
531,23,18-25,admin.,single,university.degree,no,no,no
532,43,36-45,unemployed,married,university.degree,unknown,unknown,unknown
533,49,46-55,entrepreneur,married,professional.course,no,unknown,unknown
534,36,36-45,technician,married,professional.course,no,unknown,unknown
535,51,46-55,blue-collar,married,basic.9y,unknown,yes,no
536,56,56-65,retired,married,basic.4y,unknown,yes,yes
537,45,36-45,housemaid,married,high.school,no,no,no
538,41,36-45,admin.,divorced,high.school,no,no,no
539,32,26-35,services,married,high.school,unknown,no,yes
540,46,46-55,management,married,university.degree,no,no,no
541,37,36-45,blue-collar,married,unknown,no,no,no
542,53,46-55,management,married,university.degree,unknown,no,no
543,30,26-35,blue-collar,married,basic.4y,no,no,no
544,45,36-45,unknown,married,unknown,unknown,no,no
545,24,18-25,technician,single,professional.course,no,no,yes
546,34,26-35,admin.,single,university.degree,no,no,yes
547,59,56-65,blue-collar,married,basic.4y,no,yes,no
548,54,46-55,blue-collar,married,basic.6y,unknown,no,no
549,32,26-35,technician,married,professional.course,no,no,no
550,33,26-35,technician,married,professional.course,no,yes,no
551,32,26-35,admin.,married,university.degree,no,no,no
552,34,26-35,services,single,high.school,no,unknown,unknown
553,57,56-65,technician,married,professional.course,no,yes,no
554,42,36-45,technician,married,basic.9y,no,no,no
555,48,46-55,admin.,married,professional.course,no,yes,no
556,58,56-65,admin.,divorced,university.degree,unknown,yes,no
557,32,26-35,admin.,single,university.degree,no,yes,yes
558,48,46-55,blue-collar,married,basic.9y,no,no,no
559,47,46-55,blue-collar,married,basic.9y,no,no,no
560,32,26-35,admin.,single,university.degree,no,yes,no
561,32,26-35,admin.,single,university.degree,no,no,no
562,53,46-55,blue-collar,married,basic.4y,unknown,no,yes
563,37,36-45,blue-collar,married,basic.9y,unknown,no,no
564,50,46-55,services,married,high.school,no,no,no
565,46,46-55,blue-collar,married,basic.6y,no,yes,no
566,43,36-45,blue-collar,single,basic.4y,no,no,no
567,51,46-55,management,married,university.degree,no,yes,no
568,38,36-45,admin.,married,university.degree,no,yes,no
569,39,36-45,services,married,high.school,unknown,no,no
570,41,36-45,admin.,married,basic.9y,no,yes,no
571,46,46-55,admin.,divorced,university.degree,no,yes,yes
572,47,46-55,technician,married,professional.course,no,no,no
573,35,26-35,technician,married,professional.course,no,no,no
574,38,36-45,services,married,high.school,unknown,no,no
575,46,46-55,blue-collar,married,basic.9y,no,yes,no
576,30,26-35,technician,married,professional.course,no,no,no
577,35,26-35,services,single,basic.4y,no,no,no
578,58,56-65,admin.,married,unknown,unknown,yes,no
579,40,36-45,technician,married,professional.course,no,no,no
580,34,26-35,technician,married,university.degree,no,no,no
581,30,26-35,admin.,single,university.degree,no,no,no
582,38,36-45,services,married,basic.6y,no,no,no
583,55,46-55,management,single,basic.4y,no,no,no
584,55,46-55,management,married,university.degree,unknown,yes,no
585,45,36-45,technician,single,professional.course,no,yes,no
586,36,36-45,admin.,married,university.degree,no,yes,yes
587,35,26-35,technician,married,unknown,unknown,yes,no
588,55,46-55,management,divorced,university.degree,no,yes,no
589,49,46-55,housemaid,married,basic.4y,unknown,unknown,unknown
590,29,26-35,admin.,married,high.school,no,yes,no
591,34,26-35,blue-collar,married,basic.4y,no,yes,no
592,54,46-55,retired,married,high.school,unknown,yes,no
593,30,26-35,management,single,university.degree,no,yes,no
594,33,26-35,housemaid,divorced,university.degree,no,no,no
595,37,36-45,blue-collar,married,high.school,no,no,no
596,36,36-45,technician,married,basic.9y,unknown,yes,no
597,33,26-35,blue-collar,married,high.school,no,no,no
598,32,26-35,housemaid,married,high.school,no,yes,no
599,32,26-35,housemaid,married,high.school,no,no,no
600,39,36-45,blue-collar,married,basic.9y,no,no,yes
601,51,46-55,blue-collar,divorced,unknown,unknown,yes,yes
602,56,56-65,management,married,university.degree,unknown,no,yes
603,39,36-45,management,divorced,university.degree,unknown,yes,no
604,33,26-35,self-employed,single,university.degree,no,no,no
605,59,56-65,retired,divorced,basic.4y,unknown,no,no
606,42,36-45,admin.,single,unknown,no,yes,no
607,43,36-45,services,married,high.school,no,no,yes
608,35,26-35,admin.,married,university.degree,no,unknown,unknown
609,27,26-35,technician,married,basic.9y,no,no,yes
610,47,46-55,admin.,divorced,university.degree,no,yes,no
611,31,26-35,admin.,single,university.degree,no,no,no
612,32,26-35,blue-collar,married,basic.9y,no,yes,no
613,56,56-65,management,married,university.degree,unknown,no,no
614,48,46-55,services,single,high.school,unknown,yes,no
615,44,36-45,admin.,married,high.school,no,yes,no
616,46,46-55,admin.,married,high.school,no,no,yes
617,45,36-45,services,married,high.school,no,yes,no
618,43,36-45,admin.,married,professional.course,no,no,yes
619,40,36-45,admin.,single,high.school,unknown,no,no
620,56,56-65,management,married,university.degree,no,yes,no
621,47,46-55,entrepreneur,married,professional.course,no,no,no
622,48,46-55,technician,married,basic.4y,unknown,no,no
623,45,36-45,housemaid,married,professional.course,unknown,yes,no
624,36,36-45,self-employed,married,university.degree,no,no,no
625,49,46-55,management,married,professional.course,unknown,yes,no
626,46,46-55,services,married,high.school,no,no,no
627,38,36-45,blue-collar,married,basic.9y,no,yes,no
628,50,46-55,housemaid,married,basic.4y,unknown,yes,no
629,27,26-35,admin.,single,high.school,no,yes,no
630,40,36-45,technician,married,professional.course,unknown,yes,no
631,46,46-55,management,married,university.degree,no,yes,no
632,40,36-45,admin.,divorced,university.degree,no,yes,no
633,33,26-35,management,single,university.degree,no,no,no
634,54,46-55,retired,married,high.school,no,yes,no
635,52,46-55,blue-collar,married,basic.4y,unknown,yes,no
636,53,46-55,admin.,married,university.degree,unknown,yes,no
637,49,46-55,services,married,high.school,unknown,no,no
638,49,46-55,housemaid,married,basic.4y,no,no,no
639,40,36-45,entrepreneur,married,basic.9y,no,no,no
640,59,56-65,admin.,married,university.degree,unknown,no,no
641,51,46-55,self-employed,married,basic.9y,no,yes,no
642,57,56-65,housemaid,married,basic.6y,unknown,yes,no
643,38,36-45,self-employed,divorced,basic.9y,no,yes,no
644,52,46-55,self-employed,married,university.degree,no,no,no
645,26,26-35,unemployed,single,basic.9y,no,yes,no
646,35,26-35,admin.,married,university.degree,no,yes,yes
647,51,46-55,admin.,married,university.degree,no,no,no
648,43,36-45,blue-collar,married,basic.4y,unknown,yes,yes
649,42,36-45,admin.,married,high.school,unknown,yes,no
650,60,56-65,retired,divorced,university.degree,unknown,yes,no
651,57,56-65,management,married,university.degree,unknown,no,no
652,30,26-35,admin.,married,university.degree,no,no,no
653,45,36-45,technician,married,university.degree,no,no,no
654,56,56-65,retired,married,high.school,no,no,no
655,46,46-55,services,married,basic.6y,no,no,no
656,43,36-45,entrepreneur,married,basic.4y,no,yes,no
657,34,26-35,blue-collar,married,basic.4y,no,no,no
658,48,46-55,entrepreneur,married,university.degree,no,yes,no
659,27,26-35,blue-collar,married,basic.9y,unknown,yes,no
660,24,18-25,technician,single,professional.course,no,no,no
661,47,46-55,admin.,single,unknown,unknown,yes,yes
662,48,46-55,blue-collar,married,professional.course,unknown,no,no
663,31,26-35,admin.,single,high.school,no,yes,yes
664,39,36-45,self-employed,single,basic.4y,unknown,yes,no
665,41,36-45,technician,single,university.degree,unknown,no,no
666,49,46-55,blue-collar,married,basic.4y,unknown,yes,no
667,56,56-65,retired,married,basic.4y,no,no,no
668,49,46-55,admin.,married,high.school,no,no,no
669,47,46-55,unemployed,divorced,university.degree,no,no,no
670,44,36-45,blue-collar,married,unknown,unknown,yes,no
671,48,46-55,admin.,divorced,high.school,no,no,no
672,55,46-55,housemaid,married,basic.4y,no,yes,yes
673,59,56-65,management,married,basic.4y,unknown,yes,no
674,44,36-45,technician,single,professional.course,no,yes,yes
675,46,46-55,blue-collar,married,basic.9y,no,no,yes
676,39,36-45,blue-collar,divorced,basic.6y,unknown,yes,no
677,38,36-45,unemployed,married,basic.4y,unknown,yes,yes
678,36,36-45,services,married,high.school,no,yes,no
679,29,26-35,admin.,single,university.degree,no,no,no
680,31,26-35,technician,single,professional.course,no,yes,no
681,30,26-35,services,divorced,basic.9y,no,no,yes
682,36,36-45,blue-collar,married,basic.4y,no,yes,no
683,60,56-65,blue-collar,married,professional.course,no,no,no
684,39,36-45,blue-collar,married,basic.9y,unknown,yes,no
685,30,26-35,services,married,university.degree,no,yes,no
686,37,36-45,blue-collar,married,basic.9y,unknown,yes,no
687,46,46-55,blue-collar,married,basic.4y,no,no,no
688,43,36-45,unemployed,married,basic.4y,no,no,no
689,38,36-45,technician,married,professional.course,no,no,no
690,31,26-35,technician,married,university.degree,no,yes,no
691,44,36-45,admin.,married,university.degree,no,no,no
692,44,36-45,self-employed,married,university.degree,unknown,no,no
693,38,36-45,technician,married,unknown,unknown,unknown,unknown
694,30,26-35,student,single,high.school,unknown,no,no
695,37,36-45,blue-collar,married,basic.4y,unknown,unknown,unknown
696,54,46-55,housemaid,divorced,unknown,no,yes,no
697,41,36-45,management,married,unknown,unknown,yes,no
698,43,36-45,technician,married,professional.course,no,no,no
699,38,36-45,housemaid,married,basic.9y,no,no,no
700,38,36-45,blue-collar,single,unknown,unknown,no,yes
701,33,26-35,blue-collar,married,basic.9y,no,unknown,unknown
702,32,26-35,admin.,married,high.school,no,yes,no
703,30,26-35,services,married,high.school,unknown,no,no
704,43,36-45,technician,married,basic.6y,no,yes,no
705,30,26-35,services,married,high.school,unknown,yes,no
706,36,36-45,technician,divorced,professional.course,no,no,no
707,38,36-45,blue-collar,married,basic.6y,no,unknown,unknown
708,35,26-35,blue-collar,single,basic.6y,no,yes,no
709,50,46-55,self-employed,married,university.degree,no,no,no
710,58,56-65,admin.,married,basic.4y,unknown,no,yes
711,50,46-55,technician,married,professional.course,no,yes,no
712,33,26-35,blue-collar,single,basic.9y,unknown,no,no
713,33,26-35,blue-collar,single,basic.9y,unknown,unknown,unknown
714,44,36-45,management,single,university.degree,unknown,yes,yes
715,31,26-35,management,married,high.school,no,no,no
716,28,26-35,unknown,single,basic.9y,unknown,no,no
717,36,36-45,services,single,unknown,no,yes,no
718,44,36-45,blue-collar,single,high.school,no,no,no
719,38,36-45,blue-collar,divorced,unknown,no,yes,no
720,39,36-45,blue-collar,divorced,basic.6y,unknown,yes,yes
721,47,46-55,blue-collar,single,basic.4y,unknown,yes,no
722,47,46-55,services,divorced,high.school,no,no,no
723,35,26-35,entrepreneur,single,professional.course,no,no,no
724,42,36-45,admin.,divorced,university.degree,no,no,no
725,35,26-35,technician,married,basic.6y,no,no,no
726,56,56-65,entrepreneur,married,university.degree,unknown,yes,no
727,26,26-35,admin.,single,high.school,no,no,no
728,31,26-35,admin.,single,university.degree,no,yes,yes
729,57,56-65,self-employed,single,high.school,unknown,no,no
730,39,36-45,services,married,high.school,no,no,no
731,43,36-45,blue-collar,married,high.school,no,yes,no
732,50,46-55,admin.,married,university.degree,no,no,no
733,52,46-55,blue-collar,single,high.school,unknown,unknown,unknown
734,39,36-45,blue-collar,divorced,basic.9y,no,no,no
735,44,36-45,technician,single,unknown,unknown,yes,no
736,36,36-45,housemaid,married,basic.4y,no,yes,no
737,54,46-55,management,married,high.school,unknown,yes,no
738,27,26-35,admin.,single,basic.9y,no,yes,no
739,31,26-35,admin.,married,university.degree,unknown,no,no
740,28,26-35,blue-collar,married,basic.6y,no,no,no
741,31,26-35,management,single,university.degree,no,yes,no
742,30,26-35,management,divorced,high.school,no,no,yes
743,52,46-55,technician,married,professional.course,no,yes,no
744,37,36-45,technician,divorced,professional.course,no,no,no
745,45,36-45,blue-collar,married,basic.9y,unknown,yes,yes
746,54,46-55,technician,married,university.degree,no,yes,no
747,49,46-55,entrepreneur,married,basic.9y,no,yes,no
748,28,26-35,student,single,basic.9y,unknown,yes,yes
749,53,46-55,technician,married,high.school,no,yes,no
750,45,36-45,blue-collar,married,basic.9y,unknown,no,no
751,51,46-55,admin.,married,high.school,unknown,yes,no
752,41,36-45,blue-collar,married,basic.9y,unknown,yes,no
753,31,26-35,admin.,single,university.degree,no,yes,no
754,39,36-45,admin.,single,unknown,no,yes,no
755,50,46-55,entrepreneur,married,basic.9y,no,yes,yes
756,53,46-55,admin.,single,university.degree,unknown,yes,no
757,44,36-45,admin.,divorced,high.school,unknown,yes,no
758,53,46-55,blue-collar,married,basic.9y,unknown,yes,yes
759,24,18-25,services,single,high.school,no,no,no
760,34,26-35,admin.,single,high.school,no,yes,no
761,40,36-45,technician,married,professional.course,no,yes,no
762,57,56-65,management,divorced,university.degree,no,yes,no
763,43,36-45,blue-collar,married,basic.4y,unknown,yes,no
764,31,26-35,blue-collar,married,basic.6y,unknown,no,no
765,31,26-35,services,married,basic.6y,no,yes,no
766,31,26-35,blue-collar,married,basic.6y,unknown,yes,no
767,45,36-45,housemaid,married,basic.4y,unknown,yes,no
768,38,36-45,admin.,married,university.degree,no,no,no
769,41,36-45,entrepreneur,married,university.degree,no,yes,no
770,47,46-55,blue-collar,married,professional.course,unknown,yes,no
771,42,36-45,blue-collar,married,basic.6y,no,no,no
772,35,26-35,blue-collar,single,unknown,no,yes,no
773,40,36-45,management,married,university.degree,no,yes,no
774,34,26-35,technician,married,professional.course,unknown,yes,no
775,48,46-55,admin.,single,university.degree,no,yes,no
776,35,26-35,blue-collar,married,unknown,no,yes,yes
777,33,26-35,blue-collar,married,high.school,no,yes,no
778,42,36-45,admin.,single,unknown,unknown,no,no
779,46,46-55,admin.,divorced,university.degree,no,yes,no
780,37,36-45,blue-collar,single,basic.9y,unknown,yes,no
781,40,36-45,blue-collar,married,high.school,no,yes,no
782,59,56-65,entrepreneur,divorced,high.school,unknown,yes,no
783,43,36-45,technician,single,university.degree,no,no,no
784,44,36-45,blue-collar,married,basic.6y,no,yes,yes
785,44,36-45,blue-collar,married,basic.4y,no,yes,no
786,28,26-35,unknown,single,basic.9y,unknown,yes,no
787,48,46-55,services,married,high.school,unknown,yes,no
788,31,26-35,admin.,single,high.school,no,yes,no
789,27,26-35,blue-collar,married,basic.9y,no,yes,no
790,43,36-45,technician,single,university.degree,no,yes,no
791,47,46-55,retired,married,basic.4y,unknown,yes,no
792,40,36-45,blue-collar,divorced,unknown,no,yes,no
793,43,36-45,unknown,married,high.school,unknown,no,no
794,29,26-35,technician,married,professional.course,no,yes,no
795,54,46-55,admin.,married,university.degree,no,no,no
796,38,36-45,services,single,unknown,unknown,yes,no
797,33,26-35,blue-collar,married,basic.9y,no,no,no
798,39,36-45,retired,single,high.school,no,yes,no
799,38,36-45,technician,single,professional.course,no,no,no
800,33,26-35,blue-collar,married,basic.9y,no,yes,no
801,37,36-45,blue-collar,married,basic.6y,no,no,no
802,32,26-35,management,married,basic.6y,no,no,no
803,46,46-55,technician,married,professional.course,no,yes,no
804,34,26-35,technician,divorced,professional.course,no,yes,no
805,52,46-55,technician,married,basic.4y,unknown,no,no
806,46,46-55,blue-collar,married,basic.6y,unknown,no,no
807,57,56-65,management,divorced,university.degree,no,unknown,unknown
808,52,46-55,technician,married,basic.4y,unknown,no,yes
809,31,26-35,blue-collar,single,basic.9y,no,no,no
810,46,46-55,admin.,divorced,basic.9y,unknown,no,no
811,59,56-65,services,divorced,high.school,no,no,no
812,38,36-45,blue-collar,married,unknown,unknown,no,yes
813,42,36-45,blue-collar,divorced,basic.6y,unknown,yes,no
814,40,36-45,blue-collar,married,basic.4y,no,no,no
815,46,46-55,admin.,married,professional.course,no,no,no
816,35,26-35,admin.,single,high.school,no,no,no
817,28,26-35,blue-collar,married,basic.9y,no,no,yes
818,47,46-55,services,married,high.school,unknown,yes,no
819,35,26-35,blue-collar,married,basic.4y,no,yes,no
820,48,46-55,retired,married,basic.9y,no,yes,no
821,40,36-45,blue-collar,married,basic.6y,unknown,yes,no
822,59,56-65,retired,divorced,basic.4y,no,yes,no
823,48,46-55,entrepreneur,married,basic.9y,unknown,no,no
824,49,46-55,blue-collar,single,basic.6y,no,yes,no
825,51,46-55,admin.,married,university.degree,no,yes,no
826,38,36-45,technician,single,university.degree,no,yes,no
827,49,46-55,blue-collar,married,basic.9y,no,yes,no
828,31,26-35,blue-collar,married,basic.9y,no,yes,yes
829,36,36-45,services,married,high.school,unknown,yes,no
830,54,46-55,retired,married,basic.4y,unknown,yes,no
831,29,26-35,admin.,single,high.school,no,yes,no
832,54,46-55,management,married,high.school,unknown,yes,yes
833,48,46-55,admin.,married,basic.9y,unknown,no,no
834,48,46-55,management,divorced,university.degree,no,yes,no
835,32,26-35,admin.,single,university.degree,unknown,yes,no
836,49,46-55,technician,single,university.degree,unknown,yes,no
837,44,36-45,blue-collar,married,basic.9y,unknown,unknown,unknown
838,42,36-45,services,divorced,high.school,unknown,no,no
839,44,36-45,admin.,married,university.degree,unknown,no,no
840,51,46-55,blue-collar,married,basic.9y,no,no,no
841,45,36-45,blue-collar,single,basic.6y,no,yes,no
842,41,36-45,services,divorced,high.school,no,yes,yes
843,35,26-35,technician,divorced,unknown,no,yes,yes
844,41,36-45,services,divorced,high.school,no,no,yes
845,36,36-45,housemaid,divorced,basic.9y,unknown,no,no
846,29,26-35,technician,married,professional.course,no,no,no
847,47,46-55,services,married,unknown,no,no,no
848,38,36-45,blue-collar,single,basic.9y,unknown,no,no
849,29,26-35,services,married,high.school,no,no,no
850,58,56-65,unknown,married,unknown,unknown,no,no
851,48,46-55,blue-collar,married,professional.course,no,no,yes
852,46,46-55,blue-collar,married,basic.9y,unknown,no,no
853,31,26-35,blue-collar,married,basic.4y,no,yes,no
854,44,36-45,admin.,married,university.degree,no,yes,no
855,38,36-45,unemployed,divorced,professional.course,no,no,no
856,33,26-35,admin.,married,university.degree,no,no,no
857,53,46-55,blue-collar,married,basic.9y,no,yes,no
858,33,26-35,management,single,unknown,no,yes,no
859,33,26-35,self-employed,married,basic.9y,no,yes,no
860,37,36-45,admin.,divorced,university.degree,no,yes,no
861,55,46-55,blue-collar,married,basic.9y,no,yes,no
862,41,36-45,admin.,single,basic.6y,no,unknown,unknown
863,32,26-35,entrepreneur,divorced,university.degree,no,no,no
864,48,46-55,blue-collar,married,high.school,no,no,no
865,34,26-35,entrepreneur,married,basic.4y,no,yes,no
866,55,46-55,blue-collar,married,basic.4y,no,yes,yes
867,45,36-45,entrepreneur,single,university.degree,no,unknown,unknown
868,48,46-55,management,divorced,university.degree,no,no,no
869,34,26-35,blue-collar,married,basic.6y,no,yes,no
870,46,46-55,admin.,divorced,university.degree,unknown,no,no
871,51,46-55,unemployed,married,professional.course,unknown,no,no
872,54,46-55,housemaid,divorced,basic.4y,no,no,no
873,39,36-45,services,single,high.school,no,unknown,unknown
874,39,36-45,blue-collar,married,basic.9y,no,no,no
875,39,36-45,technician,single,basic.6y,unknown,no,no
876,39,36-45,services,married,basic.9y,no,no,no
877,32,26-35,entrepreneur,married,basic.6y,no,yes,no
878,41,36-45,services,single,high.school,no,yes,yes
879,59,56-65,housemaid,married,basic.6y,no,yes,no
880,57,56-65,technician,married,basic.9y,no,yes,no
881,30,26-35,services,married,unknown,no,no,no
882,34,26-35,entrepreneur,married,basic.4y,no,no,no
883,38,36-45,blue-collar,divorced,unknown,no,no,no
884,31,26-35,blue-collar,married,basic.6y,no,yes,no
885,47,46-55,admin.,married,university.degree,no,unknown,unknown
886,36,36-45,unemployed,married,basic.4y,no,yes,no
887,51,46-55,management,married,university.degree,no,no,no
888,28,26-35,admin.,single,university.degree,no,no,no
889,50,46-55,technician,married,high.school,no,no,no
890,51,46-55,entrepreneur,married,university.degree,no,no,no
891,38,36-45,blue-collar,single,basic.9y,no,no,no
892,35,26-35,admin.,single,basic.4y,unknown,no,no
893,35,26-35,admin.,single,basic.4y,unknown,yes,no
894,48,46-55,blue-collar,married,basic.9y,no,yes,no
895,44,36-45,technician,married,professional.course,unknown,no,no
896,40,36-45,management,married,high.school,no,no,no
897,50,46-55,self-employed,married,basic.4y,unknown,unknown,unknown
898,44,36-45,technician,married,professional.course,unknown,yes,no
899,37,36-45,blue-collar,single,basic.9y,unknown,no,no
900,32,26-35,services,divorced,high.school,no,yes,no
901,58,56-65,admin.,married,high.school,no,no,yes
902,49,46-55,technician,married,high.school,no,yes,no
903,32,26-35,blue-collar,married,basic.4y,unknown,no,no
904,30,26-35,services,married,high.school,no,no,yes
905,28,26-35,admin.,married,high.school,no,yes,no
906,40,36-45,blue-collar,married,basic.4y,unknown,unknown,unknown
907,44,36-45,management,married,university.degree,no,no,no
908,30,26-35,services,married,professional.course,unknown,yes,no
909,30,26-35,services,married,professional.course,unknown,no,no
910,28,26-35,technician,single,professional.course,no,yes,no
911,58,56-65,housemaid,married,basic.4y,no,yes,no
912,45,36-45,blue-collar,single,high.school,unknown,no,yes
913,57,56-65,retired,divorced,high.school,no,no,no
914,35,26-35,admin.,divorced,high.school,no,yes,no
915,42,36-45,services,married,high.school,unknown,no,no
916,51,46-55,blue-collar,married,basic.4y,unknown,yes,no
917,48,46-55,management,married,university.degree,no,yes,no
918,47,46-55,retired,married,basic.4y,unknown,unknown,unknown
919,34,26-35,technician,single,professional.course,no,unknown,unknown
920,44,36-45,services,married,basic.6y,unknown,no,no
921,52,46-55,housemaid,divorced,professional.course,no,yes,no
922,49,46-55,services,married,high.school,no,no,no
923,47,46-55,management,married,university.degree,no,no,no
924,43,36-45,management,married,professional.course,no,no,no
925,40,36-45,blue-collar,married,basic.9y,unknown,yes,no
926,32,26-35,management,divorced,basic.4y,unknown,no,no
927,42,36-45,blue-collar,married,basic.4y,unknown,unknown,unknown
928,42,36-45,self-employed,married,university.degree,no,yes,no
929,39,36-45,technician,married,professional.course,no,unknown,unknown
930,32,26-35,housemaid,married,basic.4y,no,no,no
931,30,26-35,services,married,unknown,no,yes,no
932,35,26-35,blue-collar,married,basic.6y,no,yes,yes
933,57,56-65,management,divorced,university.degree,no,no,no
934,51,46-55,blue-collar,married,basic.4y,no,no,no
935,31,26-35,technician,married,professional.course,no,no,no
936,31,26-35,admin.,married,university.degree,no,no,no
937,60,56-65,services,married,unknown,no,no,no
938,29,26-35,admin.,single,university.degree,no,yes,no
939,44,36-45,entrepreneur,married,basic.4y,unknown,no,no
940,26,26-35,technician,single,basic.9y,no,yes,no
941,54,46-55,blue-collar,married,basic.4y,no,yes,no
942,34,26-35,blue-collar,single,high.school,unknown,no,yes
943,33,26-35,admin.,divorced,high.school,no,yes,no
944,35,26-35,blue-collar,single,high.school,no,yes,no
945,42,36-45,management,married,basic.6y,no,yes,yes
946,53,46-55,retired,married,basic.4y,unknown,yes,no
947,51,46-55,technician,married,professional.course,no,yes,no
948,51,46-55,admin.,married,basic.6y,unknown,no,no
949,47,46-55,technician,divorced,professional.course,unknown,no,no
950,42,36-45,admin.,married,university.degree,unknown,yes,no
951,26,26-35,blue-collar,married,basic.9y,unknown,no,no
952,45,36-45,technician,married,professional.course,no,yes,no
953,42,36-45,services,married,high.school,no,no,no
954,31,26-35,technician,married,professional.course,no,yes,no
955,38,36-45,blue-collar,married,basic.4y,no,no,no
956,51,46-55,services,divorced,basic.6y,unknown,no,yes
957,39,36-45,entrepreneur,married,high.school,no,yes,no
958,36,36-45,blue-collar,married,unknown,unknown,yes,yes
959,60,56-65,services,married,unknown,no,yes,no
960,34,26-35,management,married,university.degree,no,yes,yes
961,36,36-45,blue-collar,married,basic.9y,no,no,no
962,33,26-35,technician,married,professional.course,no,no,no
963,46,46-55,admin.,single,university.degree,no,unknown,unknown
964,30,26-35,blue-collar,married,basic.6y,no,no,no
965,34,26-35,management,married,university.degree,no,no,no
966,54,46-55,admin.,divorced,university.degree,no,no,no
967,58,56-65,self-employed,married,professional.course,no,yes,no
968,29,26-35,services,married,high.school,no,yes,yes
969,41,36-45,entrepreneur,married,university.degree,no,no,no
970,53,46-55,blue-collar,married,basic.9y,unknown,yes,no
971,34,26-35,blue-collar,single,basic.9y,no,no,no
972,36,36-45,blue-collar,single,unknown,no,yes,no
973,31,26-35,blue-collar,married,basic.9y,no,no,no
974,59,56-65,retired,married,basic.4y,unknown,no,no
975,49,46-55,technician,married,professional.course,unknown,unknown,unknown
976,37,36-45,management,married,high.school,unknown,no,no
977,50,46-55,management,married,university.degree,no,yes,no
978,32,26-35,admin.,married,university.degree,unknown,no,no
979,43,36-45,blue-collar,married,basic.4y,unknown,no,no
980,52,46-55,blue-collar,married,basic.9y,unknown,no,no
981,54,46-55,blue-collar,married,basic.9y,no,yes,no
982,31,26-35,services,single,high.school,no,yes,no
983,35,26-35,blue-collar,married,basic.6y,no,no,no
984,56,56-65,retired,married,basic.9y,no,yes,yes
985,38,36-45,entrepreneur,married,basic.9y,no,no,no
986,42,36-45,technician,married,professional.course,no,yes,no
987,44,36-45,blue-collar,married,basic.4y,no,no,no
988,58,56-65,admin.,divorced,university.degree,no,yes,no
989,43,36-45,admin.,divorced,high.school,no,yes,no
990,59,56-65,retired,married,university.degree,no,no,no
991,41,36-45,admin.,married,high.school,no,yes,yes
992,33,26-35,admin.,married,university.degree,no,yes,no
993,46,46-55,blue-collar,married,professional.course,no,no,no
994,30,26-35,admin.,single,high.school,no,no,no
995,28,26-35,services,single,high.school,no,no,no
996,58,56-65,admin.,married,university.degree,no,no,yes
997,43,36-45,blue-collar,married,basic.4y,no,no,no
998,39,36-45,self-employed,married,high.school,no,yes,no
999,25,18-25,services,married,professional.course,unknown,no,no
1000,39,36-45,admin.,single,unknown,no,no,no
1001,42,36-45,retired,married,basic.9y,unknown,yes,no
1002,43,36-45,admin.,married,high.school,no,yes,no
1003,43,36-45,admin.,married,high.school,no,no,no
1004,33,26-35,admin.,single,university.degree,no,no,no
1005,52,46-55,unknown,married,basic.4y,no,no,no
1006,42,36-45,services,married,professional.course,no,yes,no
1007,53,46-55,blue-collar,married,basic.4y,unknown,no,no
1008,41,36-45,housemaid,married,basic.6y,no,no,no
1009,48,46-55,blue-collar,married,professional.course,no,yes,no
1010,40,36-45,admin.,single,high.school,no,yes,no
1011,40,36-45,admin.,single,high.school,no,no,yes
1012,53,46-55,blue-collar,married,high.school,unknown,no,yes
1013,55,46-55,admin.,married,high.school,no,no,no
1014,39,36-45,technician,married,professional.course,no,no,no
1015,35,26-35,blue-collar,married,basic.9y,no,no,yes
1016,50,46-55,housemaid,divorced,basic.4y,unknown,no,no
1017,38,36-45,services,divorced,basic.6y,no,no,no
1018,39,36-45,admin.,married,basic.6y,unknown,no,no
1019,44,36-45,unknown,married,basic.6y,no,no,no
1020,51,46-55,technician,married,professional.course,no,no,yes
1021,41,36-45,technician,married,high.school,no,yes,yes
1022,38,36-45,self-employed,single,university.degree,no,no,no
1023,48,46-55,blue-collar,married,basic.6y,no,no,yes
1024,32,26-35,admin.,married,high.school,no,no,no
1025,46,46-55,blue-collar,single,basic.9y,no,yes,no
1026,49,46-55,housemaid,married,basic.4y,unknown,no,no
1027,47,46-55,blue-collar,married,basic.6y,no,yes,yes
1028,28,26-35,blue-collar,married,basic.6y,unknown,no,no
1029,38,36-45,admin.,single,university.degree,unknown,yes,no
1030,51,46-55,services,married,unknown,no,yes,no
1031,50,46-55,blue-collar,married,basic.9y,no,yes,no
1032,38,36-45,admin.,single,university.degree,unknown,yes,yes
1033,48,46-55,blue-collar,married,basic.6y,no,yes,no
1034,44,36-45,technician,divorced,unknown,no,yes,no
1035,34,26-35,blue-collar,single,basic.4y,no,no,no
1036,36,36-45,blue-collar,married,basic.6y,no,yes,no
1037,40,36-45,blue-collar,married,basic.6y,unknown,no,no
1038,35,26-35,unknown,married,basic.9y,no,yes,yes
1039,46,46-55,blue-collar,married,basic.4y,unknown,no,no
1040,35,26-35,unknown,married,basic.9y,no,yes,no
1041,32,26-35,management,single,university.degree,no,no,no
1042,34,26-35,admin.,married,university.degree,unknown,no,no
1043,35,26-35,blue-collar,married,basic.9y,no,yes,no
1044,28,26-35,admin.,single,professional.course,no,no,no
1045,48,46-55,unemployed,married,basic.4y,no,yes,yes
1046,53,46-55,blue-collar,married,professional.course,no,yes,yes
1047,31,26-35,management,married,university.degree,no,yes,yes
1048,59,56-65,retired,married,unknown,no,yes,no
1049,51,46-55,unemployed,married,high.school,no,yes,no
1050,40,36-45,technician,married,university.degree,unknown,no,no
1051,42,36-45,entrepreneur,single,university.degree,no,yes,no
1052,30,26-35,housemaid,married,high.school,unknown,no,no
1053,40,36-45,blue-collar,married,basic.9y,no,no,no
1054,50,46-55,entrepreneur,married,basic.9y,no,yes,no
1055,36,36-45,blue-collar,married,basic.6y,unknown,no,no
1056,29,26-35,unemployed,single,university.degree,no,no,no
1057,43,36-45,blue-collar,married,basic.9y,no,no,no
1058,35,26-35,services,married,high.school,no,no,no
1059,35,26-35,unknown,single,basic.4y,unknown,no,no
1060,48,46-55,blue-collar,divorced,basic.4y,no,no,no
1061,49,46-55,technician,married,professional.course,no,no,no
1062,44,36-45,blue-collar,married,basic.6y,unknown,no,yes
1063,32,26-35,blue-collar,married,professional.course,no,no,no
1064,41,36-45,admin.,married,basic.4y,unknown,no,yes
1065,27,26-35,student,single,high.school,unknown,no,no
1066,41,36-45,blue-collar,married,basic.9y,no,yes,no
1067,36,36-45,blue-collar,married,basic.6y,unknown,yes,no
1068,45,36-45,services,married,basic.9y,no,no,no
1069,54,46-55,technician,married,basic.9y,no,no,no
1070,48,46-55,admin.,married,high.school,unknown,no,yes
1071,32,26-35,blue-collar,married,basic.6y,unknown,no,no
1072,33,26-35,management,married,university.degree,no,no,yes
1073,44,36-45,technician,single,high.school,no,no,no
1074,50,46-55,technician,married,professional.course,no,no,no
1075,32,26-35,student,single,university.degree,no,no,no
1076,32,26-35,student,single,university.degree,no,yes,no
1077,40,36-45,admin.,divorced,professional.course,no,yes,no
1078,24,18-25,services,single,high.school,no,yes,yes
1079,32,26-35,technician,married,university.degree,no,no,yes
1080,33,26-35,admin.,single,high.school,unknown,yes,no
1081,48,46-55,technician,married,professional.course,unknown,yes,no
1082,52,46-55,housemaid,married,basic.4y,no,no,no
1083,30,26-35,admin.,married,high.school,no,yes,yes
1084,36,36-45,admin.,divorced,university.degree,no,no,no
1085,31,26-35,admin.,married,high.school,no,no,no
1086,41,36-45,technician,married,professional.course,no,yes,yes
1087,35,26-35,unknown,married,basic.9y,no,no,no
1088,55,46-55,retired,married,university.degree,unknown,no,no
1089,57,56-65,retired,married,high.school,unknown,yes,no
1090,38,36-45,entrepreneur,married,basic.6y,no,yes,no
1091,52,46-55,blue-collar,married,basic.9y,no,yes,no
1092,60,56-65,services,married,high.school,no,yes,no
1093,24,18-25,student,single,high.school,no,yes,no
1094,38,36-45,entrepreneur,married,basic.6y,no,no,no
1095,44,36-45,technician,divorced,high.school,no,no,no
1096,25,18-25,services,divorced,high.school,no,yes,no
1097,32,26-35,admin.,married,basic.6y,no,no,no
1098,51,46-55,blue-collar,married,basic.4y,unknown,no,no
1099,27,26-35,housemaid,married,basic.9y,no,yes,no
1100,45,36-45,services,married,basic.9y,no,yes,yes
1101,30,26-35,services,single,high.school,no,yes,no
1102,60,56-65,entrepreneur,married,basic.4y,no,yes,no
1103,28,26-35,services,single,unknown,no,yes,no
1104,45,36-45,blue-collar,married,basic.4y,unknown,no,yes
1105,37,36-45,unemployed,married,professional.course,no,no,no
1106,37,36-45,unemployed,married,professional.course,no,no,yes
1107,36,36-45,services,married,basic.6y,no,yes,no
1108,49,46-55,blue-collar,married,basic.4y,no,yes,no
1109,35,26-35,services,married,professional.course,unknown,yes,no
1110,34,26-35,admin.,single,high.school,no,no,no
1111,33,26-35,services,married,university.degree,no,yes,no
1112,38,36-45,unemployed,married,high.school,no,no,yes
1113,30,26-35,admin.,divorced,university.degree,unknown,no,no
1114,31,26-35,blue-collar,divorced,professional.course,no,yes,no
1115,39,36-45,management,married,university.degree,no,no,no
1116,37,36-45,blue-collar,married,unknown,unknown,yes,no
1117,48,46-55,blue-collar,married,basic.4y,unknown,no,no
1118,37,36-45,technician,single,university.degree,no,yes,no
1119,37,36-45,technician,single,university.degree,no,no,no
1120,26,26-35,services,divorced,basic.6y,no,no,no
1121,33,26-35,management,married,high.school,unknown,no,no
1122,54,46-55,admin.,married,university.degree,no,yes,no
1123,35,26-35,entrepreneur,married,university.degree,no,yes,yes
1124,45,36-45,admin.,married,university.degree,no,no,no
1125,33,26-35,services,single,high.school,no,yes,no
1126,37,36-45,blue-collar,married,basic.4y,no,no,yes
1127,33,26-35,blue-collar,divorced,basic.6y,unknown,yes,no
1128,43,36-45,technician,married,university.degree,no,yes,no
1129,43,36-45,entrepreneur,married,university.degree,no,no,no
1130,47,46-55,blue-collar,married,basic.9y,no,yes,no
1131,30,26-35,services,divorced,high.school,no,no,no
1132,51,46-55,admin.,divorced,university.degree,no,yes,no
1133,59,56-65,blue-collar,married,basic.6y,no,yes,no
1134,31,26-35,blue-collar,married,basic.9y,no,yes,no
1135,39,36-45,unemployed,married,university.degree,no,yes,no
1136,43,36-45,blue-collar,married,basic.6y,unknown,no,no
1137,30,26-35,blue-collar,married,basic.9y,unknown,yes,no
1138,37,36-45,blue-collar,married,professional.course,no,no,no
1139,37,36-45,blue-collar,married,professional.course,no,yes,yes
1140,37,36-45,blue-collar,single,basic.6y,unknown,yes,no
1141,36,36-45,management,single,basic.6y,no,no,no
1142,48,46-55,blue-collar,married,basic.9y,no,yes,yes
1143,30,26-35,admin.,divorced,high.school,no,yes,no
1144,38,36-45,entrepreneur,married,university.degree,no,no,no
1145,50,46-55,technician,married,high.school,no,yes,no
1146,50,46-55,unemployed,married,professional.course,no,no,no
1147,54,46-55,entrepreneur,married,basic.4y,unknown,no,yes
1148,33,26-35,management,married,university.degree,no,no,no
1149,20,18-25,entrepreneur,single,high.school,no,no,no
1150,24,18-25,blue-collar,married,basic.9y,unknown,yes,no
1151,28,26-35,management,single,unknown,no,yes,no
1152,55,46-55,housemaid,married,basic.4y,no,yes,no
1153,25,18-25,blue-collar,married,high.school,no,no,no
1154,41,36-45,admin.,married,basic.9y,unknown,yes,no
1155,27,26-35,blue-collar,married,basic.9y,no,no,no
1156,34,26-35,blue-collar,married,basic.6y,unknown,yes,yes
1157,25,18-25,technician,single,professional.course,no,no,no
1158,48,46-55,management,married,university.degree,unknown,yes,no
1159,36,36-45,blue-collar,single,basic.6y,no,no,no
1160,27,26-35,blue-collar,married,basic.9y,no,no,yes
1161,45,36-45,management,married,university.degree,no,yes,yes
1162,28,26-35,blue-collar,married,basic.6y,unknown,yes,no
1163,30,26-35,technician,single,basic.6y,unknown,yes,no
1164,32,26-35,admin.,single,high.school,no,unknown,unknown
1165,29,26-35,services,single,basic.9y,no,no,no
1166,36,36-45,admin.,married,high.school,no,yes,no
1167,48,46-55,admin.,married,high.school,unknown,no,no
1168,45,36-45,admin.,married,high.school,no,yes,no
1169,35,26-35,technician,married,professional.course,no,no,yes
1170,42,36-45,services,married,high.school,unknown,no,yes
1171,45,36-45,blue-collar,married,basic.4y,unknown,yes,no
1172,39,36-45,services,single,high.school,unknown,no,no
1173,32,26-35,admin.,married,university.degree,unknown,no,yes
1174,29,26-35,admin.,single,high.school,no,no,no
1175,34,26-35,blue-collar,married,basic.9y,no,no,no
1176,36,36-45,self-employed,single,basic.6y,no,no,no
1177,31,26-35,services,married,basic.6y,no,no,no
1178,44,36-45,blue-collar,married,basic.4y,unknown,no,no
1179,36,36-45,technician,divorced,professional.course,no,yes,no
1180,47,46-55,admin.,married,university.degree,no,no,no
1181,59,56-65,technician,married,professional.course,unknown,no,no
1182,29,26-35,blue-collar,single,high.school,unknown,unknown,unknown
1183,38,36-45,blue-collar,married,basic.9y,unknown,no,no
1184,45,36-45,management,single,university.degree,no,no,no
1185,28,26-35,self-employed,single,university.degree,no,no,no
1186,37,36-45,blue-collar,married,basic.4y,no,no,no
1187,38,36-45,entrepreneur,married,basic.6y,no,yes,yes
1188,28,26-35,admin.,single,basic.9y,no,yes,yes
1189,37,36-45,blue-collar,married,basic.4y,no,yes,no
1190,36,36-45,housemaid,divorced,university.degree,no,no,no
1191,54,46-55,housemaid,married,basic.9y,no,yes,no
1192,53,46-55,retired,married,basic.6y,unknown,no,yes
1193,43,36-45,unemployed,married,basic.9y,no,yes,no
1194,49,46-55,admin.,married,high.school,no,no,yes
1195,32,26-35,self-employed,divorced,professional.course,no,no,no
1196,50,46-55,blue-collar,single,basic.9y,unknown,yes,yes
1197,51,46-55,blue-collar,divorced,basic.9y,no,no,no
1198,38,36-45,blue-collar,married,basic.4y,no,yes,no
1199,44,36-45,self-employed,married,professional.course,no,no,no
1200,29,26-35,blue-collar,married,high.school,no,no,no
1201,46,46-55,blue-collar,divorced,basic.6y,no,no,no
1202,32,26-35,unemployed,divorced,basic.4y,no,unknown,unknown
1203,43,36-45,blue-collar,divorced,basic.4y,unknown,no,no
1204,53,46-55,admin.,married,university.degree,no,no,no
1205,35,26-35,services,single,basic.4y,no,no,yes
1206,49,46-55,admin.,divorced,basic.9y,no,yes,no
1207,35,26-35,blue-collar,married,basic.6y,unknown,yes,no
1208,40,36-45,services,single,professional.course,no,no,no
1209,29,26-35,services,divorced,high.school,no,no,no
1210,38,36-45,technician,married,university.degree,unknown,no,no
1211,48,46-55,technician,married,professional.course,no,yes,no
1212,53,46-55,retired,married,high.school,unknown,yes,no
1213,53,46-55,management,married,university.degree,no,yes,no
1214,35,26-35,services,married,basic.9y,no,yes,yes
1215,31,26-35,entrepreneur,divorced,high.school,no,yes,no
1216,46,46-55,entrepreneur,married,basic.4y,no,no,no
1217,28,26-35,blue-collar,married,basic.6y,unknown,yes,yes
1218,38,36-45,admin.,married,basic.9y,unknown,yes,no
1219,28,26-35,self-employed,single,university.degree,no,yes,no
1220,31,26-35,blue-collar,divorced,basic.4y,no,yes,no
1221,41,36-45,blue-collar,married,basic.9y,no,no,yes
1222,54,46-55,blue-collar,married,basic.9y,unknown,no,yes
1223,34,26-35,blue-collar,married,basic.6y,unknown,no,yes
1224,51,46-55,services,married,high.school,unknown,yes,no
1225,45,36-45,blue-collar,single,basic.9y,no,no,no
1226,32,26-35,admin.,divorced,high.school,no,no,yes
1227,28,26-35,student,married,university.degree,no,no,yes
1228,55,46-55,admin.,divorced,university.degree,no,yes,no
1229,41,36-45,self-employed,single,university.degree,no,no,no
1230,57,56-65,services,divorced,high.school,unknown,no,yes
1231,44,36-45,entrepreneur,married,high.school,no,yes,no
1232,29,26-35,blue-collar,single,high.school,unknown,yes,no
1233,36,36-45,technician,single,university.degree,no,yes,no
1234,39,36-45,services,divorced,high.school,no,yes,no
1235,30,26-35,blue-collar,married,basic.9y,no,yes,yes
1236,35,26-35,services,married,basic.9y,no,no,no
1237,60,56-65,entrepreneur,married,basic.4y,no,no,no
1238,57,56-65,blue-collar,divorced,professional.course,no,no,no
1239,44,36-45,technician,divorced,unknown,no,no,yes
1240,40,36-45,entrepreneur,married,basic.9y,no,yes,no
1241,46,46-55,technician,divorced,basic.9y,no,yes,no
1242,50,46-55,technician,married,professional.course,unknown,yes,no
1243,57,56-65,services,married,basic.6y,no,no,no
1244,35,26-35,admin.,single,basic.6y,no,yes,no
1245,38,36-45,blue-collar,married,basic.6y,no,no,no
1246,30,26-35,services,divorced,high.school,no,yes,no
1247,25,18-25,services,divorced,high.school,no,no,no
1248,52,46-55,self-employed,single,university.degree,unknown,yes,no
1249,60,56-65,retired,divorced,high.school,no,yes,no
1250,37,36-45,blue-collar,married,professional.course,no,yes,no
1251,33,26-35,services,unknown,high.school,no,yes,yes
1252,32,26-35,technician,married,professional.course,no,yes,yes
1253,37,36-45,blue-collar,married,basic.6y,unknown,no,no
1254,38,36-45,blue-collar,married,basic.6y,unknown,no,no
1255,33,26-35,admin.,married,high.school,no,yes,yes
1256,41,36-45,services,divorced,high.school,no,yes,no
1257,58,56-65,services,married,basic.4y,no,no,no
1258,44,36-45,blue-collar,single,basic.9y,unknown,no,no
1259,33,26-35,admin.,married,high.school,no,yes,no
1260,32,26-35,admin.,married,high.school,no,yes,yes
1261,38,36-45,admin.,married,basic.9y,unknown,no,no
1262,41,36-45,blue-collar,married,professional.course,unknown,yes,no
1263,40,36-45,services,married,basic.9y,unknown,no,no
1264,33,26-35,blue-collar,married,basic.6y,unknown,yes,yes
1265,28,26-35,admin.,single,university.degree,no,yes,no
1266,35,26-35,technician,married,university.degree,no,yes,no
1267,40,36-45,admin.,married,university.degree,unknown,yes,yes
1268,38,36-45,management,married,university.degree,unknown,no,no
1269,40,36-45,admin.,married,high.school,unknown,yes,no
1270,31,26-35,services,married,basic.9y,no,yes,no
1271,35,26-35,technician,single,professional.course,no,yes,no
1272,29,26-35,blue-collar,single,high.school,no,yes,yes
1273,35,26-35,self-employed,married,university.degree,no,no,yes
1274,33,26-35,services,single,basic.6y,unknown,no,no
1275,41,36-45,management,divorced,university.degree,unknown,yes,yes
1276,31,26-35,admin.,single,university.degree,no,no,yes
1277,55,46-55,technician,married,university.degree,no,yes,no
1278,41,36-45,services,married,high.school,no,no,yes
1279,49,46-55,unemployed,married,university.degree,no,yes,yes
1280,39,36-45,services,married,high.school,no,yes,no
1281,34,26-35,blue-collar,divorced,professional.course,no,no,yes
1282,37,36-45,services,married,high.school,no,no,no
1283,45,36-45,blue-collar,married,high.school,no,yes,no
1284,47,46-55,services,single,high.school,no,no,no
1285,56,56-65,entrepreneur,married,university.degree,no,yes,no
1286,43,36-45,management,married,university.degree,no,no,no
1287,29,26-35,admin.,divorced,university.degree,no,no,no
1288,53,46-55,entrepreneur,married,university.degree,no,yes,no
1289,51,46-55,self-employed,married,university.degree,unknown,no,no
1290,29,26-35,entrepreneur,married,university.degree,no,yes,no
1291,28,26-35,technician,single,professional.course,no,yes,yes
1292,31,26-35,blue-collar,single,professional.course,no,no,no
1293,29,26-35,blue-collar,single,basic.6y,no,no,no
1294,40,36-45,blue-collar,single,basic.6y,unknown,no,no
1295,33,26-35,services,single,professional.course,no,no,no
1296,34,26-35,management,divorced,basic.6y,unknown,yes,no
1297,38,36-45,technician,divorced,professional.course,no,yes,no
1298,42,36-45,admin.,single,university.degree,no,no,no
1299,27,26-35,technician,single,high.school,no,yes,no
1300,39,36-45,retired,single,high.school,no,no,no
1301,38,36-45,admin.,married,high.school,no,yes,no
1302,30,26-35,management,married,university.degree,no,yes,no
1303,52,46-55,housemaid,married,university.degree,no,yes,no
1304,32,26-35,blue-collar,married,basic.9y,unknown,no,no
1305,28,26-35,admin.,married,high.school,no,no,no
1306,30,26-35,admin.,married,high.school,no,yes,no
1307,44,36-45,technician,married,professional.course,unknown,no,yes
1308,48,46-55,admin.,married,professional.course,unknown,yes,no
1309,25,18-25,blue-collar,married,professional.course,unknown,no,no
1310,60,56-65,technician,married,university.degree,unknown,yes,no
1311,55,46-55,technician,married,basic.9y,unknown,unknown,unknown
1312,39,36-45,services,single,high.school,no,no,no
1313,39,36-45,management,married,high.school,no,no,no
1314,31,26-35,admin.,married,university.degree,no,yes,no
1315,38,36-45,services,married,high.school,no,no,no
1316,32,26-35,technician,married,university.degree,no,yes,no
1317,53,46-55,housemaid,divorced,basic.6y,unknown,unknown,unknown
1318,37,36-45,admin.,married,high.school,no,unknown,unknown
1319,34,26-35,self-employed,married,professional.course,no,unknown,unknown
1320,39,36-45,unemployed,married,high.school,no,no,no
1321,39,36-45,unemployed,married,high.school,no,yes,no
1322,37,36-45,technician,married,basic.9y,no,no,no
1323,27,26-35,blue-collar,married,university.degree,no,no,yes
1324,32,26-35,unknown,unknown,university.degree,no,no,no
1325,33,26-35,blue-collar,single,basic.9y,no,yes,no
1326,47,46-55,blue-collar,single,basic.4y,no,no,no
1327,38,36-45,blue-collar,married,basic.4y,unknown,yes,yes
1328,33,26-35,services,married,high.school,unknown,no,no
1329,51,46-55,services,married,high.school,no,yes,no
1330,41,36-45,blue-collar,single,basic.9y,no,yes,no
1331,51,46-55,blue-collar,married,high.school,no,no,no
1332,55,46-55,services,married,high.school,no,yes,no
1333,39,36-45,admin.,single,high.school,no,yes,no
1334,37,36-45,self-employed,married,basic.9y,no,yes,yes
1335,39,36-45,blue-collar,married,basic.9y,no,yes,no
1336,59,56-65,management,married,university.degree,no,no,no
1337,55,46-55,technician,married,basic.9y,unknown,yes,no
1338,36,36-45,services,married,basic.6y,no,no,no
1339,56,56-65,housemaid,divorced,high.school,no,no,no
1340,38,36-45,management,married,basic.9y,unknown,no,no
1341,28,26-35,services,married,high.school,unknown,no,no
1342,30,26-35,blue-collar,married,basic.9y,no,yes,no
1343,45,36-45,management,married,basic.4y,unknown,yes,no
1344,60,56-65,housemaid,married,high.school,unknown,no,no
1345,39,36-45,unemployed,single,basic.9y,unknown,yes,no
1346,56,56-65,services,married,basic.4y,unknown,yes,yes
1347,46,46-55,admin.,married,university.degree,no,yes,yes
1348,28,26-35,technician,single,university.degree,unknown,no,no
1349,41,36-45,admin.,single,university.degree,no,no,no
1350,33,26-35,admin.,divorced,basic.9y,no,no,no
1351,43,36-45,admin.,married,university.degree,unknown,yes,no
1352,43,36-45,admin.,married,university.degree,unknown,no,no
1353,47,46-55,unemployed,married,high.school,unknown,yes,no
1354,31,26-35,blue-collar,married,basic.4y,no,no,no
1355,35,26-35,blue-collar,married,basic.6y,no,unknown,unknown
1356,58,56-65,blue-collar,married,basic.4y,unknown,no,no
1357,35,26-35,blue-collar,married,professional.course,no,yes,yes
1358,25,18-25,admin.,married,high.school,no,no,no
1359,39,36-45,admin.,married,basic.9y,no,no,no
1360,37,36-45,blue-collar,married,basic.9y,no,yes,yes
1361,36,36-45,unemployed,divorced,professional.course,unknown,yes,no
1362,45,36-45,unemployed,married,high.school,unknown,yes,no
1363,60,56-65,retired,married,high.school,no,no,no
1364,37,36-45,admin.,divorced,university.degree,no,no,no
1365,28,26-35,services,single,high.school,no,yes,yes
1366,45,36-45,admin.,married,basic.9y,unknown,yes,no
1367,31,26-35,entrepreneur,single,basic.9y,no,no,no
1368,49,46-55,unemployed,single,professional.course,unknown,no,no
1369,46,46-55,unknown,married,basic.4y,unknown,no,no
1370,36,36-45,services,divorced,university.degree,no,no,no
1371,33,26-35,technician,divorced,professional.course,no,yes,no
1372,27,26-35,services,single,high.school,unknown,no,no
1373,60,56-65,retired,married,university.degree,unknown,no,no
1374,60,56-65,retired,married,university.degree,unknown,yes,no
1375,56,56-65,admin.,single,high.school,no,no,no
1376,39,36-45,admin.,married,university.degree,no,yes,no
1377,35,26-35,entrepreneur,married,basic.9y,no,no,no
1378,35,26-35,technician,divorced,high.school,no,no,no
1379,58,56-65,management,married,unknown,unknown,yes,no
1380,29,26-35,management,single,university.degree,no,yes,no
1381,32,26-35,blue-collar,married,high.school,no,no,yes
1382,35,26-35,management,married,university.degree,no,yes,yes
1383,26,26-35,admin.,married,high.school,no,yes,yes
1384,39,36-45,blue-collar,divorced,basic.9y,no,yes,no
1385,49,46-55,blue-collar,married,basic.6y,unknown,yes,no
1386,31,26-35,admin.,married,high.school,unknown,no,no
1387,31,26-35,entrepreneur,married,basic.9y,unknown,no,no
1388,36,36-45,management,married,basic.9y,no,no,no
1389,52,46-55,management,married,professional.course,no,no,no
1390,37,36-45,blue-collar,single,unknown,unknown,no,no
1391,40,36-45,blue-collar,divorced,basic.9y,no,no,no
1392,36,36-45,blue-collar,single,basic.4y,no,no,no
1393,34,26-35,technician,single,professional.course,unknown,no,no
1394,39,36-45,management,single,university.degree,no,no,no
1395,58,56-65,retired,divorced,university.degree,no,yes,no
1396,29,26-35,blue-collar,single,basic.9y,no,no,no
1397,39,36-45,admin.,married,high.school,no,no,no
1398,60,56-65,management,married,university.degree,unknown,no,no
1399,49,46-55,admin.,divorced,high.school,no,yes,no
1400,45,36-45,unemployed,married,high.school,unknown,no,no
1401,32,26-35,blue-collar,married,high.school,unknown,yes,no
1402,46,46-55,services,married,professional.course,no,no,no
1403,28,26-35,services,single,basic.9y,unknown,no,no
1404,50,46-55,services,single,high.school,no,no,no
1405,35,26-35,admin.,married,professional.course,no,yes,yes
1406,24,18-25,services,single,high.school,no,yes,no
1407,51,46-55,blue-collar,married,basic.9y,no,no,yes
1408,59,56-65,admin.,married,university.degree,no,no,yes
1409,36,36-45,unemployed,single,basic.4y,unknown,no,no
1410,30,26-35,blue-collar,single,basic.9y,no,yes,no
1411,49,46-55,admin.,married,university.degree,unknown,no,no
1412,25,18-25,technician,single,professional.course,no,yes,yes
1413,35,26-35,unemployed,married,basic.9y,unknown,no,no
1414,43,36-45,entrepreneur,married,high.school,unknown,yes,no
1415,37,36-45,technician,married,professional.course,unknown,yes,no
1416,32,26-35,admin.,divorced,high.school,no,yes,no
1417,33,26-35,blue-collar,single,high.school,no,no,no
1418,37,36-45,admin.,married,high.school,no,yes,yes
1419,35,26-35,admin.,married,high.school,no,no,no
1420,50,46-55,admin.,married,high.school,unknown,yes,yes
1421,48,46-55,admin.,married,high.school,no,yes,yes
1422,50,46-55,management,single,university.degree,no,yes,yes
1423,39,36-45,technician,divorced,professional.course,no,yes,no
1424,29,26-35,admin.,married,high.school,no,no,no
1425,41,36-45,admin.,single,university.degree,no,yes,no
1426,46,46-55,blue-collar,married,basic.4y,no,yes,no
1427,42,36-45,admin.,single,basic.9y,no,no,no
1428,37,36-45,housemaid,married,high.school,unknown,no,yes
1429,24,18-25,services,single,high.school,no,no,yes
1430,30,26-35,blue-collar,married,basic.6y,unknown,yes,no
1431,53,46-55,management,married,basic.4y,no,yes,no
1432,36,36-45,entrepreneur,married,university.degree,no,no,yes
1433,49,46-55,entrepreneur,married,high.school,no,no,no
1434,41,36-45,blue-collar,married,high.school,no,yes,no
1435,40,36-45,admin.,married,high.school,no,yes,yes
1436,40,36-45,housemaid,married,basic.4y,no,yes,yes
1437,25,18-25,admin.,single,high.school,no,yes,no
1438,34,26-35,technician,married,professional.course,no,yes,yes
1439,28,26-35,blue-collar,single,basic.6y,no,no,no
1440,39,36-45,admin.,married,basic.9y,no,yes,no
1441,34,26-35,technician,married,professional.course,no,no,yes
1442,60,56-65,technician,divorced,professional.course,unknown,yes,no
1443,32,26-35,retired,married,high.school,no,no,no
1444,40,36-45,housemaid,divorced,high.school,no,no,no
1445,56,56-65,blue-collar,married,basic.6y,unknown,no,no
1446,27,26-35,entrepreneur,married,university.degree,no,no,no
1447,33,26-35,blue-collar,single,basic.9y,unknown,yes,yes
1448,36,36-45,technician,married,professional.course,no,no,yes
1449,47,46-55,blue-collar,married,basic.4y,no,no,no
1450,47,46-55,blue-collar,married,basic.4y,no,yes,no
1451,40,36-45,unemployed,married,basic.9y,no,yes,yes
1452,37,36-45,housemaid,married,basic.4y,unknown,yes,yes
1453,58,56-65,blue-collar,married,basic.9y,no,no,no
1454,32,26-35,admin.,married,university.degree,no,no,yes
1455,34,26-35,blue-collar,married,basic.9y,unknown,yes,no
1456,30,26-35,technician,married,professional.course,no,yes,no
1457,52,46-55,admin.,married,university.degree,no,no,no
1458,46,46-55,blue-collar,divorced,basic.9y,no,yes,no
1459,53,46-55,self-employed,married,university.degree,no,no,no
1460,51,46-55,technician,married,professional.course,no,no,no
1461,45,36-45,admin.,married,high.school,no,no,yes
1462,34,26-35,admin.,married,high.school,no,yes,yes
1463,25,18-25,blue-collar,single,basic.4y,no,yes,no
1464,41,36-45,management,married,unknown,no,yes,no
1465,25,18-25,blue-collar,single,basic.4y,no,no,no
1466,44,36-45,admin.,married,basic.9y,no,no,no
1467,39,36-45,technician,divorced,professional.course,no,no,no
1468,52,46-55,management,married,high.school,unknown,yes,no
1469,42,36-45,admin.,divorced,university.degree,no,yes,no
1470,30,26-35,technician,married,university.degree,no,no,no
1471,49,46-55,services,married,high.school,no,yes,no
1472,44,36-45,blue-collar,single,basic.6y,unknown,yes,no
1473,41,36-45,technician,married,university.degree,no,yes,no
1474,27,26-35,services,single,high.school,no,yes,no
1475,29,26-35,management,single,university.degree,no,no,no
1476,32,26-35,technician,single,university.degree,no,no,no
1477,37,36-45,blue-collar,single,high.school,no,no,no
1478,26,26-35,admin.,married,university.degree,no,yes,yes
1479,33,26-35,management,single,university.degree,no,yes,yes
1480,45,36-45,blue-collar,married,basic.4y,unknown,yes,yes
1481,50,46-55,unemployed,married,basic.9y,no,yes,no
1482,47,46-55,management,divorced,basic.4y,no,no,no
1483,40,36-45,technician,married,university.degree,no,no,no
1484,45,36-45,services,married,high.school,no,no,no
1485,52,46-55,blue-collar,married,basic.9y,unknown,yes,no
1486,43,36-45,management,married,unknown,no,no,no
1487,43,36-45,blue-collar,single,basic.9y,no,yes,no
1488,28,26-35,blue-collar,single,basic.9y,no,yes,no
1489,26,26-35,technician,married,high.school,no,yes,no
1490,56,56-65,admin.,married,university.degree,no,no,no
1491,37,36-45,entrepreneur,single,university.degree,no,no,no
1492,43,36-45,technician,single,professional.course,no,no,no
1493,41,36-45,housemaid,married,high.school,no,yes,no
1494,55,46-55,unemployed,single,basic.4y,unknown,unknown,unknown
1495,29,26-35,unknown,married,university.degree,no,unknown,unknown
1496,31,26-35,services,married,high.school,no,yes,no
1497,38,36-45,blue-collar,single,basic.9y,unknown,yes,no
1498,56,56-65,admin.,married,high.school,no,yes,no
1499,36,36-45,entrepreneur,married,unknown,unknown,yes,no
1500,54,46-55,management,married,basic.4y,unknown,no,no
1501,28,26-35,services,single,basic.9y,unknown,yes,no
1502,59,56-65,admin.,married,university.degree,no,yes,no
1503,46,46-55,blue-collar,married,professional.course,no,yes,no
1504,25,18-25,blue-collar,married,basic.9y,no,yes,no
1505,33,26-35,admin.,divorced,university.degree,no,no,yes
1506,27,26-35,admin.,married,university.degree,no,yes,no
1507,33,26-35,admin.,divorced,university.degree,no,no,no
1508,56,56-65,blue-collar,married,basic.4y,unknown,yes,no
1509,25,18-25,admin.,married,high.school,no,yes,no
1510,30,26-35,housemaid,married,high.school,unknown,yes,no
1511,38,36-45,blue-collar,divorced,basic.9y,no,no,yes
1512,37,36-45,self-employed,single,university.degree,unknown,yes,no
1513,58,56-65,entrepreneur,married,university.degree,unknown,no,no
1514,36,36-45,technician,single,professional.course,unknown,no,no
1515,52,46-55,management,married,professional.course,no,unknown,unknown
1516,33,26-35,technician,single,high.school,no,no,yes
1517,29,26-35,blue-collar,single,high.school,unknown,no,no
1518,34,26-35,blue-collar,married,basic.9y,no,yes,no
1519,50,46-55,management,single,university.degree,no,yes,no
1520,28,26-35,blue-collar,married,basic.9y,unknown,yes,no
1521,56,56-65,services,married,high.school,unknown,yes,no
1522,33,26-35,admin.,married,high.school,unknown,yes,no
1523,50,46-55,retired,married,basic.4y,unknown,yes,no
1524,29,26-35,admin.,single,basic.9y,unknown,no,no
1525,30,26-35,technician,married,professional.course,no,no,yes
1526,46,46-55,blue-collar,married,basic.9y,no,yes,yes
1527,26,26-35,admin.,single,high.school,unknown,yes,no
1528,34,26-35,admin.,single,basic.9y,no,no,no
1529,46,46-55,self-employed,married,basic.9y,unknown,yes,no
1530,33,26-35,management,married,high.school,no,yes,no
1531,50,46-55,housemaid,divorced,high.school,no,no,no
1532,31,26-35,technician,single,basic.9y,unknown,no,no
1533,48,46-55,blue-collar,married,professional.course,no,no,no
1534,57,56-65,entrepreneur,married,high.school,unknown,yes,no
1535,45,36-45,admin.,divorced,basic.9y,unknown,no,no
1536,50,46-55,services,married,professional.course,unknown,yes,no
1537,44,36-45,unknown,single,basic.9y,unknown,unknown,unknown
1538,44,36-45,services,married,high.school,no,no,no
1539,32,26-35,services,married,high.school,no,yes,no
1540,37,36-45,housemaid,single,basic.9y,unknown,yes,yes
1541,27,26-35,services,married,basic.9y,no,yes,no
1542,40,36-45,housemaid,single,university.degree,no,yes,no
1543,39,36-45,services,married,high.school,unknown,no,yes
1544,25,18-25,blue-collar,married,basic.9y,no,no,no
1545,29,26-35,services,married,basic.9y,no,no,no
1546,44,36-45,technician,single,professional.course,no,no,no
1547,33,26-35,admin.,single,university.degree,no,yes,no
1548,33,26-35,blue-collar,married,basic.4y,no,yes,no
1549,40,36-45,blue-collar,married,high.school,no,no,no
1550,41,36-45,blue-collar,married,basic.6y,unknown,no,no
1551,33,26-35,services,married,high.school,no,yes,no
1552,48,46-55,admin.,married,basic.9y,no,no,yes
1553,44,36-45,services,divorced,high.school,unknown,yes,no
1554,50,46-55,blue-collar,divorced,basic.9y,no,no,no
1555,35,26-35,self-employed,married,professional.course,no,no,no
1556,51,46-55,entrepreneur,married,basic.4y,unknown,no,no
1557,24,18-25,blue-collar,married,basic.9y,no,yes,yes
1558,32,26-35,management,married,high.school,no,yes,no
1559,56,56-65,services,divorced,high.school,unknown,no,no
1560,50,46-55,technician,married,university.degree,no,yes,no
1561,38,36-45,blue-collar,married,high.school,no,no,no
1562,25,18-25,self-employed,single,university.degree,no,unknown,unknown
1563,28,26-35,services,single,high.school,no,unknown,unknown
1564,34,26-35,blue-collar,married,unknown,unknown,unknown,unknown
1565,27,26-35,services,single,high.school,no,no,no
1566,39,36-45,housemaid,married,basic.4y,no,yes,yes
1567,26,26-35,entrepreneur,married,unknown,no,no,no
1568,37,36-45,blue-collar,married,basic.6y,unknown,yes,yes
1569,25,18-25,student,single,high.school,no,no,no
1570,46,46-55,housemaid,married,basic.9y,no,no,no
1571,53,46-55,admin.,divorced,high.school,no,yes,no
1572,32,26-35,unemployed,married,basic.9y,no,no,no
1573,43,36-45,services,divorced,basic.9y,no,yes,no
1574,38,36-45,technician,single,professional.course,no,yes,no
1575,26,26-35,technician,married,professional.course,no,yes,no
1576,52,46-55,blue-collar,single,basic.9y,unknown,yes,no
1577,54,46-55,admin.,married,basic.4y,unknown,no,no
1578,51,46-55,services,married,professional.course,unknown,no,no
1579,42,36-45,admin.,married,basic.9y,no,yes,no
1580,41,36-45,management,single,unknown,no,no,no
1581,26,26-35,services,single,high.school,no,no,no
1582,38,36-45,housemaid,married,basic.6y,unknown,yes,no
1583,54,46-55,technician,married,unknown,unknown,no,no
1584,41,36-45,blue-collar,divorced,basic.4y,no,no,no
1585,26,26-35,blue-collar,single,high.school,no,no,no
1586,43,36-45,management,married,basic.4y,no,yes,no
1587,35,26-35,technician,divorced,professional.course,no,no,yes
1588,52,46-55,technician,married,university.degree,no,no,no
1589,43,36-45,blue-collar,married,basic.4y,no,yes,no
1590,44,36-45,blue-collar,married,basic.9y,unknown,yes,no
1591,49,46-55,blue-collar,married,professional.course,unknown,no,no
1592,29,26-35,blue-collar,married,professional.course,unknown,yes,no
1593,41,36-45,admin.,single,university.degree,unknown,no,no
1594,47,46-55,admin.,married,university.degree,no,yes,no
1595,38,36-45,blue-collar,married,basic.6y,unknown,yes,no
1596,36,36-45,technician,married,high.school,no,yes,no
1597,46,46-55,technician,divorced,professional.course,no,yes,no
1598,47,46-55,services,divorced,high.school,no,yes,no
1599,47,46-55,blue-collar,single,basic.4y,no,yes,no
1600,42,36-45,management,married,university.degree,unknown,yes,no
1601,33,26-35,unemployed,married,professional.course,unknown,yes,no
1602,48,46-55,entrepreneur,married,high.school,no,yes,no
1603,53,46-55,technician,single,professional.course,no,yes,no
1604,57,56-65,blue-collar,married,unknown,unknown,unknown,unknown
1605,34,26-35,services,married,high.school,unknown,yes,no
1606,51,46-55,services,divorced,professional.course,no,yes,no
1607,44,36-45,blue-collar,married,basic.6y,no,yes,no
1608,48,46-55,admin.,married,university.degree,no,no,yes
1609,59,56-65,retired,married,university.degree,unknown,no,no
1610,44,36-45,admin.,single,high.school,no,no,no
1611,50,46-55,blue-collar,married,basic.9y,unknown,yes,no
1612,35,26-35,services,married,high.school,no,yes,no
1613,55,46-55,admin.,married,high.school,no,yes,yes
1614,36,36-45,management,divorced,high.school,no,no,no
1615,45,36-45,management,married,basic.9y,no,yes,yes
1616,43,36-45,blue-collar,married,basic.6y,unknown,yes,no
1617,36,36-45,entrepreneur,married,university.degree,no,yes,no
1618,55,46-55,technician,divorced,professional.course,unknown,yes,no
1619,54,46-55,services,married,basic.4y,unknown,yes,no
1620,39,36-45,housemaid,married,university.degree,no,yes,no
1621,40,36-45,technician,married,professional.course,unknown,no,no
1622,49,46-55,services,married,high.school,unknown,unknown,unknown
1623,49,46-55,management,divorced,high.school,unknown,yes,no
1624,49,46-55,management,divorced,high.school,unknown,no,no
1625,59,56-65,retired,single,university.degree,no,no,no
1626,44,36-45,blue-collar,married,professional.course,no,no,no
1627,43,36-45,management,married,basic.6y,unknown,no,no
1628,59,56-65,blue-collar,married,basic.4y,unknown,no,no
1629,36,36-45,unemployed,married,unknown,unknown,no,no
1630,49,46-55,technician,divorced,basic.9y,unknown,yes,no
1631,39,36-45,entrepreneur,divorced,high.school,no,no,no
1632,42,36-45,blue-collar,married,professional.course,no,yes,no
1633,29,26-35,management,single,university.degree,no,yes,yes
1634,29,26-35,student,single,high.school,unknown,no,no
1635,34,26-35,management,married,university.degree,unknown,no,no
1636,51,46-55,blue-collar,married,basic.4y,no,yes,yes
1637,33,26-35,blue-collar,married,professional.course,no,no,no
1638,39,36-45,admin.,married,university.degree,no,no,no
1639,47,46-55,technician,divorced,university.degree,no,no,no
1640,26,26-35,technician,married,university.degree,no,no,no
1641,26,26-35,self-employed,married,university.degree,no,no,no
1642,52,46-55,entrepreneur,married,university.degree,unknown,no,no
1643,39,36-45,blue-collar,divorced,high.school,no,no,no
1644,31,26-35,blue-collar,married,basic.4y,unknown,no,no
1645,56,56-65,housemaid,divorced,basic.4y,unknown,no,no
1646,29,26-35,technician,single,university.degree,no,no,no
1647,36,36-45,technician,married,university.degree,no,yes,yes
1648,40,36-45,housemaid,single,university.degree,no,no,yes
1649,34,26-35,technician,single,university.degree,unknown,no,no
1650,56,56-65,entrepreneur,married,basic.4y,no,no,no
1651,46,46-55,blue-collar,married,basic.4y,unknown,no,yes
1652,38,36-45,services,divorced,high.school,no,no,no
1653,42,36-45,management,married,university.degree,no,yes,no
1654,40,36-45,services,married,high.school,unknown,no,no
1655,47,46-55,blue-collar,married,basic.4y,unknown,no,no
1656,44,36-45,blue-collar,married,professional.course,unknown,yes,no
1657,48,46-55,services,married,high.school,no,no,no
1658,36,36-45,blue-collar,single,basic.9y,no,yes,no
1659,31,26-35,blue-collar,married,basic.9y,unknown,yes,no
1660,40,36-45,self-employed,married,university.degree,unknown,no,no
1661,33,26-35,entrepreneur,married,high.school,no,no,no
1662,48,46-55,unemployed,married,high.school,unknown,yes,yes
1663,39,36-45,technician,married,professional.course,no,yes,no
1664,41,36-45,admin.,married,university.degree,no,yes,yes
1665,28,26-35,management,single,unknown,no,no,no
1666,34,26-35,housemaid,married,university.degree,no,no,no
1667,41,36-45,admin.,single,unknown,no,yes,yes
1668,27,26-35,admin.,single,high.school,unknown,unknown,unknown
1669,27,26-35,blue-collar,married,basic.9y,unknown,no,no
1670,30,26-35,technician,single,professional.course,no,no,no
1671,38,36-45,blue-collar,married,professional.course,no,no,no
1672,37,36-45,entrepreneur,single,university.degree,no,yes,no
1673,34,26-35,admin.,single,university.degree,no,yes,no
1674,33,26-35,technician,married,basic.9y,no,yes,no
1675,36,36-45,blue-collar,single,basic.9y,unknown,yes,no
1676,33,26-35,technician,married,basic.9y,no,no,no
1677,28,26-35,student,single,university.degree,unknown,yes,no
1678,50,46-55,management,divorced,professional.course,no,no,no
1679,45,36-45,blue-collar,married,basic.4y,no,no,no
1680,36,36-45,admin.,married,university.degree,no,no,no
1681,30,26-35,blue-collar,single,basic.9y,unknown,unknown,unknown
1682,41,36-45,blue-collar,married,basic.9y,unknown,no,no
1683,34,26-35,blue-collar,single,basic.6y,unknown,yes,no
1684,57,56-65,retired,single,high.school,no,no,no
1685,50,46-55,blue-collar,married,high.school,unknown,no,no
1686,57,56-65,retired,single,high.school,no,yes,yes
1687,44,36-45,blue-collar,married,basic.4y,no,yes,yes
1688,57,56-65,retired,single,high.school,no,unknown,unknown
1689,46,46-55,technician,married,basic.9y,no,no,no
1690,44,36-45,services,married,basic.4y,unknown,yes,no
1691,32,26-35,blue-collar,single,basic.9y,no,no,no
1692,41,36-45,entrepreneur,married,basic.6y,no,no,no
1693,38,36-45,unemployed,married,basic.9y,unknown,no,no
1694,30,26-35,blue-collar,single,basic.9y,no,yes,yes
1695,37,36-45,blue-collar,divorced,basic.4y,unknown,yes,no
1696,52,46-55,management,married,university.degree,unknown,no,no
1697,50,46-55,management,married,basic.9y,no,no,no
1698,53,46-55,retired,divorced,basic.4y,no,no,no
1699,51,46-55,technician,married,professional.course,no,yes,yes
1700,40,36-45,admin.,single,university.degree,no,yes,no
1701,42,36-45,unemployed,married,basic.4y,unknown,yes,no
1702,33,26-35,blue-collar,married,basic.9y,unknown,yes,no
1703,37,36-45,self-employed,divorced,university.degree,no,yes,yes
1704,37,36-45,self-employed,divorced,university.degree,no,yes,no
1705,30,26-35,admin.,single,high.school,no,unknown,unknown
1706,32,26-35,services,married,high.school,no,unknown,unknown
1707,39,36-45,technician,married,university.degree,no,yes,no
1708,54,46-55,retired,divorced,professional.course,no,no,no
1709,26,26-35,services,divorced,professional.course,no,no,no
1710,54,46-55,blue-collar,married,professional.course,unknown,yes,yes
1711,45,36-45,management,married,professional.course,no,no,no
1712,41,36-45,blue-collar,divorced,basic.6y,no,yes,no
1713,35,26-35,admin.,single,university.degree,no,no,yes
1714,34,26-35,self-employed,married,university.degree,no,yes,yes
1715,35,26-35,admin.,married,high.school,unknown,no,no
1716,39,36-45,technician,married,basic.6y,no,no,yes
1717,58,56-65,management,married,university.degree,no,no,no
1718,34,26-35,blue-collar,married,basic.9y,no,no,yes
1719,37,36-45,admin.,married,basic.4y,no,yes,no
1720,31,26-35,blue-collar,married,basic.9y,no,unknown,unknown
1721,56,56-65,admin.,married,basic.9y,unknown,no,no
1722,39,36-45,services,married,professional.course,no,no,no
1723,31,26-35,services,single,high.school,no,unknown,unknown
1724,41,36-45,management,married,high.school,no,no,no
1725,40,36-45,admin.,married,basic.9y,unknown,yes,yes
1726,40,36-45,services,married,high.school,unknown,yes,no
1727,29,26-35,blue-collar,married,basic.9y,no,no,no
1728,31,26-35,blue-collar,single,high.school,unknown,yes,no
1729,47,46-55,blue-collar,married,basic.4y,no,unknown,unknown
1730,37,36-45,admin.,married,unknown,no,no,no
1731,32,26-35,unemployed,married,basic.9y,no,unknown,unknown
1732,56,56-65,admin.,married,high.school,no,yes,yes
1733,47,46-55,blue-collar,divorced,basic.4y,no,no,yes
1734,54,46-55,technician,married,university.degree,unknown,no,yes
1735,41,36-45,blue-collar,married,basic.4y,unknown,no,no
1736,44,36-45,blue-collar,married,high.school,unknown,yes,no
1737,41,36-45,admin.,single,university.degree,unknown,yes,yes
1738,57,56-65,services,divorced,high.school,no,no,no
1739,44,36-45,blue-collar,married,high.school,no,no,no
1740,42,36-45,admin.,single,unknown,no,no,no
1741,54,46-55,unknown,married,unknown,unknown,no,no
1742,37,36-45,technician,married,basic.9y,unknown,yes,no
1743,52,46-55,housemaid,married,basic.4y,unknown,yes,no
1744,40,36-45,blue-collar,divorced,basic.6y,no,no,no
1745,45,36-45,entrepreneur,married,basic.9y,no,no,no
1746,39,36-45,admin.,married,high.school,no,unknown,unknown
1747,45,36-45,admin.,divorced,university.degree,unknown,yes,no
1748,26,26-35,admin.,single,high.school,no,yes,no
1749,36,36-45,blue-collar,single,basic.4y,no,yes,no
1750,38,36-45,management,married,university.degree,no,yes,no
1751,36,36-45,admin.,single,high.school,no,yes,yes
1752,31,26-35,unemployed,single,professional.course,no,no,no
1753,51,46-55,entrepreneur,divorced,unknown,no,yes,no
1754,25,18-25,services,married,high.school,no,yes,no
1755,40,36-45,housemaid,single,university.degree,no,no,no
1756,29,26-35,management,married,university.degree,no,no,no
1757,57,56-65,blue-collar,married,professional.course,unknown,unknown,unknown
1758,53,46-55,blue-collar,married,basic.9y,unknown,no,no
1759,30,26-35,admin.,married,university.degree,no,yes,no
1760,38,36-45,blue-collar,married,basic.6y,no,yes,no
1761,35,26-35,admin.,single,university.degree,no,yes,no
1762,55,46-55,unemployed,married,basic.4y,unknown,yes,no
1763,59,56-65,housemaid,married,basic.4y,unknown,no,yes
1764,28,26-35,blue-collar,single,basic.9y,no,unknown,unknown
1765,37,36-45,services,married,basic.9y,no,yes,no
1766,35,26-35,blue-collar,married,basic.6y,unknown,no,no
1767,30,26-35,admin.,single,high.school,no,yes,yes
1768,53,46-55,admin.,married,high.school,no,yes,no
1769,51,46-55,unemployed,married,basic.9y,unknown,yes,no
1770,54,46-55,retired,divorced,basic.4y,no,yes,no
1771,45,36-45,services,single,professional.course,unknown,no,no
1772,46,46-55,management,single,university.degree,no,no,no
1773,57,56-65,admin.,divorced,university.degree,no,yes,no
1774,34,26-35,admin.,divorced,university.degree,no,no,no
1775,33,26-35,housemaid,married,basic.4y,no,no,no
1776,48,46-55,admin.,married,high.school,no,yes,no
1777,37,36-45,unknown,married,university.degree,no,no,yes
1778,33,26-35,self-employed,married,university.degree,no,yes,no
1779,36,36-45,admin.,single,university.degree,no,no,yes
1780,48,46-55,unknown,married,basic.4y,unknown,no,no
1781,30,26-35,admin.,single,university.degree,no,yes,no
1782,31,26-35,management,single,university.degree,no,no,no
1783,51,46-55,unemployed,married,basic.9y,unknown,no,no
1784,26,26-35,admin.,married,high.school,unknown,no,no
1785,51,46-55,blue-collar,divorced,basic.4y,no,no,no
1786,34,26-35,entrepreneur,married,professional.course,no,yes,no
1787,39,36-45,admin.,single,high.school,unknown,no,no
1788,57,56-65,blue-collar,married,basic.4y,unknown,no,yes
1789,33,26-35,technician,divorced,high.school,no,no,no
1790,33,26-35,management,married,basic.4y,no,yes,yes
1791,22,18-25,blue-collar,single,basic.6y,unknown,unknown,unknown
1792,38,36-45,admin.,married,university.degree,no,unknown,unknown
1793,56,56-65,technician,married,basic.4y,unknown,unknown,unknown
1794,28,26-35,admin.,married,university.degree,no,yes,no
1795,53,46-55,technician,married,professional.course,unknown,yes,no
1796,39,36-45,self-employed,married,basic.4y,unknown,yes,no
1797,33,26-35,technician,divorced,professional.course,no,no,no
1798,38,36-45,management,married,basic.9y,no,yes,no
1799,28,26-35,blue-collar,married,basic.9y,unknown,no,no
1800,30,26-35,technician,single,university.degree,unknown,no,no
1801,37,36-45,admin.,single,university.degree,no,no,no
1802,42,36-45,housemaid,married,high.school,unknown,yes,no
1803,35,26-35,services,single,high.school,no,no,yes
1804,48,46-55,admin.,divorced,high.school,no,no,yes
1805,26,26-35,blue-collar,married,basic.9y,no,no,no
1806,26,26-35,blue-collar,single,high.school,unknown,no,no
1807,47,46-55,blue-collar,married,basic.4y,unknown,no,yes
1808,58,56-65,retired,married,unknown,no,unknown,unknown
1809,40,36-45,technician,divorced,university.degree,no,yes,no
1810,34,26-35,admin.,married,professional.course,no,yes,no
1811,28,26-35,technician,married,high.school,no,no,no
1812,36,36-45,services,single,basic.9y,no,yes,yes
1813,42,36-45,admin.,single,high.school,no,no,no
1814,48,46-55,self-employed,married,basic.9y,unknown,yes,no
1815,42,36-45,technician,married,basic.6y,no,yes,no
1816,53,46-55,technician,married,professional.course,unknown,yes,yes
1817,30,26-35,unknown,single,university.degree,no,no,no
1818,34,26-35,admin.,married,university.degree,no,no,no
1819,48,46-55,technician,married,high.school,no,no,no
1820,49,46-55,services,divorced,basic.9y,no,yes,no
1821,48,46-55,technician,married,high.school,no,no,yes
1822,38,36-45,blue-collar,single,university.degree,unknown,no,no
1823,36,36-45,blue-collar,married,basic.9y,unknown,no,yes
1824,44,36-45,blue-collar,divorced,basic.4y,unknown,yes,no
1825,50,46-55,self-employed,married,university.degree,no,yes,yes
1826,41,36-45,technician,married,professional.course,no,yes,no
1827,34,26-35,services,married,basic.9y,unknown,yes,no
1828,37,36-45,blue-collar,married,professional.course,no,no,yes
1829,35,26-35,admin.,divorced,university.degree,no,no,yes
1830,32,26-35,unknown,married,basic.6y,unknown,no,no
1831,32,26-35,admin.,divorced,high.school,no,no,no
1832,39,36-45,self-employed,single,university.degree,no,no,no
1833,36,36-45,admin.,married,high.school,no,no,yes
1834,46,46-55,entrepreneur,married,university.degree,no,yes,no
1835,56,56-65,entrepreneur,married,university.degree,no,no,no
1836,37,36-45,technician,single,basic.9y,unknown,no,yes
1837,37,36-45,technician,single,basic.9y,unknown,no,no
1838,52,46-55,services,married,unknown,unknown,no,no
1839,39,36-45,services,married,unknown,unknown,no,no
1840,51,46-55,technician,married,professional.course,unknown,no,no
1841,34,26-35,technician,married,high.school,no,no,yes
1842,28,26-35,blue-collar,married,basic.9y,no,yes,no
1843,43,36-45,self-employed,single,professional.course,unknown,yes,yes
1844,41,36-45,technician,single,professional.course,no,yes,no
1845,54,46-55,technician,married,professional.course,no,no,yes
1846,47,46-55,admin.,married,university.degree,unknown,no,no
1847,35,26-35,services,divorced,professional.course,unknown,no,no
1848,56,56-65,admin.,divorced,unknown,unknown,yes,yes
1849,36,36-45,admin.,married,high.school,unknown,no,no
1850,38,36-45,technician,single,university.degree,no,yes,yes
1851,37,36-45,blue-collar,married,professional.course,unknown,no,no
1852,45,36-45,admin.,single,university.degree,no,no,yes
1853,48,46-55,services,married,high.school,unknown,no,no
1854,38,36-45,technician,single,university.degree,no,no,no
1855,38,36-45,blue-collar,single,university.degree,unknown,yes,no
1856,42,36-45,blue-collar,married,basic.4y,no,no,no
1857,56,56-65,admin.,married,unknown,unknown,yes,no
1858,60,56-65,retired,married,basic.4y,unknown,no,no
1859,47,46-55,admin.,married,high.school,unknown,yes,no
1860,55,46-55,blue-collar,married,basic.4y,unknown,yes,yes
1861,45,36-45,technician,married,university.degree,unknown,yes,no
1862,32,26-35,blue-collar,married,basic.6y,no,no,yes
1863,37,36-45,blue-collar,married,professional.course,unknown,yes,yes
1864,30,26-35,technician,married,university.degree,no,yes,no
1865,36,36-45,blue-collar,married,high.school,no,no,yes
1866,46,46-55,housemaid,married,basic.4y,no,no,yes
1867,48,46-55,blue-collar,divorced,basic.4y,unknown,no,no
1868,47,46-55,services,married,high.school,unknown,no,no
1869,41,36-45,blue-collar,married,basic.4y,unknown,yes,no
1870,53,46-55,retired,single,professional.course,unknown,yes,no
1871,55,46-55,retired,married,basic.4y,unknown,yes,no
1872,44,36-45,management,married,university.degree,unknown,no,no
1873,50,46-55,services,married,unknown,unknown,no,no
1874,42,36-45,unemployed,single,university.degree,no,no,no
1875,55,46-55,retired,married,basic.6y,unknown,no,no
1876,47,46-55,blue-collar,married,basic.4y,no,yes,yes
1877,31,26-35,services,married,basic.6y,unknown,no,no
1878,49,46-55,self-employed,married,professional.course,no,yes,no
1879,33,26-35,self-employed,divorced,basic.9y,no,yes,no
1880,27,26-35,admin.,single,university.degree,no,yes,yes
1881,34,26-35,management,divorced,university.degree,no,yes,no
1882,45,36-45,technician,single,professional.course,no,no,no
1883,28,26-35,admin.,single,unknown,no,no,no
1884,58,56-65,retired,married,professional.course,unknown,no,yes
1885,48,46-55,blue-collar,married,unknown,unknown,no,no
1886,57,56-65,admin.,divorced,basic.9y,unknown,no,no
1887,28,26-35,admin.,married,university.degree,no,unknown,unknown
1888,49,46-55,blue-collar,married,basic.9y,unknown,no,no
1889,60,56-65,retired,married,university.degree,unknown,unknown,unknown
1890,39,36-45,services,divorced,basic.9y,no,no,no
1891,40,36-45,self-employed,married,professional.course,no,no,no
1892,58,56-65,unknown,married,basic.4y,no,no,yes
1893,42,36-45,admin.,married,basic.6y,no,no,no
1894,42,36-45,blue-collar,divorced,high.school,no,no,no
1895,37,36-45,blue-collar,married,high.school,no,yes,no
1896,39,36-45,blue-collar,married,basic.9y,unknown,yes,yes
1897,40,36-45,blue-collar,divorced,basic.9y,unknown,yes,yes
1898,25,18-25,admin.,single,university.degree,no,no,no
1899,47,46-55,management,married,basic.4y,unknown,yes,no
1900,56,56-65,admin.,married,high.school,no,no,no
1901,27,26-35,blue-collar,married,basic.4y,unknown,no,no
1902,47,46-55,housemaid,married,university.degree,no,no,no
1903,45,36-45,management,married,unknown,unknown,yes,no
1904,58,56-65,retired,married,high.school,no,yes,no
1905,58,56-65,retired,divorced,professional.course,unknown,yes,no
1906,39,36-45,admin.,married,high.school,unknown,yes,no
1907,40,36-45,housemaid,divorced,unknown,no,no,no
1908,50,46-55,housemaid,single,unknown,no,yes,no
1909,40,36-45,blue-collar,single,basic.9y,no,no,no
1910,32,26-35,admin.,married,university.degree,no,yes,no
1911,53,46-55,technician,married,professional.course,no,no,no
1912,43,36-45,admin.,divorced,basic.9y,no,unknown,unknown
1913,47,46-55,unknown,divorced,basic.4y,unknown,no,no
1914,37,36-45,admin.,married,high.school,unknown,no,no
1915,26,26-35,services,single,high.school,no,yes,no
1916,45,36-45,admin.,married,basic.9y,no,yes,no
1917,47,46-55,technician,married,basic.9y,no,yes,no
1918,47,46-55,technician,married,basic.9y,no,no,no
1919,31,26-35,management,married,university.degree,no,no,no
1920,29,26-35,blue-collar,married,basic.6y,no,no,yes
1921,41,36-45,services,married,basic.9y,no,yes,yes
1922,27,26-35,technician,single,professional.course,no,yes,no
1923,45,36-45,blue-collar,married,basic.4y,no,unknown,unknown
1924,50,46-55,technician,married,basic.6y,no,yes,no
1925,58,56-65,retired,married,professional.course,unknown,unknown,unknown
1926,41,36-45,technician,married,basic.9y,no,yes,no
1927,48,46-55,blue-collar,married,basic.4y,unknown,yes,no
1928,46,46-55,admin.,divorced,high.school,unknown,yes,no
1929,51,46-55,retired,married,basic.4y,unknown,yes,yes
1930,51,46-55,admin.,married,high.school,unknown,no,no
1931,56,56-65,unemployed,married,basic.9y,unknown,no,yes
1932,34,26-35,services,married,high.school,no,yes,yes
1933,35,26-35,admin.,single,university.degree,no,yes,yes
1934,43,36-45,technician,married,basic.9y,unknown,no,yes
1935,47,46-55,services,divorced,high.school,no,unknown,unknown
1936,49,46-55,unknown,married,unknown,no,no,no
1937,36,36-45,housemaid,married,high.school,no,no,no
1938,27,26-35,blue-collar,married,basic.9y,no,unknown,unknown
1939,31,26-35,admin.,married,high.school,unknown,yes,no
1940,33,26-35,blue-collar,married,basic.4y,unknown,no,no
1941,51,46-55,entrepreneur,married,basic.9y,no,yes,no
1942,36,36-45,management,married,university.degree,no,no,no
1943,36,36-45,blue-collar,divorced,high.school,no,no,no
1944,37,36-45,technician,married,professional.course,no,no,no
1945,46,46-55,housemaid,married,basic.4y,no,no,no
1946,44,36-45,blue-collar,married,unknown,no,no,yes
1947,30,26-35,management,married,university.degree,no,no,no
1948,33,26-35,technician,single,high.school,no,no,no
1949,44,36-45,blue-collar,married,unknown,unknown,no,no
1950,39,36-45,blue-collar,single,unknown,unknown,no,no
1951,55,46-55,services,married,high.school,no,no,no
1952,58,56-65,admin.,married,basic.6y,no,yes,no
1953,37,36-45,admin.,single,high.school,no,no,no
1954,28,26-35,blue-collar,single,basic.6y,unknown,yes,no
1955,27,26-35,management,single,university.degree,no,yes,no
1956,40,36-45,technician,single,high.school,no,no,no
1957,47,46-55,services,married,high.school,unknown,no,yes
1958,51,46-55,self-employed,married,professional.course,unknown,yes,yes
1959,36,36-45,blue-collar,single,university.degree,unknown,yes,no
1960,46,46-55,blue-collar,married,basic.4y,unknown,yes,no
1961,50,46-55,services,married,high.school,unknown,yes,no
1962,60,56-65,retired,married,high.school,unknown,yes,no
1963,25,18-25,self-employed,single,university.degree,no,no,no
1964,40,36-45,entrepreneur,married,university.degree,unknown,yes,no
1965,36,36-45,technician,married,unknown,no,yes,no
1966,37,36-45,services,married,high.school,unknown,yes,no
1967,46,46-55,blue-collar,married,unknown,unknown,yes,no
1968,49,46-55,services,married,high.school,no,no,yes
1969,42,36-45,technician,married,professional.course,unknown,no,no
1970,57,56-65,blue-collar,married,basic.4y,no,yes,yes
1971,39,36-45,services,married,basic.9y,no,yes,no
1972,34,26-35,entrepreneur,married,professional.course,no,no,no
1973,51,46-55,blue-collar,married,professional.course,no,no,yes
1974,30,26-35,services,single,unknown,no,yes,no
1975,58,56-65,blue-collar,married,basic.4y,no,yes,no
1976,36,36-45,technician,married,basic.9y,unknown,no,no
1977,39,36-45,blue-collar,divorced,basic.9y,unknown,no,no
1978,31,26-35,services,single,high.school,no,no,no
1979,45,36-45,services,single,professional.course,unknown,unknown,unknown
1980,34,26-35,blue-collar,single,basic.4y,no,yes,yes
1981,33,26-35,services,divorced,high.school,no,no,no
1982,42,36-45,technician,single,high.school,unknown,no,no
1983,37,36-45,admin.,married,high.school,no,no,no
1984,42,36-45,blue-collar,single,basic.9y,no,unknown,unknown
1985,48,46-55,technician,single,unknown,no,unknown,unknown
1986,59,56-65,retired,married,basic.9y,no,yes,no
1987,31,26-35,services,married,basic.9y,no,no,no
1988,52,46-55,management,married,basic.4y,unknown,yes,no
1989,46,46-55,blue-collar,married,unknown,no,no,no
1990,36,36-45,entrepreneur,married,basic.6y,no,yes,no
1991,23,18-25,blue-collar,married,professional.course,no,yes,no
1992,42,36-45,admin.,single,university.degree,no,yes,no
1993,29,26-35,services,single,high.school,no,no,yes
1994,45,36-45,entrepreneur,married,university.degree,no,yes,no
1995,27,26-35,technician,single,high.school,unknown,no,yes
1996,39,36-45,blue-collar,divorced,high.school,no,yes,yes
1997,46,46-55,blue-collar,divorced,basic.4y,unknown,no,no
1998,34,26-35,blue-collar,married,basic.6y,no,no,no
1999,44,36-45,entrepreneur,divorced,university.degree,no,yes,no
2000,35,26-35,blue-collar,married,unknown,no,no,no
2001,33,26-35,technician,single,professional.course,no,yes,yes
2002,41,36-45,blue-collar,single,basic.9y,unknown,no,no
2003,37,36-45,technician,married,university.degree,no,no,no
2004,40,36-45,admin.,single,university.degree,unknown,yes,no
2005,46,46-55,management,married,basic.6y,unknown,no,no
2006,52,46-55,technician,married,high.school,no,yes,yes
2007,43,36-45,management,married,university.degree,no,unknown,unknown
2008,45,36-45,management,divorced,basic.9y,unknown,no,no
2009,40,36-45,management,divorced,university.degree,unknown,no,no
2010,28,26-35,student,single,high.school,unknown,yes,no
2011,33,26-35,admin.,single,high.school,no,unknown,unknown
2012,47,46-55,self-employed,married,unknown,unknown,no,no
2013,46,46-55,unknown,married,university.degree,no,no,no
2014,46,46-55,unemployed,married,professional.course,unknown,yes,no
2015,45,36-45,blue-collar,divorced,basic.9y,no,yes,no
2016,46,46-55,management,married,university.degree,no,no,yes
2017,55,46-55,management,married,unknown,no,yes,yes
2018,45,36-45,admin.,married,basic.9y,unknown,yes,yes
2019,51,46-55,admin.,married,basic.4y,unknown,yes,no
2020,45,36-45,services,divorced,high.school,unknown,yes,no
2021,52,46-55,blue-collar,married,basic.4y,unknown,yes,yes
2022,35,26-35,unemployed,married,university.degree,no,yes,no
2023,50,46-55,admin.,married,high.school,unknown,yes,no
2024,48,46-55,admin.,married,university.degree,no,yes,yes
2025,58,56-65,housemaid,married,university.degree,unknown,no,no
2026,36,36-45,admin.,single,university.degree,unknown,no,no
2027,44,36-45,blue-collar,single,basic.4y,no,no,no
2028,38,36-45,blue-collar,single,university.degree,no,no,no
2029,53,46-55,blue-collar,married,basic.9y,no,no,no
2030,37,36-45,blue-collar,married,basic.9y,no,yes,no
2031,59,56-65,entrepreneur,married,high.school,no,no,no
2032,38,36-45,technician,married,basic.6y,unknown,yes,yes
2033,34,26-35,technician,single,professional.course,no,no,no
2034,43,36-45,blue-collar,married,unknown,unknown,no,yes
2035,45,36-45,blue-collar,divorced,basic.9y,no,yes,yes
2036,50,46-55,management,divorced,high.school,unknown,no,no
2037,39,36-45,technician,married,university.degree,unknown,no,no
2038,41,36-45,technician,married,high.school,no,yes,no
2039,34,26-35,admin.,single,high.school,no,yes,yes
2040,45,36-45,technician,married,professional.course,unknown,no,no
2041,39,36-45,blue-collar,married,high.school,unknown,no,no
2042,45,36-45,unknown,married,unknown,unknown,unknown,unknown
2043,48,46-55,management,married,basic.4y,unknown,no,no
2044,33,26-35,blue-collar,married,basic.9y,no,yes,yes
2045,52,46-55,blue-collar,married,basic.6y,no,yes,no
2046,44,36-45,blue-collar,married,basic.4y,unknown,no,yes
2047,33,26-35,unemployed,divorced,basic.9y,no,yes,no
2048,52,46-55,admin.,married,high.school,no,unknown,unknown
2049,40,36-45,blue-collar,single,basic.9y,unknown,yes,no
2050,37,36-45,admin.,married,university.degree,no,no,yes
2051,38,36-45,technician,single,professional.course,unknown,unknown,unknown
2052,33,26-35,blue-collar,married,basic.9y,no,no,yes
2053,50,46-55,housemaid,married,basic.9y,unknown,yes,yes
2054,45,36-45,blue-collar,married,basic.9y,unknown,no,yes
2055,50,46-55,admin.,married,university.degree,no,yes,no
2056,53,46-55,services,married,high.school,unknown,yes,no
2057,41,36-45,admin.,married,high.school,no,yes,no
2058,57,56-65,retired,married,university.degree,unknown,no,no
2059,47,46-55,blue-collar,single,basic.9y,no,no,yes
2060,29,26-35,housemaid,married,high.school,no,no,no
2061,39,36-45,unemployed,single,university.degree,no,no,yes
2062,33,26-35,services,single,basic.6y,unknown,yes,no
2063,37,36-45,blue-collar,married,basic.4y,unknown,yes,no
2064,36,36-45,admin.,married,university.degree,unknown,yes,no
2065,44,36-45,technician,single,unknown,unknown,no,no
2066,34,26-35,blue-collar,single,high.school,unknown,yes,yes
2067,54,46-55,management,married,university.degree,unknown,no,no
2068,40,36-45,housemaid,divorced,basic.6y,unknown,yes,no
2069,52,46-55,management,married,professional.course,no,yes,no
2070,33,26-35,unemployed,divorced,basic.9y,no,no,no
2071,55,46-55,admin.,married,high.school,no,no,yes
2072,40,36-45,services,single,high.school,no,yes,no
2073,54,46-55,blue-collar,married,basic.9y,unknown,yes,no
2074,49,46-55,blue-collar,married,basic.6y,unknown,yes,yes
2075,54,46-55,blue-collar,married,basic.9y,no,no,no
2076,35,26-35,student,married,university.degree,no,yes,no
2077,42,36-45,blue-collar,divorced,basic.6y,unknown,no,no
2078,35,26-35,technician,divorced,professional.course,no,no,no
2079,51,46-55,unemployed,married,professional.course,no,no,no
2080,48,46-55,retired,married,basic.9y,no,no,no
2081,50,46-55,admin.,divorced,basic.9y,no,yes,no
2082,35,26-35,admin.,married,high.school,unknown,unknown,unknown
2083,45,36-45,services,married,high.school,unknown,no,no
2084,46,46-55,management,divorced,university.degree,no,unknown,unknown
2085,29,26-35,services,married,high.school,unknown,unknown,unknown
2086,52,46-55,blue-collar,married,basic.9y,no,no,no
2087,41,36-45,technician,married,basic.9y,no,no,no
2088,53,46-55,services,married,high.school,no,no,no
2089,39,36-45,admin.,married,basic.4y,no,yes,no
2090,30,26-35,blue-collar,divorced,basic.9y,no,yes,no
2091,34,26-35,technician,divorced,professional.course,no,no,no
2092,40,36-45,admin.,single,high.school,no,no,no
2093,42,36-45,blue-collar,married,basic.6y,no,yes,no
2094,28,26-35,entrepreneur,married,university.degree,no,no,no
2095,56,56-65,unemployed,divorced,high.school,no,yes,no
2096,48,46-55,admin.,divorced,high.school,no,yes,no
2097,51,46-55,management,married,basic.4y,no,no,no
2098,29,26-35,technician,single,professional.course,no,no,no
2099,40,36-45,blue-collar,married,basic.4y,unknown,yes,no
2100,39,36-45,unemployed,married,university.degree,no,no,no
2101,56,56-65,blue-collar,married,basic.9y,unknown,no,no
2102,29,26-35,blue-collar,married,professional.course,no,yes,yes
2103,34,26-35,blue-collar,single,basic.9y,no,no,yes
2104,29,26-35,blue-collar,married,high.school,no,no,yes
2105,50,46-55,admin.,married,high.school,unknown,no,no
2106,39,36-45,blue-collar,married,basic.4y,unknown,yes,no
2107,29,26-35,blue-collar,married,professional.course,no,yes,no
2108,41,36-45,admin.,single,high.school,no,yes,yes
2109,34,26-35,blue-collar,married,high.school,no,no,no
2110,43,36-45,technician,divorced,professional.course,unknown,unknown,unknown
2111,47,46-55,blue-collar,married,basic.6y,no,no,yes
2112,41,36-45,entrepreneur,married,basic.4y,no,no,no
2113,41,36-45,management,married,unknown,no,no,no
2114,43,36-45,unknown,married,university.degree,no,no,no
2115,24,18-25,student,single,high.school,unknown,no,no
2116,41,36-45,management,married,university.degree,unknown,yes,no
2117,28,26-35,services,divorced,high.school,no,yes,no
2118,41,36-45,blue-collar,married,basic.9y,no,no,no
2119,35,26-35,technician,married,university.degree,no,no,no
2120,35,26-35,blue-collar,single,basic.6y,unknown,yes,no
2121,32,26-35,blue-collar,married,basic.6y,unknown,yes,yes
2122,43,36-45,blue-collar,single,basic.4y,unknown,no,no
2123,38,36-45,technician,married,professional.course,unknown,yes,no
2124,28,26-35,entrepreneur,married,basic.4y,unknown,yes,no
2125,28,26-35,entrepreneur,married,basic.4y,unknown,no,no
2126,56,56-65,management,married,university.degree,no,no,no
2127,25,18-25,blue-collar,single,basic.9y,no,yes,no
2128,56,56-65,services,married,basic.9y,unknown,no,no
2129,36,36-45,admin.,divorced,high.school,no,yes,no
2130,35,26-35,unknown,married,basic.9y,no,no,yes
2131,35,26-35,self-employed,single,basic.6y,unknown,no,yes
2132,32,26-35,technician,divorced,professional.course,no,yes,no
2133,33,26-35,blue-collar,married,basic.6y,unknown,no,no
2134,33,26-35,management,married,high.school,unknown,yes,no
2135,42,36-45,admin.,married,professional.course,no,no,no
2136,34,26-35,services,married,high.school,unknown,no,no
2137,32,26-35,services,single,high.school,no,no,no
2138,37,36-45,admin.,married,university.degree,no,yes,no
2139,40,36-45,blue-collar,married,basic.6y,no,yes,no
2140,26,26-35,blue-collar,married,basic.6y,no,no,no
2141,35,26-35,management,married,university.degree,no,no,no
2142,36,36-45,management,married,university.degree,no,yes,no
2143,40,36-45,blue-collar,married,unknown,unknown,no,no
2144,26,26-35,student,single,university.degree,no,yes,no
2145,54,46-55,housemaid,divorced,basic.4y,unknown,no,no
2146,45,36-45,blue-collar,single,basic.9y,no,yes,yes
2147,58,56-65,admin.,divorced,university.degree,no,no,no
2148,50,46-55,housemaid,married,basic.9y,unknown,no,no
2149,33,26-35,blue-collar,married,basic.4y,no,yes,yes
2150,31,26-35,services,married,high.school,no,no,no
2151,34,26-35,unemployed,single,university.degree,no,no,no
2152,30,26-35,admin.,married,high.school,unknown,no,no
2153,27,26-35,student,single,university.degree,no,yes,no
2154,30,26-35,services,married,high.school,no,no,no
2155,23,18-25,services,single,high.school,no,no,no
2156,60,56-65,housemaid,married,high.school,no,unknown,unknown
2157,26,26-35,entrepreneur,single,high.school,no,no,no
2158,45,36-45,blue-collar,divorced,basic.4y,unknown,no,no
2159,40,36-45,blue-collar,married,basic.4y,unknown,no,no
2160,36,36-45,admin.,single,university.degree,no,yes,yes
2161,35,26-35,entrepreneur,married,basic.9y,no,yes,no
2162,45,36-45,self-employed,single,professional.course,unknown,yes,no
2163,48,46-55,admin.,married,university.degree,unknown,no,no
2164,36,36-45,entrepreneur,married,basic.9y,no,no,no
2165,37,36-45,technician,divorced,high.school,no,yes,no
2166,56,56-65,blue-collar,divorced,basic.9y,no,yes,no
2167,43,36-45,blue-collar,married,basic.9y,no,no,yes
2168,30,26-35,technician,married,professional.course,unknown,no,no
2169,30,26-35,technician,single,professional.course,no,yes,no
2170,41,36-45,self-employed,married,basic.9y,no,yes,no
2171,53,46-55,self-employed,married,university.degree,no,yes,no
2172,47,46-55,technician,married,professional.course,unknown,no,no
2173,52,46-55,admin.,single,basic.9y,no,no,no
2174,28,26-35,technician,single,basic.9y,no,no,no
2175,50,46-55,admin.,married,high.school,no,no,yes
2176,31,26-35,technician,married,university.degree,no,no,no
2177,27,26-35,blue-collar,single,basic.6y,no,yes,no
2178,59,56-65,retired,married,professional.course,unknown,yes,no
2179,48,46-55,technician,married,university.degree,unknown,yes,no
2180,32,26-35,blue-collar,single,basic.9y,unknown,no,no
2181,38,36-45,blue-collar,married,professional.course,no,yes,no
2182,34,26-35,entrepreneur,married,high.school,unknown,no,no
2183,54,46-55,services,divorced,high.school,unknown,no,no
2184,39,36-45,services,married,high.school,no,yes,yes
2185,43,36-45,services,single,high.school,unknown,yes,no
2186,30,26-35,technician,married,professional.course,no,unknown,unknown
2187,26,26-35,unemployed,single,basic.9y,no,no,no
2188,38,36-45,admin.,single,university.degree,no,yes,yes
2189,35,26-35,technician,married,professional.course,no,yes,yes
2190,42,36-45,blue-collar,married,basic.4y,no,yes,yes
2191,54,46-55,self-employed,married,professional.course,unknown,no,no
2192,26,26-35,student,single,high.school,no,no,no
2193,53,46-55,retired,divorced,high.school,no,unknown,unknown
2194,29,26-35,admin.,single,high.school,no,yes,yes
2195,51,46-55,self-employed,married,basic.4y,unknown,no,yes
2196,55,46-55,admin.,married,high.school,no,yes,no
2197,41,36-45,admin.,single,high.school,no,no,no
2198,49,46-55,management,married,university.degree,no,no,no
2199,39,36-45,blue-collar,divorced,unknown,no,no,no
2200,59,56-65,blue-collar,divorced,basic.4y,no,no,no
2201,28,26-35,services,married,high.school,no,yes,yes
2202,26,26-35,blue-collar,single,basic.9y,no,no,no
2203,28,26-35,blue-collar,married,basic.6y,no,yes,yes
2204,32,26-35,technician,single,high.school,no,yes,no
2205,28,26-35,student,married,university.degree,no,no,no
2206,51,46-55,blue-collar,divorced,basic.9y,unknown,no,no
2207,37,36-45,housemaid,married,university.degree,unknown,no,no
2208,34,26-35,blue-collar,single,basic.4y,unknown,no,yes
2209,31,26-35,blue-collar,married,basic.9y,no,no,yes
2210,38,36-45,self-employed,single,university.degree,no,no,yes
2211,33,26-35,management,married,high.school,no,no,no
2212,28,26-35,services,married,unknown,no,yes,no
2213,29,26-35,technician,married,university.degree,no,yes,no
2214,38,36-45,blue-collar,married,basic.4y,unknown,no,no
2215,46,46-55,admin.,married,high.school,no,yes,no
2216,36,36-45,blue-collar,married,unknown,no,no,no
2217,44,36-45,management,married,university.degree,unknown,no,yes
2218,34,26-35,technician,married,professional.course,unknown,no,yes
2219,51,46-55,blue-collar,married,basic.6y,unknown,yes,no
2220,58,56-65,retired,married,basic.9y,no,no,no
2221,39,36-45,entrepreneur,married,high.school,unknown,no,yes
2222,42,36-45,blue-collar,married,basic.4y,unknown,no,yes
2223,46,46-55,blue-collar,married,basic.9y,unknown,no,yes
2224,43,36-45,technician,divorced,basic.9y,no,no,yes
2225,30,26-35,services,married,high.school,no,yes,no
2226,43,36-45,admin.,married,university.degree,no,yes,yes
2227,52,46-55,self-employed,married,basic.4y,unknown,yes,no
2228,29,26-35,unemployed,single,university.degree,no,no,yes
2229,29,26-35,admin.,single,university.degree,no,yes,yes
2230,55,46-55,technician,married,professional.course,unknown,no,no
2231,33,26-35,blue-collar,single,basic.9y,no,no,no
2232,41,36-45,self-employed,single,university.degree,no,yes,no
2233,53,46-55,retired,divorced,professional.course,unknown,yes,yes
2234,51,46-55,services,divorced,basic.4y,unknown,yes,no
2235,40,36-45,management,married,university.degree,no,no,no
2236,30,26-35,blue-collar,married,basic.9y,no,no,yes
2237,37,36-45,admin.,married,unknown,no,yes,no
2238,32,26-35,admin.,single,basic.9y,unknown,no,no
2239,41,36-45,admin.,married,basic.6y,no,no,no
2240,40,36-45,blue-collar,divorced,high.school,unknown,no,no
2241,45,36-45,admin.,married,basic.6y,no,yes,no
2242,31,26-35,admin.,married,high.school,no,no,yes
2243,35,26-35,housemaid,married,basic.4y,no,no,no
2244,58,56-65,blue-collar,married,basic.4y,unknown,yes,no
2245,38,36-45,management,married,basic.6y,unknown,yes,no
2246,39,36-45,admin.,single,university.degree,unknown,no,no
2247,38,36-45,blue-collar,married,basic.6y,unknown,unknown,unknown
2248,49,46-55,blue-collar,single,basic.4y,no,no,no
2249,60,56-65,unknown,married,university.degree,no,no,yes
2250,37,36-45,services,married,professional.course,unknown,no,no
2251,48,46-55,technician,married,university.degree,no,no,no
2252,37,36-45,admin.,divorced,basic.9y,unknown,no,no
2253,30,26-35,technician,divorced,professional.course,no,yes,no
2254,30,26-35,entrepreneur,married,university.degree,no,no,no
2255,39,36-45,unemployed,married,high.school,no,no,yes
2256,37,36-45,self-employed,married,basic.9y,no,yes,no
2257,37,36-45,admin.,divorced,high.school,no,yes,no
2258,42,36-45,technician,divorced,basic.9y,no,no,no
2259,58,56-65,management,divorced,university.degree,no,no,no
2260,32,26-35,services,married,basic.9y,no,no,no
2261,26,26-35,technician,married,professional.course,no,no,no
2262,28,26-35,services,married,basic.9y,unknown,unknown,unknown
2263,31,26-35,blue-collar,single,unknown,no,no,no
2264,27,26-35,admin.,single,high.school,unknown,no,no
2265,35,26-35,technician,single,professional.course,no,yes,yes
2266,43,36-45,unknown,married,high.school,unknown,yes,yes
2267,32,26-35,housemaid,married,basic.4y,no,yes,no
2268,38,36-45,technician,single,professional.course,unknown,yes,no
2269,42,36-45,unemployed,divorced,high.school,unknown,yes,yes
2270,45,36-45,housemaid,married,basic.6y,unknown,no,no
2271,35,26-35,blue-collar,single,unknown,no,no,no
2272,44,36-45,blue-collar,single,high.school,no,yes,no
2273,36,36-45,technician,married,professional.course,unknown,yes,no
2274,49,46-55,services,divorced,basic.6y,unknown,yes,no
2275,45,36-45,admin.,divorced,basic.6y,no,yes,no
2276,29,26-35,services,married,high.school,no,yes,no
2277,30,26-35,blue-collar,single,basic.4y,no,no,no
2278,46,46-55,blue-collar,married,basic.9y,no,no,no
2279,41,36-45,entrepreneur,divorced,university.degree,no,yes,no
2280,44,36-45,blue-collar,single,basic.4y,no,yes,no
2281,46,46-55,housemaid,married,basic.4y,no,yes,no
2282,35,26-35,blue-collar,married,basic.9y,no,unknown,unknown
2283,44,36-45,technician,married,professional.course,no,yes,no
2284,52,46-55,blue-collar,married,basic.4y,no,yes,no
2285,53,46-55,unknown,married,high.school,unknown,no,no
2286,33,26-35,services,divorced,high.school,no,yes,no
2287,41,36-45,technician,single,university.degree,unknown,yes,no
2288,46,46-55,admin.,single,high.school,no,unknown,unknown
2289,44,36-45,blue-collar,divorced,unknown,no,no,yes
2290,57,56-65,retired,unknown,basic.4y,no,yes,no
2291,45,36-45,management,married,unknown,unknown,no,no
2292,55,46-55,unknown,married,unknown,unknown,yes,no
2293,26,26-35,admin.,married,high.school,no,no,no
2294,42,36-45,services,divorced,basic.6y,no,yes,no
2295,56,56-65,technician,married,professional.course,unknown,no,no
2296,37,36-45,self-employed,married,professional.course,no,yes,no
2297,48,46-55,self-employed,married,university.degree,unknown,yes,no
2298,59,56-65,retired,married,basic.4y,unknown,yes,no
2299,34,26-35,services,married,basic.6y,no,yes,yes
2300,33,26-35,blue-collar,married,basic.6y,no,no,no
2301,46,46-55,blue-collar,married,basic.4y,no,no,yes
2302,35,26-35,entrepreneur,married,basic.9y,no,no,yes
2303,39,36-45,blue-collar,married,basic.6y,unknown,no,no
2304,52,46-55,blue-collar,married,basic.4y,unknown,unknown,unknown
2305,46,46-55,entrepreneur,divorced,university.degree,no,no,no
2306,57,56-65,blue-collar,married,unknown,unknown,yes,no
2307,54,46-55,admin.,married,university.degree,no,unknown,unknown
2308,38,36-45,services,single,high.school,unknown,no,yes
2309,48,46-55,admin.,married,high.school,no,no,yes
2310,59,56-65,admin.,married,high.school,no,yes,no
2311,42,36-45,blue-collar,divorced,basic.4y,unknown,yes,no
2312,45,36-45,unknown,married,unknown,no,no,yes
2313,50,46-55,admin.,married,high.school,no,no,no
2314,49,46-55,services,married,basic.6y,unknown,yes,no
2315,42,36-45,self-employed,married,university.degree,no,no,no
2316,41,36-45,blue-collar,divorced,basic.9y,unknown,yes,no
2317,44,36-45,blue-collar,married,basic.6y,unknown,no,no
2318,45,36-45,admin.,married,basic.6y,unknown,yes,no
2319,48,46-55,technician,married,professional.course,no,no,no
2320,31,26-35,blue-collar,single,high.school,no,yes,no
2321,45,36-45,self-employed,married,basic.6y,unknown,no,no
2322,40,36-45,unemployed,divorced,high.school,no,no,no
2323,40,36-45,admin.,married,high.school,unknown,no,no
2324,55,46-55,blue-collar,married,basic.9y,unknown,no,no
2325,38,36-45,admin.,married,basic.6y,no,yes,no
2326,36,36-45,blue-collar,single,basic.9y,no,no,no
2327,34,26-35,admin.,married,high.school,no,no,no
2328,55,46-55,technician,divorced,professional.course,unknown,yes,yes
2329,34,26-35,blue-collar,married,basic.4y,no,no,yes
2330,48,46-55,blue-collar,married,basic.6y,no,yes,yes
2331,50,46-55,management,married,university.degree,unknown,no,no
2332,48,46-55,entrepreneur,married,basic.4y,no,no,no
2333,39,36-45,admin.,single,high.school,unknown,yes,no
2334,30,26-35,management,single,university.degree,no,unknown,unknown
2335,31,26-35,services,married,basic.6y,unknown,yes,no
2336,55,46-55,blue-collar,married,basic.9y,no,no,no
2337,42,36-45,unknown,divorced,high.school,no,no,no
2338,35,26-35,services,single,high.school,unknown,yes,no
2339,41,36-45,blue-collar,single,basic.9y,no,no,no
2340,36,36-45,technician,single,university.degree,no,no,no
2341,46,46-55,management,married,basic.9y,no,yes,no
2342,57,56-65,technician,divorced,basic.4y,no,yes,no
2343,53,46-55,services,married,high.school,unknown,no,no
2344,36,36-45,blue-collar,married,unknown,unknown,no,no
2345,49,46-55,blue-collar,divorced,basic.4y,unknown,no,no
2346,58,56-65,self-employed,married,university.degree,no,no,no
2347,36,36-45,unknown,single,basic.6y,unknown,no,no
2348,55,46-55,retired,married,professional.course,no,yes,no
2349,38,36-45,unknown,married,unknown,unknown,yes,no
2350,46,46-55,blue-collar,single,basic.4y,no,no,no
2351,53,46-55,unemployed,divorced,basic.9y,unknown,no,no
2352,32,26-35,housemaid,single,basic.4y,no,yes,no
2353,36,36-45,admin.,divorced,university.degree,no,yes,no
2354,32,26-35,housemaid,single,basic.4y,no,no,no
2355,35,26-35,blue-collar,single,professional.course,no,yes,no
2356,44,36-45,services,married,high.school,unknown,yes,no
2357,38,36-45,blue-collar,single,basic.4y,no,yes,no
2358,50,46-55,blue-collar,single,basic.9y,unknown,yes,no
2359,38,36-45,blue-collar,single,basic.6y,unknown,yes,no
2360,49,46-55,self-employed,married,professional.course,no,unknown,unknown
2361,37,36-45,admin.,divorced,high.school,no,no,no
2362,46,46-55,unknown,married,basic.6y,unknown,no,no
2363,36,36-45,blue-collar,married,basic.9y,unknown,yes,no
2364,47,46-55,blue-collar,married,basic.9y,unknown,yes,no
2365,49,46-55,self-employed,married,basic.9y,no,yes,no
2366,39,36-45,services,married,professional.course,unknown,yes,no
2367,34,26-35,housemaid,divorced,basic.6y,no,no,no
2368,36,36-45,blue-collar,married,basic.4y,no,no,no
2369,32,26-35,admin.,married,university.degree,unknown,yes,no
2370,43,36-45,technician,divorced,professional.course,no,yes,no
2371,53,46-55,blue-collar,married,basic.4y,no,no,no
2372,28,26-35,admin.,single,high.school,no,yes,no
2373,44,36-45,admin.,single,university.degree,unknown,no,no
2374,45,36-45,housemaid,divorced,university.degree,no,yes,no
2375,56,56-65,admin.,divorced,unknown,unknown,yes,no
2376,35,26-35,unemployed,divorced,basic.4y,no,yes,no
2377,31,26-35,housemaid,married,basic.4y,unknown,no,no
2378,47,46-55,management,divorced,university.degree,no,yes,no
2379,24,18-25,student,single,high.school,no,no,no
2380,31,26-35,entrepreneur,married,high.school,no,yes,no
2381,39,36-45,entrepreneur,single,university.degree,no,yes,no
2382,39,36-45,blue-collar,single,basic.4y,no,no,no
2383,60,56-65,management,married,university.degree,unknown,yes,no
2384,35,26-35,technician,married,university.degree,unknown,yes,no
2385,53,46-55,retired,divorced,high.school,no,no,yes
2386,39,36-45,services,divorced,basic.9y,no,yes,no
2387,36,36-45,blue-collar,married,professional.course,no,yes,yes
2388,38,36-45,admin.,divorced,high.school,no,no,no
2389,34,26-35,entrepreneur,single,unknown,unknown,yes,no
2390,36,36-45,technician,single,professional.course,no,yes,no
2391,32,26-35,management,married,basic.6y,no,yes,no
2392,51,46-55,admin.,married,high.school,no,unknown,unknown
2393,47,46-55,blue-collar,married,basic.4y,no,no,yes
2394,43,36-45,technician,divorced,professional.course,no,no,no
2395,44,36-45,blue-collar,divorced,unknown,no,no,no
2396,59,56-65,retired,married,professional.course,no,no,no
2397,35,26-35,unemployed,married,basic.4y,unknown,unknown,unknown
2398,36,36-45,blue-collar,single,basic.9y,no,no,yes
2399,34,26-35,admin.,divorced,basic.9y,no,no,no
2400,25,18-25,blue-collar,single,basic.9y,unknown,no,no
2401,25,18-25,blue-collar,single,basic.9y,unknown,yes,no
2402,34,26-35,blue-collar,single,basic.9y,unknown,no,yes
2403,27,26-35,unemployed,married,basic.9y,no,no,no
2404,44,36-45,blue-collar,married,basic.4y,no,no,yes
2405,45,36-45,unknown,married,unknown,no,yes,no
2406,27,26-35,blue-collar,single,basic.6y,unknown,no,no
2407,31,26-35,blue-collar,married,basic.6y,no,yes,yes
2408,30,26-35,blue-collar,single,high.school,no,yes,no
2409,31,26-35,admin.,single,high.school,no,no,no
2410,58,56-65,blue-collar,married,basic.4y,unknown,yes,yes
2411,40,36-45,admin.,married,unknown,no,no,no
2412,42,36-45,management,divorced,university.degree,no,no,no
2413,28,26-35,student,single,basic.4y,no,no,no
2414,47,46-55,blue-collar,married,unknown,unknown,yes,yes
2415,47,46-55,blue-collar,married,unknown,unknown,yes,no
2416,32,26-35,services,single,professional.course,no,yes,no
2417,50,46-55,services,single,high.school,unknown,yes,no
2418,35,26-35,technician,married,unknown,unknown,no,no
2419,32,26-35,services,single,professional.course,no,no,no
2420,26,26-35,blue-collar,single,basic.6y,no,no,yes
2421,47,46-55,blue-collar,married,professional.course,unknown,no,yes
2422,38,36-45,housemaid,married,high.school,unknown,no,no
2423,41,36-45,admin.,single,unknown,no,yes,no
2424,58,56-65,management,married,university.degree,unknown,no,no
2425,51,46-55,management,married,university.degree,unknown,no,yes
2426,26,26-35,entrepreneur,married,university.degree,no,no,no
2427,28,26-35,blue-collar,married,basic.9y,no,no,no
2428,49,46-55,admin.,married,high.school,unknown,no,no
2429,50,46-55,blue-collar,married,basic.6y,unknown,no,no
2430,39,36-45,entrepreneur,married,basic.9y,unknown,no,no
2431,28,26-35,admin.,divorced,high.school,no,no,yes
2432,46,46-55,blue-collar,married,basic.6y,unknown,no,yes
2433,38,36-45,student,single,university.degree,no,no,no
2434,34,26-35,management,married,university.degree,no,no,yes
2435,36,36-45,management,married,basic.9y,no,yes,no
2436,40,36-45,admin.,married,university.degree,no,yes,no
2437,29,26-35,admin.,married,university.degree,no,yes,no
2438,53,46-55,admin.,divorced,university.degree,no,yes,yes
2439,46,46-55,management,married,basic.4y,unknown,no,no
2440,57,56-65,admin.,married,university.degree,no,yes,no
2441,29,26-35,technician,married,university.degree,no,no,yes
2442,32,26-35,blue-collar,married,basic.9y,no,unknown,unknown
2443,26,26-35,unemployed,single,basic.9y,no,no,yes
2444,33,26-35,blue-collar,divorced,basic.9y,unknown,no,no
2445,53,46-55,admin.,married,basic.9y,no,yes,yes
2446,36,36-45,blue-collar,married,basic.4y,unknown,yes,no
2447,54,46-55,admin.,married,high.school,no,yes,yes
2448,56,56-65,management,married,basic.6y,no,no,yes
2449,35,26-35,unemployed,married,university.degree,no,no,no
2450,31,26-35,self-employed,married,basic.9y,no,no,no
2451,31,26-35,student,single,unknown,unknown,yes,no
2452,31,26-35,blue-collar,divorced,basic.9y,no,no,no
2453,38,36-45,technician,married,university.degree,no,yes,no
2454,40,36-45,blue-collar,single,basic.4y,unknown,no,no
2455,36,36-45,admin.,married,basic.6y,no,no,no
2456,49,46-55,admin.,divorced,high.school,no,no,no
2457,28,26-35,technician,single,university.degree,no,yes,no
2458,48,46-55,technician,single,unknown,unknown,no,no
2459,35,26-35,self-employed,married,university.degree,unknown,yes,yes
2460,49,46-55,management,married,university.degree,no,no,yes
2461,50,46-55,self-employed,married,basic.4y,unknown,no,no
2462,29,26-35,technician,single,professional.course,no,yes,yes
2463,29,26-35,blue-collar,married,basic.6y,no,no,no
2464,60,56-65,entrepreneur,married,basic.4y,no,unknown,unknown
2465,41,36-45,entrepreneur,married,high.school,unknown,no,no
2466,54,46-55,retired,divorced,professional.course,no,yes,no
2467,26,26-35,unemployed,single,professional.course,no,no,no
2468,43,36-45,admin.,married,university.degree,no,yes,no
2469,40,36-45,services,single,high.school,unknown,yes,no
2470,50,46-55,blue-collar,married,unknown,unknown,no,no
2471,45,36-45,technician,divorced,professional.course,no,yes,no
2472,49,46-55,technician,married,university.degree,no,yes,no
2473,59,56-65,admin.,married,high.school,unknown,yes,yes
2474,56,56-65,blue-collar,married,basic.9y,unknown,yes,no
2475,37,36-45,management,unknown,high.school,no,no,no
2476,46,46-55,admin.,single,high.school,no,no,no
2477,39,36-45,blue-collar,married,basic.4y,unknown,no,yes
2478,27,26-35,technician,single,professional.course,no,no,no
2479,59,56-65,technician,married,basic.6y,unknown,no,no
2480,55,46-55,blue-collar,divorced,basic.9y,no,yes,no
2481,36,36-45,admin.,single,university.degree,no,no,no
2482,58,56-65,retired,married,basic.6y,unknown,no,no
2483,36,36-45,services,married,high.school,no,unknown,unknown
2484,48,46-55,blue-collar,married,high.school,unknown,no,no
2485,25,18-25,admin.,single,high.school,no,no,yes
2486,36,36-45,blue-collar,married,high.school,no,yes,yes
2487,48,46-55,entrepreneur,married,basic.4y,no,no,yes
2488,55,46-55,unemployed,married,basic.4y,unknown,no,no
2489,57,56-65,retired,single,high.school,no,yes,no
2490,44,36-45,admin.,single,high.school,no,yes,no
2491,30,26-35,admin.,single,high.school,no,no,yes
2492,35,26-35,blue-collar,married,basic.4y,no,no,no
2493,32,26-35,services,married,high.school,unknown,yes,no
2494,47,46-55,blue-collar,divorced,basic.9y,unknown,yes,no
2495,49,46-55,blue-collar,married,basic.6y,no,yes,no
2496,40,36-45,blue-collar,single,basic.9y,no,yes,no
2497,47,46-55,services,married,high.school,no,unknown,unknown
2498,58,56-65,self-employed,divorced,unknown,no,yes,no
2499,36,36-45,self-employed,married,basic.9y,no,yes,yes
2500,46,46-55,unemployed,married,high.school,unknown,no,no
2501,37,36-45,services,married,basic.9y,unknown,no,yes
2502,33,26-35,entrepreneur,married,basic.9y,unknown,no,no
2503,32,26-35,entrepreneur,married,high.school,no,no,no
2504,28,26-35,blue-collar,single,basic.9y,no,no,yes
2505,47,46-55,entrepreneur,married,university.degree,no,yes,no
2506,31,26-35,blue-collar,divorced,basic.6y,no,yes,no
2507,51,46-55,blue-collar,married,high.school,no,no,yes
2508,34,26-35,blue-collar,single,university.degree,no,yes,yes
2509,32,26-35,services,married,high.school,no,no,yes
2510,46,46-55,unemployed,divorced,high.school,unknown,yes,yes
2511,45,36-45,entrepreneur,married,university.degree,no,yes,yes
2512,58,56-65,management,married,basic.9y,no,no,no
2513,35,26-35,admin.,single,high.school,no,no,yes
2514,32,26-35,technician,single,professional.course,no,yes,no
2515,25,18-25,services,divorced,basic.4y,no,yes,no
2516,56,56-65,technician,married,professional.course,no,no,yes
2517,41,36-45,unemployed,married,basic.9y,unknown,yes,no
2518,40,36-45,services,divorced,high.school,no,no,no
2519,48,46-55,management,married,university.degree,no,no,no
2520,38,36-45,admin.,single,basic.9y,no,no,no
2521,42,36-45,technician,divorced,professional.course,unknown,no,yes
2522,50,46-55,management,married,high.school,unknown,no,yes
2523,46,46-55,services,married,basic.4y,unknown,no,no
2524,53,46-55,technician,married,high.school,no,no,no
2525,29,26-35,blue-collar,single,high.school,no,yes,no
2526,44,36-45,management,single,university.degree,unknown,yes,no
2527,46,46-55,admin.,married,high.school,no,no,no
2528,57,56-65,retired,married,unknown,unknown,yes,no
2529,31,26-35,blue-collar,married,basic.6y,unknown,unknown,unknown
2530,27,26-35,admin.,single,high.school,no,no,no
2531,47,46-55,blue-collar,married,basic.6y,unknown,yes,yes
2532,56,56-65,blue-collar,married,basic.4y,unknown,yes,yes
2533,51,46-55,blue-collar,married,basic.9y,unknown,no,no
2534,45,36-45,technician,married,university.degree,no,yes,no
2535,25,18-25,housemaid,single,basic.9y,no,no,no
2536,28,26-35,services,single,high.school,no,yes,no
2537,45,36-45,admin.,divorced,university.degree,no,no,no
2538,59,56-65,blue-collar,married,basic.4y,no,no,no
2539,24,18-25,student,single,high.school,no,unknown,unknown
2540,49,46-55,admin.,married,unknown,no,yes,no
2541,39,36-45,blue-collar,married,high.school,no,no,no
2542,39,36-45,blue-collar,married,basic.4y,no,no,no
2543,48,46-55,admin.,divorced,basic.9y,no,yes,no
2544,52,46-55,management,divorced,university.degree,no,no,no
2545,56,56-65,blue-collar,single,basic.6y,no,yes,no
2546,54,46-55,blue-collar,divorced,unknown,unknown,yes,no
2547,39,36-45,blue-collar,married,basic.4y,unknown,unknown,unknown
2548,29,26-35,housemaid,single,high.school,no,no,no
2549,47,46-55,blue-collar,married,high.school,unknown,no,no
2550,50,46-55,blue-collar,single,basic.9y,unknown,no,no
2551,24,18-25,services,married,high.school,no,no,no
2552,26,26-35,student,single,unknown,unknown,no,no
2553,52,46-55,technician,married,professional.course,no,no,no
2554,40,36-45,admin.,married,university.degree,no,no,no
2555,28,26-35,management,married,high.school,unknown,no,no
2556,30,26-35,blue-collar,single,basic.4y,unknown,unknown,unknown
2557,40,36-45,entrepreneur,married,university.degree,no,no,no
2558,35,26-35,admin.,divorced,university.degree,no,yes,no
2559,48,46-55,technician,single,high.school,no,yes,no
2560,44,36-45,technician,single,university.degree,no,yes,no
2561,48,46-55,technician,married,unknown,unknown,no,yes
2562,37,36-45,admin.,married,university.degree,unknown,no,no
2563,29,26-35,entrepreneur,married,basic.6y,no,no,no
2564,31,26-35,blue-collar,married,basic.4y,unknown,no,yes
2565,33,26-35,blue-collar,single,basic.9y,unknown,yes,no
2566,52,46-55,services,divorced,unknown,unknown,yes,yes
2567,52,46-55,self-employed,single,basic.4y,unknown,yes,no
2568,30,26-35,entrepreneur,married,high.school,no,yes,no
2569,41,36-45,management,married,university.degree,no,no,no
2570,35,26-35,services,married,high.school,unknown,no,no
2571,42,36-45,management,married,university.degree,no,yes,yes
2572,24,18-25,services,married,high.school,no,no,yes
2573,53,46-55,unemployed,married,basic.4y,unknown,no,no
2574,26,26-35,blue-collar,single,high.school,no,yes,no
2575,53,46-55,blue-collar,divorced,basic.4y,unknown,no,no
2576,35,26-35,admin.,married,high.school,no,yes,yes
2577,37,36-45,management,married,university.degree,no,unknown,unknown
2578,32,26-35,blue-collar,married,basic.9y,unknown,yes,no
2579,28,26-35,admin.,married,university.degree,no,no,no
2580,41,36-45,housemaid,married,high.school,no,no,no
2581,56,56-65,retired,married,professional.course,unknown,no,no
2582,58,56-65,admin.,divorced,basic.9y,unknown,yes,no
2583,59,56-65,retired,divorced,basic.9y,unknown,yes,no
2584,29,26-35,blue-collar,single,basic.9y,no,yes,no
2585,32,26-35,services,married,professional.course,no,yes,no
2586,53,46-55,blue-collar,married,basic.6y,no,yes,no
2587,48,46-55,technician,married,high.school,unknown,yes,no
2588,37,36-45,services,single,basic.9y,no,yes,no
2589,43,36-45,self-employed,single,professional.course,unknown,no,no
2590,37,36-45,admin.,single,high.school,no,yes,no
2591,46,46-55,blue-collar,married,basic.6y,no,no,no
2592,28,26-35,blue-collar,single,basic.9y,no,no,no
2593,44,36-45,housemaid,married,basic.9y,no,no,no
2594,31,26-35,admin.,single,basic.9y,no,yes,no
2595,51,46-55,admin.,single,basic.6y,no,yes,no
2596,29,26-35,technician,married,university.degree,no,no,no
2597,49,46-55,self-employed,married,professional.course,no,no,no
2598,36,36-45,services,married,basic.9y,unknown,no,no
2599,57,56-65,blue-collar,married,basic.4y,unknown,no,no
2600,29,26-35,blue-collar,single,unknown,no,no,no
2601,45,36-45,management,married,university.degree,no,no,no
2602,55,46-55,retired,married,basic.4y,unknown,no,no
2603,52,46-55,management,married,university.degree,no,yes,no
2604,24,18-25,admin.,married,high.school,no,yes,no
2605,44,36-45,blue-collar,divorced,basic.4y,unknown,yes,yes
2606,46,46-55,services,divorced,high.school,no,no,no
2607,44,36-45,admin.,single,university.degree,no,yes,no
2608,48,46-55,admin.,single,university.degree,no,no,yes
2609,54,46-55,technician,divorced,basic.9y,unknown,no,no
2610,26,26-35,admin.,single,university.degree,unknown,no,no
2611,35,26-35,technician,married,basic.9y,no,no,no
2612,54,46-55,services,divorced,high.school,unknown,yes,no
2613,51,46-55,services,married,basic.6y,no,no,no
2614,28,26-35,technician,single,professional.course,no,no,no
2615,52,46-55,services,married,university.degree,no,no,no
2616,31,26-35,admin.,married,basic.9y,unknown,yes,no
2617,46,46-55,admin.,divorced,university.degree,no,no,no
2618,35,26-35,admin.,married,high.school,unknown,yes,no
2619,39,36-45,housemaid,married,high.school,no,yes,no
2620,31,26-35,housemaid,divorced,high.school,no,yes,no
2621,29,26-35,services,married,basic.9y,unknown,no,no
2622,38,36-45,services,married,high.school,unknown,yes,no
2623,36,36-45,admin.,married,basic.9y,no,no,no
2624,40,36-45,management,married,unknown,no,no,no
2625,28,26-35,unemployed,single,high.school,no,no,no
2626,50,46-55,services,divorced,basic.4y,unknown,unknown,unknown
2627,43,36-45,blue-collar,married,basic.9y,unknown,no,no
2628,37,36-45,technician,married,high.school,no,yes,no
2629,47,46-55,blue-collar,divorced,basic.9y,unknown,no,no
2630,52,46-55,technician,married,high.school,unknown,no,no
2631,52,46-55,technician,married,basic.9y,no,no,no
2632,44,36-45,blue-collar,married,basic.6y,unknown,yes,no
2633,40,36-45,admin.,divorced,professional.course,no,no,no
2634,35,26-35,student,single,high.school,no,no,yes
2635,56,56-65,management,married,basic.4y,unknown,unknown,unknown
2636,33,26-35,blue-collar,married,professional.course,no,yes,no
2637,54,46-55,retired,married,basic.9y,unknown,no,no
2638,36,36-45,services,single,basic.9y,no,yes,no
2639,41,36-45,housemaid,married,university.degree,unknown,no,no
2640,48,46-55,technician,single,university.degree,unknown,yes,no
2641,42,36-45,retired,married,basic.9y,unknown,no,no
2642,28,26-35,services,single,basic.9y,no,yes,no
2643,46,46-55,blue-collar,married,basic.9y,unknown,yes,no
2644,55,46-55,technician,married,basic.4y,unknown,yes,no
2645,56,56-65,unknown,married,unknown,unknown,yes,no
2646,33,26-35,management,single,university.degree,no,no,yes
2647,41,36-45,blue-collar,divorced,basic.6y,no,unknown,unknown
2648,29,26-35,services,single,university.degree,no,no,no
2649,30,26-35,self-employed,married,basic.9y,no,yes,no
2650,51,46-55,retired,married,university.degree,no,yes,yes
2651,31,26-35,technician,single,professional.course,unknown,yes,yes
2652,36,36-45,blue-collar,married,basic.9y,unknown,yes,yes
2653,46,46-55,technician,married,basic.9y,no,yes,no
2654,30,26-35,self-employed,single,high.school,no,yes,yes
2655,47,46-55,admin.,married,high.school,no,no,no
2656,27,26-35,services,single,high.school,no,yes,yes
2657,27,26-35,blue-collar,divorced,unknown,no,yes,no
2658,39,36-45,blue-collar,divorced,basic.6y,unknown,no,no
2659,42,36-45,blue-collar,married,basic.4y,unknown,yes,yes
2660,41,36-45,blue-collar,married,basic.6y,unknown,yes,no
2661,36,36-45,technician,married,basic.9y,no,no,no
2662,50,46-55,management,single,university.degree,no,no,no
2663,44,36-45,self-employed,single,basic.6y,unknown,yes,no
2664,52,46-55,entrepreneur,married,university.degree,unknown,yes,no
2665,33,26-35,self-employed,single,university.degree,no,yes,no
2666,48,46-55,admin.,divorced,professional.course,no,yes,no
2667,35,26-35,management,married,university.degree,no,yes,no
2668,60,56-65,retired,married,basic.9y,unknown,yes,no
2669,37,36-45,admin.,married,high.school,no,no,yes
2670,41,36-45,self-employed,married,high.school,unknown,no,no
2671,57,56-65,services,divorced,high.school,no,yes,yes
2672,23,18-25,services,married,basic.9y,no,no,no
2673,38,36-45,technician,married,university.degree,unknown,yes,no
2674,32,26-35,blue-collar,married,basic.4y,unknown,yes,no
2675,43,36-45,blue-collar,divorced,basic.9y,no,yes,no
2676,44,36-45,management,married,high.school,no,yes,no
2677,33,26-35,services,married,high.school,no,no,yes
2678,34,26-35,blue-collar,married,basic.9y,unknown,no,yes
2679,28,26-35,admin.,single,high.school,no,no,no
2680,32,26-35,blue-collar,married,basic.4y,no,no,no
2681,36,36-45,retired,married,high.school,no,no,no
2682,24,18-25,student,single,university.degree,no,yes,yes
2683,51,46-55,admin.,divorced,university.degree,unknown,no,no
2684,43,36-45,blue-collar,married,unknown,unknown,no,no
2685,43,36-45,blue-collar,married,basic.6y,no,no,no
2686,39,36-45,admin.,married,professional.course,no,no,no
2687,24,18-25,student,single,high.school,unknown,yes,yes
2688,30,26-35,admin.,single,university.degree,unknown,no,yes
2689,51,46-55,blue-collar,married,basic.4y,no,no,yes
2690,50,46-55,management,married,university.degree,unknown,unknown,unknown
2691,53,46-55,technician,married,high.school,no,no,yes
2692,53,46-55,technician,married,unknown,no,yes,no
2693,52,46-55,blue-collar,married,basic.4y,no,no,yes
2694,36,36-45,self-employed,single,university.degree,no,yes,no
2695,43,36-45,admin.,divorced,high.school,no,no,no
2696,39,36-45,self-employed,married,basic.4y,unknown,no,no
2697,43,36-45,technician,divorced,university.degree,unknown,no,no
2698,52,46-55,admin.,married,university.degree,no,no,yes
2699,35,26-35,self-employed,divorced,basic.9y,no,no,yes
2700,30,26-35,management,divorced,high.school,no,yes,no
2701,36,36-45,housemaid,married,basic.4y,unknown,no,no
2702,38,36-45,admin.,divorced,high.school,no,yes,no
2703,39,36-45,entrepreneur,divorced,university.degree,no,yes,no
2704,34,26-35,management,married,high.school,no,no,no
2705,35,26-35,unknown,single,basic.4y,unknown,yes,yes
2706,37,36-45,blue-collar,single,professional.course,no,no,no
2707,37,36-45,services,divorced,high.school,no,yes,no
2708,46,46-55,admin.,married,high.school,unknown,yes,yes
2709,49,46-55,services,single,basic.4y,unknown,no,no
2710,40,36-45,admin.,single,unknown,unknown,no,yes
2711,40,36-45,self-employed,married,high.school,unknown,no,no
2712,28,26-35,technician,divorced,professional.course,no,no,no
2713,32,26-35,admin.,single,professional.course,no,no,no
2714,38,36-45,blue-collar,married,basic.9y,no,yes,yes
2715,32,26-35,management,single,high.school,no,yes,no
2716,34,26-35,admin.,single,high.school,no,no,yes
2717,36,36-45,technician,married,university.degree,no,yes,no
2718,45,36-45,entrepreneur,married,basic.4y,unknown,no,no
2719,47,46-55,management,married,basic.4y,unknown,no,no
2720,44,36-45,blue-collar,divorced,basic.9y,no,no,no
2721,47,46-55,services,married,unknown,unknown,yes,yes
2722,46,46-55,technician,married,professional.course,no,no,no
2723,41,36-45,blue-collar,married,professional.course,no,no,no
2724,32,26-35,blue-collar,single,basic.6y,no,yes,no
2725,48,46-55,technician,married,unknown,no,yes,no
2726,47,46-55,technician,married,professional.course,no,unknown,unknown
2727,57,56-65,retired,married,basic.4y,unknown,yes,no
2728,32,26-35,services,single,basic.6y,no,yes,yes
2729,54,46-55,blue-collar,married,basic.4y,unknown,yes,yes
2730,33,26-35,admin.,married,professional.course,no,no,no
2731,50,46-55,blue-collar,married,basic.6y,no,no,no
2732,49,46-55,services,divorced,basic.9y,no,no,no
2733,45,36-45,services,married,basic.9y,no,no,yes
2734,31,26-35,technician,single,university.degree,unknown,yes,yes
2735,36,36-45,technician,married,basic.6y,no,yes,no
2736,51,46-55,services,married,high.school,unknown,yes,yes
2737,36,36-45,management,married,basic.9y,no,unknown,unknown
2738,35,26-35,student,single,high.school,no,no,no
2739,52,46-55,management,divorced,high.school,no,unknown,unknown
2740,43,36-45,blue-collar,married,basic.4y,unknown,no,yes
2741,30,26-35,student,single,basic.9y,no,no,no
2742,45,36-45,blue-collar,married,unknown,no,yes,yes
2743,42,36-45,blue-collar,married,basic.4y,no,yes,no
2744,34,26-35,blue-collar,married,basic.9y,unknown,yes,yes
2745,50,46-55,services,married,basic.6y,no,yes,no
2746,44,36-45,unknown,married,basic.6y,no,yes,yes
2747,42,36-45,blue-collar,married,basic.9y,no,yes,no
2748,52,46-55,management,married,high.school,unknown,no,no
2749,36,36-45,blue-collar,married,basic.6y,unknown,unknown,unknown
2750,31,26-35,self-employed,married,university.degree,no,no,yes
2751,39,36-45,housemaid,married,university.degree,no,no,no
2752,45,36-45,blue-collar,married,basic.6y,unknown,yes,no
2753,46,46-55,self-employed,married,basic.9y,unknown,no,no
2754,32,26-35,blue-collar,married,basic.6y,unknown,yes,no
2755,29,26-35,services,married,basic.9y,no,yes,no
2756,36,36-45,technician,single,professional.course,no,no,yes
2757,41,36-45,technician,married,university.degree,no,no,no
2758,59,56-65,retired,married,basic.9y,unknown,no,no
2759,45,36-45,unemployed,married,basic.6y,unknown,no,no
2760,25,18-25,services,married,high.school,unknown,yes,yes
2761,38,36-45,management,married,unknown,no,no,no
2762,32,26-35,blue-collar,divorced,basic.9y,no,no,no
2763,35,26-35,self-employed,married,university.degree,no,unknown,unknown
2764,50,46-55,unemployed,married,basic.4y,unknown,yes,no
2765,48,46-55,services,divorced,high.school,unknown,yes,yes
2766,32,26-35,admin.,married,high.school,unknown,yes,no
2767,52,46-55,technician,divorced,basic.9y,no,yes,yes
2768,30,26-35,blue-collar,single,basic.9y,unknown,no,yes
2769,28,26-35,self-employed,single,basic.9y,no,no,no
2770,39,36-45,admin.,married,basic.4y,no,no,no
2771,42,36-45,services,married,professional.course,no,no,no
2772,57,56-65,retired,married,basic.4y,no,yes,no
2773,44,36-45,admin.,married,basic.4y,unknown,no,no
2774,28,26-35,services,married,high.school,no,no,no
2775,41,36-45,admin.,divorced,university.degree,unknown,yes,no
2776,28,26-35,self-employed,married,professional.course,no,no,no
2777,59,56-65,technician,married,university.degree,unknown,unknown,unknown
2778,55,46-55,admin.,married,university.degree,no,no,no
2779,58,56-65,retired,married,basic.4y,unknown,no,no
2780,25,18-25,blue-collar,married,basic.4y,no,no,no
2781,24,18-25,technician,single,professional.course,unknown,no,no
2782,44,36-45,entrepreneur,married,professional.course,no,no,no
2783,51,46-55,blue-collar,married,basic.4y,no,unknown,unknown
2784,37,36-45,housemaid,married,high.school,no,yes,yes
2785,40,36-45,blue-collar,married,basic.9y,no,yes,no
2786,35,26-35,services,married,professional.course,unknown,yes,yes
2787,24,18-25,services,single,professional.course,no,yes,no
2788,48,46-55,services,married,high.school,unknown,yes,yes
2789,48,46-55,admin.,married,basic.9y,unknown,no,yes
2790,26,26-35,admin.,married,high.school,no,no,yes
2791,29,26-35,services,single,university.degree,unknown,yes,no
2792,33,26-35,services,single,high.school,no,no,yes
2793,43,36-45,services,divorced,high.school,no,yes,no
2794,47,46-55,blue-collar,married,professional.course,unknown,no,no
2795,32,26-35,housemaid,single,high.school,no,unknown,unknown
2796,33,26-35,unemployed,divorced,professional.course,no,unknown,unknown
2797,26,26-35,unemployed,married,high.school,no,yes,no
2798,38,36-45,blue-collar,married,basic.6y,unknown,yes,yes
2799,42,36-45,entrepreneur,married,university.degree,no,no,no
2800,35,26-35,blue-collar,divorced,basic.9y,no,yes,yes
2801,42,36-45,blue-collar,divorced,basic.6y,no,yes,no
2802,32,26-35,technician,single,basic.9y,no,yes,no
2803,28,26-35,blue-collar,divorced,high.school,no,yes,no
2804,41,36-45,blue-collar,divorced,basic.9y,no,no,no
2805,32,26-35,admin.,married,university.degree,unknown,unknown,unknown
2806,42,36-45,blue-collar,divorced,basic.9y,no,unknown,unknown
2807,29,26-35,technician,single,university.degree,no,unknown,unknown
2808,22,18-25,services,single,high.school,no,yes,no
2809,31,26-35,blue-collar,married,basic.9y,unknown,yes,yes
2810,52,46-55,entrepreneur,married,university.degree,no,no,no
2811,55,46-55,services,divorced,high.school,no,no,yes
2812,46,46-55,admin.,divorced,high.school,unknown,no,yes
2813,31,26-35,admin.,divorced,university.degree,no,no,no
2814,39,36-45,technician,divorced,professional.course,no,unknown,unknown
2815,44,36-45,technician,divorced,high.school,no,yes,no
2816,29,26-35,technician,single,university.degree,no,yes,no
2817,32,26-35,technician,married,professional.course,no,no,yes
2818,32,26-35,technician,single,high.school,no,yes,yes
2819,48,46-55,technician,divorced,professional.course,no,no,yes
2820,32,26-35,blue-collar,married,professional.course,no,yes,no
2821,28,26-35,unemployed,single,high.school,no,yes,yes
2822,46,46-55,blue-collar,married,basic.4y,no,unknown,unknown
2823,46,46-55,management,married,basic.9y,unknown,no,no
2824,27,26-35,admin.,single,university.degree,no,yes,no
2825,26,26-35,blue-collar,married,basic.4y,no,yes,no
2826,28,26-35,management,married,university.degree,no,no,no
2827,52,46-55,management,married,basic.4y,unknown,no,no
2828,26,26-35,services,married,high.school,no,no,no
2829,26,26-35,blue-collar,married,basic.4y,no,no,yes
2830,34,26-35,blue-collar,married,professional.course,no,yes,no
2831,24,18-25,admin.,single,high.school,no,yes,no
2832,26,26-35,admin.,single,high.school,no,no,yes
2833,60,56-65,admin.,married,professional.course,no,yes,no
2834,24,18-25,blue-collar,married,basic.9y,no,yes,no
2835,55,46-55,entrepreneur,divorced,university.degree,no,yes,yes
2836,47,46-55,technician,married,professional.course,unknown,yes,no
2837,49,46-55,technician,married,professional.course,unknown,yes,no
2838,52,46-55,services,married,high.school,unknown,yes,no
2839,52,46-55,services,divorced,high.school,no,no,no
2840,42,36-45,services,married,basic.9y,unknown,no,no
2841,32,26-35,management,single,basic.4y,no,no,no
2842,57,56-65,housemaid,married,basic.6y,no,no,yes
2843,27,26-35,services,married,professional.course,no,yes,no
2844,46,46-55,blue-collar,divorced,basic.4y,no,no,no
2845,44,36-45,technician,single,professional.course,unknown,no,no
2846,52,46-55,self-employed,married,university.degree,unknown,yes,no
2847,48,46-55,blue-collar,married,basic.6y,no,no,no
2848,31,26-35,technician,married,basic.9y,unknown,yes,no
2849,33,26-35,management,married,university.degree,no,yes,no
2850,37,36-45,blue-collar,single,university.degree,no,yes,no
2851,59,56-65,housemaid,married,unknown,no,no,no
2852,34,26-35,admin.,married,university.degree,no,yes,yes
2853,29,26-35,blue-collar,single,professional.course,no,yes,no
2854,31,26-35,admin.,unknown,high.school,no,no,no
2855,58,56-65,blue-collar,divorced,unknown,no,no,no
2856,38,36-45,services,single,high.school,unknown,yes,no
2857,51,46-55,admin.,single,university.degree,no,no,no
2858,39,36-45,blue-collar,married,professional.course,no,no,no
2859,49,46-55,self-employed,single,basic.9y,no,no,no
2860,25,18-25,services,single,high.school,no,no,no
2861,42,36-45,management,married,basic.6y,unknown,yes,no
2862,47,46-55,technician,single,professional.course,unknown,no,no
2863,43,36-45,services,married,basic.9y,unknown,no,no
2864,40,36-45,housemaid,married,high.school,unknown,yes,no
2865,56,56-65,management,married,unknown,no,no,no
2866,59,56-65,admin.,married,basic.6y,no,yes,no
2867,54,46-55,technician,divorced,professional.course,no,no,no
2868,43,36-45,housemaid,married,basic.4y,unknown,no,no
2869,53,46-55,technician,married,professional.course,no,yes,no
2870,53,46-55,technician,divorced,professional.course,no,no,no
2871,54,46-55,technician,single,university.degree,unknown,unknown,unknown
2872,40,36-45,admin.,married,basic.9y,no,no,no
2873,31,26-35,admin.,married,high.school,no,yes,no
2874,41,36-45,entrepreneur,single,university.degree,unknown,yes,no
2875,25,18-25,admin.,married,high.school,no,no,yes
2876,49,46-55,admin.,divorced,university.degree,no,no,no
2877,53,46-55,blue-collar,married,high.school,no,no,no
2878,40,36-45,admin.,married,professional.course,unknown,yes,no
2879,46,46-55,blue-collar,married,basic.4y,no,yes,yes
2880,40,36-45,unemployed,married,basic.4y,unknown,yes,no
2881,48,46-55,technician,married,unknown,no,yes,yes
2882,58,56-65,retired,married,university.degree,no,no,yes
2883,49,46-55,blue-collar,married,unknown,unknown,yes,no
2884,54,46-55,technician,married,high.school,no,no,no
2885,45,36-45,technician,single,professional.course,no,yes,yes
2886,32,26-35,services,single,basic.6y,no,no,yes
2887,50,46-55,blue-collar,married,basic.4y,no,yes,no
2888,45,36-45,admin.,married,unknown,no,no,no
2889,37,36-45,admin.,married,high.school,unknown,yes,yes
2890,25,18-25,management,single,basic.4y,no,no,no
2891,31,26-35,blue-collar,single,high.school,no,no,no
2892,47,46-55,services,married,high.school,no,no,no
2893,42,36-45,technician,divorced,university.degree,no,no,no
2894,33,26-35,technician,married,high.school,no,no,no
2895,30,26-35,unemployed,single,basic.9y,no,no,no
2896,49,46-55,technician,married,professional.course,no,yes,no
2897,38,36-45,technician,married,professional.course,no,yes,yes
2898,50,46-55,blue-collar,married,basic.4y,unknown,no,yes
2899,58,56-65,blue-collar,married,unknown,no,yes,no
2900,46,46-55,housemaid,married,high.school,unknown,no,no
2901,53,46-55,self-employed,married,basic.4y,no,no,no
2902,32,26-35,technician,married,unknown,unknown,no,no
2903,39,36-45,services,married,high.school,no,no,yes
2904,39,36-45,services,married,high.school,unknown,yes,yes
2905,50,46-55,blue-collar,married,basic.9y,unknown,yes,yes
2906,41,36-45,technician,married,professional.course,no,unknown,unknown
2907,42,36-45,blue-collar,married,unknown,unknown,yes,yes
2908,30,26-35,services,divorced,basic.9y,no,yes,no
2909,41,36-45,services,married,high.school,unknown,yes,no
2910,36,36-45,admin.,married,high.school,no,yes,yes
2911,21,18-25,admin.,single,basic.9y,no,yes,yes
2912,53,46-55,management,married,university.degree,unknown,yes,no
2913,39,36-45,blue-collar,married,basic.6y,no,no,yes
2914,44,36-45,admin.,divorced,university.degree,unknown,yes,yes
2915,47,46-55,entrepreneur,married,unknown,unknown,no,no
2916,27,26-35,blue-collar,single,basic.9y,no,no,no
2917,50,46-55,blue-collar,married,basic.4y,unknown,no,no
2918,36,36-45,admin.,divorced,high.school,no,yes,yes
2919,42,36-45,admin.,married,university.degree,unknown,no,no
2920,47,46-55,admin.,divorced,professional.course,unknown,no,no
2921,45,36-45,blue-collar,married,basic.6y,unknown,no,no
2922,58,56-65,admin.,divorced,basic.9y,unknown,no,no
2923,38,36-45,blue-collar,divorced,unknown,unknown,unknown,unknown
2924,32,26-35,unknown,unknown,university.degree,no,yes,yes
2925,36,36-45,services,single,unknown,no,no,no
2926,36,36-45,admin.,divorced,high.school,no,no,no
2927,45,36-45,services,married,basic.9y,no,yes,no
2928,35,26-35,services,single,basic.4y,no,yes,no
2929,30,26-35,admin.,married,university.degree,no,no,yes
2930,52,46-55,technician,married,basic.9y,unknown,no,no
2931,46,46-55,admin.,married,basic.4y,no,no,no
2932,27,26-35,admin.,married,high.school,unknown,no,yes
2933,39,36-45,unemployed,married,professional.course,no,no,yes
2934,59,56-65,technician,married,university.degree,unknown,no,no
2935,55,46-55,retired,divorced,professional.course,no,no,no
2936,42,36-45,self-employed,married,high.school,no,no,no
2937,38,36-45,blue-collar,single,basic.9y,no,no,yes
2938,57,56-65,blue-collar,divorced,basic.4y,unknown,yes,no
2939,31,26-35,technician,divorced,basic.9y,no,no,no
2940,52,46-55,management,married,university.degree,unknown,yes,no
2941,59,56-65,entrepreneur,divorced,high.school,unknown,no,no
2942,41,36-45,blue-collar,married,high.school,unknown,yes,no
2943,33,26-35,blue-collar,single,basic.4y,no,no,no
2944,54,46-55,entrepreneur,married,basic.6y,unknown,no,no
2945,36,36-45,management,married,university.degree,unknown,no,no
2946,56,56-65,retired,married,high.school,unknown,no,no
2947,41,36-45,management,married,high.school,no,no,yes
2948,46,46-55,blue-collar,married,professional.course,unknown,no,yes
2949,60,56-65,admin.,single,high.school,no,no,yes
2950,49,46-55,entrepreneur,married,basic.4y,unknown,yes,yes
2951,47,46-55,admin.,married,university.degree,unknown,no,yes
2952,35,26-35,blue-collar,divorced,high.school,unknown,yes,no
2953,40,36-45,entrepreneur,married,basic.9y,unknown,yes,yes
2954,42,36-45,housemaid,married,high.school,no,no,no
2955,32,26-35,entrepreneur,single,university.degree,unknown,yes,no
2956,41,36-45,services,married,basic.9y,no,yes,no
2957,57,56-65,blue-collar,divorced,professional.course,no,yes,no
2958,40,36-45,management,married,university.degree,no,no,yes
2959,51,46-55,blue-collar,married,basic.9y,unknown,unknown,unknown
2960,32,26-35,technician,divorced,high.school,no,yes,no
2961,37,36-45,services,single,high.school,no,yes,no
2962,41,36-45,housemaid,married,basic.9y,unknown,yes,no
2963,42,36-45,blue-collar,married,unknown,no,yes,no
2964,45,36-45,housemaid,divorced,university.degree,no,no,no
2965,34,26-35,blue-collar,married,basic.6y,unknown,yes,no
2966,41,36-45,management,married,university.degree,no,yes,no
2967,48,46-55,entrepreneur,married,basic.9y,unknown,yes,no
2968,49,46-55,admin.,married,university.degree,unknown,yes,no
2969,31,26-35,entrepreneur,married,basic.9y,no,no,no
2970,45,36-45,self-employed,married,basic.4y,unknown,yes,no
2971,51,46-55,retired,married,basic.9y,no,no,no
2972,48,46-55,self-employed,married,university.degree,unknown,no,no
2973,51,46-55,retired,married,basic.9y,no,yes,no
2974,44,36-45,services,married,high.school,no,unknown,unknown
2975,35,26-35,blue-collar,divorced,basic.9y,no,no,yes
2976,36,36-45,self-employed,married,basic.6y,unknown,yes,yes
2977,37,36-45,services,married,high.school,unknown,no,yes
2978,31,26-35,blue-collar,unknown,unknown,unknown,no,no
2979,38,36-45,technician,married,professional.course,no,unknown,unknown
2980,29,26-35,student,single,university.degree,no,yes,no
2981,41,36-45,management,married,basic.9y,no,yes,no
2982,32,26-35,student,single,high.school,unknown,yes,no
2983,34,26-35,technician,married,professional.course,no,no,no
2984,44,36-45,management,married,university.degree,no,yes,no
2985,29,26-35,services,divorced,high.school,no,yes,no
2986,57,56-65,retired,single,professional.course,no,no,no
2987,50,46-55,admin.,married,basic.9y,no,yes,yes
2988,58,56-65,retired,married,basic.4y,no,yes,no
2989,34,26-35,technician,married,professional.course,no,yes,no
2990,40,36-45,admin.,single,university.degree,no,no,no
2991,46,46-55,management,married,basic.9y,no,yes,yes
2992,27,26-35,blue-collar,married,basic.6y,no,no,no
2993,41,36-45,management,single,high.school,no,no,no
2994,48,46-55,blue-collar,divorced,professional.course,no,yes,no
2995,30,26-35,self-employed,married,professional.course,no,no,no
2996,58,56-65,management,married,basic.4y,no,no,no
2997,39,36-45,blue-collar,single,basic.9y,no,no,no
2998,39,36-45,management,single,basic.9y,unknown,yes,no
2999,33,26-35,management,married,professional.course,no,no,no
3000,57,56-65,retired,married,basic.4y,no,yes,yes
3001,33,26-35,blue-collar,divorced,basic.9y,no,no,no
3002,57,56-65,self-employed,married,unknown,unknown,no,yes
3003,50,46-55,admin.,single,university.degree,no,yes,no
3004,44,36-45,blue-collar,married,basic.9y,no,yes,yes
3005,56,56-65,retired,divorced,high.school,no,yes,no
3006,42,36-45,blue-collar,married,basic.6y,no,yes,yes
3007,37,36-45,blue-collar,married,high.school,unknown,no,no
3008,39,36-45,management,married,high.school,no,yes,yes
3009,34,26-35,services,married,basic.6y,unknown,yes,no
3010,50,46-55,housemaid,divorced,basic.4y,unknown,yes,yes
3011,28,26-35,blue-collar,single,basic.4y,no,no,no
3012,43,36-45,housemaid,married,basic.4y,no,unknown,unknown
3013,27,26-35,admin.,married,high.school,no,yes,no
3014,38,36-45,services,married,basic.9y,no,unknown,unknown
3015,39,36-45,admin.,married,basic.6y,unknown,yes,yes
3016,36,36-45,technician,divorced,university.degree,unknown,yes,no
3017,55,46-55,technician,married,basic.9y,unknown,yes,yes
3018,27,26-35,blue-collar,married,basic.6y,unknown,unknown,unknown
3019,51,46-55,entrepreneur,married,basic.4y,no,no,no
3020,34,26-35,housemaid,married,high.school,no,no,no
3021,28,26-35,technician,married,professional.course,no,yes,no
3022,26,26-35,blue-collar,married,basic.4y,no,yes,yes
3023,50,46-55,admin.,married,basic.9y,unknown,yes,yes
3024,52,46-55,blue-collar,married,basic.4y,unknown,no,no
3025,52,46-55,blue-collar,married,basic.9y,no,yes,yes
3026,45,36-45,admin.,married,high.school,no,no,no
3027,43,36-45,technician,married,basic.9y,unknown,yes,no
3028,45,36-45,unemployed,married,university.degree,no,no,no
3029,39,36-45,blue-collar,married,professional.course,unknown,no,no
3030,55,46-55,admin.,divorced,university.degree,no,no,no
3031,27,26-35,technician,single,university.degree,no,yes,no
3032,38,36-45,self-employed,single,university.degree,no,unknown,unknown
3033,24,18-25,student,married,university.degree,no,no,no
3034,44,36-45,admin.,married,basic.4y,unknown,yes,yes
3035,60,56-65,admin.,married,university.degree,unknown,no,no
3036,42,36-45,admin.,married,basic.9y,no,yes,yes
3037,35,26-35,blue-collar,married,high.school,no,yes,yes
3038,53,46-55,retired,married,high.school,unknown,no,no
3039,24,18-25,admin.,single,high.school,no,no,no
3040,35,26-35,admin.,divorced,university.degree,no,no,no
3041,25,18-25,admin.,single,high.school,no,no,no
3042,59,56-65,entrepreneur,married,university.degree,unknown,yes,yes
3043,56,56-65,admin.,married,basic.9y,no,no,no
3044,32,26-35,entrepreneur,married,basic.6y,no,no,no
3045,27,26-35,blue-collar,married,basic.9y,no,yes,yes
3046,34,26-35,management,single,basic.9y,no,no,no
3047,37,36-45,unemployed,married,high.school,no,no,no
3048,57,56-65,technician,divorced,unknown,no,no,no
3049,43,36-45,services,married,professional.course,no,yes,no
3050,49,46-55,admin.,single,high.school,no,no,no
3051,33,26-35,technician,married,university.degree,unknown,yes,no
3052,33,26-35,admin.,single,professional.course,no,no,no
3053,41,36-45,admin.,married,unknown,unknown,no,no
3054,22,18-25,blue-collar,married,basic.4y,no,unknown,unknown
3055,39,36-45,housemaid,married,basic.9y,no,no,no
3056,39,36-45,housemaid,married,basic.4y,no,yes,no
3057,55,46-55,services,divorced,basic.4y,unknown,yes,no
3058,43,36-45,admin.,married,university.degree,no,no,no
3059,42,36-45,services,married,high.school,unknown,yes,no
3060,31,26-35,technician,single,university.degree,no,no,no
3061,56,56-65,admin.,divorced,high.school,no,yes,no
3062,42,36-45,blue-collar,divorced,basic.4y,no,no,no
3063,41,36-45,admin.,single,high.school,no,yes,no
3064,41,36-45,technician,divorced,basic.4y,no,yes,no
3065,53,46-55,admin.,married,university.degree,no,no,yes
3066,33,26-35,housemaid,married,basic.4y,no,unknown,unknown
3067,34,26-35,services,married,high.school,unknown,yes,yes
3068,31,26-35,technician,single,high.school,no,no,yes
3069,46,46-55,services,married,professional.course,no,yes,no
3070,31,26-35,admin.,divorced,university.degree,no,yes,no
3071,40,36-45,services,single,high.school,no,yes,yes
3072,56,56-65,retired,divorced,basic.4y,no,no,no
3073,41,36-45,admin.,married,university.degree,no,no,no
3074,55,46-55,technician,married,high.school,no,yes,no
3075,42,36-45,admin.,single,basic.9y,unknown,no,yes
3076,60,56-65,housemaid,married,high.school,unknown,yes,no
3077,45,36-45,admin.,married,university.degree,no,yes,yes
3078,33,26-35,unemployed,married,basic.9y,no,yes,no
3079,54,46-55,management,divorced,basic.6y,unknown,yes,no
3080,49,46-55,housemaid,married,basic.4y,unknown,no,yes
3081,42,36-45,admin.,single,university.degree,no,yes,yes
3082,38,36-45,blue-collar,married,high.school,unknown,yes,no
3083,56,56-65,self-employed,married,basic.4y,no,no,no
3084,33,26-35,technician,married,professional.course,no,yes,yes
3085,45,36-45,admin.,single,high.school,unknown,yes,yes
3086,46,46-55,self-employed,married,university.degree,no,yes,yes
3087,50,46-55,self-employed,married,basic.4y,unknown,no,yes
3088,33,26-35,blue-collar,married,basic.4y,unknown,yes,yes
3089,49,46-55,housemaid,single,high.school,unknown,yes,no
3090,36,36-45,services,married,high.school,no,yes,yes
3091,52,46-55,self-employed,single,university.degree,unknown,no,no
3092,49,46-55,blue-collar,married,basic.9y,unknown,no,yes
3093,45,36-45,admin.,single,professional.course,no,yes,no
3094,31,26-35,services,married,professional.course,no,no,no
3095,25,18-25,services,divorced,high.school,no,yes,yes
3096,22,18-25,services,single,basic.4y,no,no,no
3097,37,36-45,unemployed,married,professional.course,no,yes,no
3098,37,36-45,technician,married,university.degree,no,yes,yes
3099,43,36-45,entrepreneur,married,basic.9y,no,yes,no
3100,56,56-65,blue-collar,married,unknown,unknown,yes,no
3101,37,36-45,services,single,high.school,no,no,no
3102,54,46-55,blue-collar,married,basic.9y,unknown,no,no
3103,38,36-45,services,married,basic.9y,no,no,no
3104,55,46-55,admin.,single,university.degree,unknown,yes,yes
3105,36,36-45,admin.,married,high.school,no,unknown,unknown
3106,51,46-55,admin.,married,professional.course,unknown,no,no
3107,32,26-35,management,single,university.degree,no,yes,no
3108,34,26-35,blue-collar,married,basic.9y,no,yes,yes
3109,52,46-55,services,married,university.degree,no,yes,no
3110,33,26-35,management,married,basic.9y,no,yes,no
3111,29,26-35,blue-collar,married,basic.9y,unknown,yes,no
3112,35,26-35,self-employed,married,basic.9y,no,yes,no
3113,35,26-35,retired,married,professional.course,no,no,no
3114,53,46-55,entrepreneur,single,basic.9y,no,no,no
3115,36,36-45,management,married,high.school,no,no,no
3116,44,36-45,services,divorced,high.school,unknown,no,no
3117,35,26-35,management,married,university.degree,no,no,yes
3118,28,26-35,management,married,high.school,unknown,yes,no
3119,43,36-45,housemaid,married,basic.4y,unknown,no,yes
3120,30,26-35,entrepreneur,married,professional.course,no,no,no
3121,36,36-45,student,single,university.degree,unknown,yes,no
3122,40,36-45,blue-collar,married,basic.9y,no,yes,yes
3123,35,26-35,technician,single,university.degree,no,yes,no
3124,27,26-35,admin.,single,basic.9y,no,yes,yes
3125,57,56-65,retired,married,basic.4y,no,no,no
3126,55,46-55,retired,divorced,high.school,unknown,yes,no
3127,53,46-55,retired,divorced,high.school,no,yes,no
3128,31,26-35,blue-collar,married,basic.6y,no,no,yes
3129,45,36-45,blue-collar,married,basic.9y,no,no,no
3130,56,56-65,management,married,university.degree,no,yes,yes
3131,60,56-65,entrepreneur,married,basic.4y,no,no,yes
3132,56,56-65,management,married,university.degree,no,no,yes
3133,49,46-55,entrepreneur,married,high.school,unknown,no,no
3134,43,36-45,blue-collar,single,professional.course,no,no,no
3135,38,36-45,blue-collar,single,basic.4y,no,no,no
3136,37,36-45,services,married,high.school,unknown,no,no
3137,59,56-65,retired,married,high.school,unknown,no,no
3138,42,36-45,admin.,single,unknown,unknown,yes,yes
3139,36,36-45,admin.,single,professional.course,no,yes,yes
3140,41,36-45,blue-collar,divorced,basic.6y,no,yes,yes
3141,40,36-45,admin.,married,university.degree,no,yes,yes
3142,57,56-65,housemaid,married,basic.4y,no,no,yes
3143,42,36-45,technician,married,university.degree,unknown,no,no
3144,33,26-35,admin.,single,high.school,no,no,no
3145,36,36-45,services,single,high.school,unknown,no,no
3146,57,56-65,management,married,basic.9y,unknown,yes,no
3147,51,46-55,blue-collar,married,basic.9y,no,yes,yes
3148,55,46-55,admin.,single,university.degree,no,yes,no
3149,41,36-45,blue-collar,married,basic.9y,unknown,yes,yes
3150,27,26-35,admin.,single,high.school,unknown,yes,no
3151,37,36-45,management,married,university.degree,unknown,no,no
3152,31,26-35,management,married,basic.9y,no,no,yes
3153,32,26-35,services,married,high.school,no,yes,yes
3154,35,26-35,housemaid,married,high.school,no,no,no
3155,38,36-45,blue-collar,married,basic.9y,unknown,yes,no
3156,46,46-55,blue-collar,divorced,basic.9y,no,no,no
3157,39,36-45,self-employed,married,university.degree,no,no,no
3158,58,56-65,management,single,professional.course,no,no,no
3159,44,36-45,technician,divorced,professional.course,no,no,no
3160,30,26-35,housemaid,married,high.school,no,yes,no
3161,36,36-45,unemployed,single,basic.4y,unknown,yes,no
3162,24,18-25,services,single,high.school,no,unknown,unknown
3163,32,26-35,technician,married,professional.course,no,yes,no
3164,58,56-65,management,married,basic.9y,no,yes,no
3165,29,26-35,blue-collar,married,basic.9y,no,yes,no
3166,52,46-55,retired,divorced,basic.4y,no,yes,yes
3167,46,46-55,entrepreneur,married,professional.course,no,yes,no
3168,58,56-65,blue-collar,married,high.school,no,yes,no
3169,53,46-55,unknown,married,high.school,unknown,yes,no
3170,57,56-65,technician,married,high.school,no,no,no
3171,37,36-45,admin.,divorced,high.school,unknown,yes,yes
3172,31,26-35,technician,married,professional.course,no,unknown,unknown
3173,29,26-35,blue-collar,married,high.school,no,yes,yes
3174,26,26-35,blue-collar,single,basic.4y,no,yes,yes
3175,30,26-35,blue-collar,married,high.school,no,yes,no
3176,35,26-35,technician,married,university.degree,unknown,no,no
3177,27,26-35,blue-collar,single,high.school,no,no,no
3178,32,26-35,technician,single,university.degree,unknown,no,no
3179,26,26-35,services,divorced,basic.6y,no,yes,no
3180,43,36-45,admin.,married,high.school,no,unknown,unknown
3181,30,26-35,management,married,university.degree,no,unknown,unknown
3182,33,26-35,technician,single,university.degree,no,no,no
3183,50,46-55,unemployed,married,high.school,no,no,yes
3184,36,36-45,unknown,single,basic.6y,unknown,yes,no
3185,35,26-35,technician,married,high.school,no,no,no
3186,51,46-55,entrepreneur,married,basic.4y,unknown,yes,no
3187,44,36-45,unemployed,divorced,high.school,unknown,yes,no
3188,25,18-25,blue-collar,married,basic.9y,unknown,yes,no
3189,57,56-65,management,married,basic.9y,no,no,no
3190,45,36-45,blue-collar,divorced,basic.9y,no,no,no
3191,56,56-65,entrepreneur,married,university.degree,no,no,yes
3192,49,46-55,housemaid,divorced,basic.6y,no,yes,no
3193,44,36-45,technician,married,high.school,unknown,yes,no
3194,60,56-65,retired,married,professional.course,unknown,no,no
3195,26,26-35,admin.,married,basic.9y,no,yes,no
3196,58,56-65,technician,married,professional.course,unknown,no,no
3197,29,26-35,admin.,single,basic.9y,unknown,yes,no
3198,49,46-55,technician,divorced,university.degree,unknown,yes,yes
3199,48,46-55,management,married,university.degree,no,unknown,unknown
3200,37,36-45,self-employed,married,high.school,no,no,yes
3201,30,26-35,technician,married,university.degree,unknown,yes,no
3202,57,56-65,services,divorced,high.school,no,yes,no
3203,38,36-45,technician,single,professional.course,unknown,no,no
3204,42,36-45,blue-collar,divorced,basic.9y,no,no,no
3205,52,46-55,services,married,high.school,no,no,no
3206,55,46-55,admin.,married,university.degree,unknown,yes,yes
3207,45,36-45,services,divorced,high.school,no,no,no
3208,24,18-25,unemployed,single,university.degree,no,no,no
3209,31,26-35,technician,married,high.school,no,yes,no
3210,36,36-45,services,single,basic.6y,unknown,yes,yes
3211,56,56-65,admin.,married,university.degree,unknown,no,no
3212,42,36-45,blue-collar,divorced,basic.4y,no,yes,no
3213,56,56-65,technician,married,high.school,no,yes,no
3214,30,26-35,blue-collar,single,high.school,unknown,yes,no
3215,38,36-45,admin.,married,high.school,no,unknown,unknown
3216,31,26-35,self-employed,married,university.degree,no,no,no
3217,25,18-25,self-employed,single,university.degree,no,yes,no
3218,40,36-45,services,single,university.degree,no,no,no
3219,35,26-35,blue-collar,single,basic.9y,unknown,no,no
3220,43,36-45,services,married,high.school,unknown,unknown,unknown
3221,49,46-55,management,married,university.degree,no,yes,no
3222,38,36-45,unemployed,divorced,university.degree,no,yes,no
3223,35,26-35,self-employed,married,university.degree,no,yes,no
3224,35,26-35,services,single,professional.course,unknown,no,no
3225,35,26-35,admin.,married,university.degree,unknown,yes,no
3226,55,46-55,technician,married,basic.6y,unknown,yes,no
3227,50,46-55,blue-collar,divorced,basic.9y,unknown,no,no
3228,43,36-45,self-employed,married,basic.9y,no,no,no
3229,51,46-55,services,married,high.school,unknown,no,no
3230,34,26-35,services,married,basic.9y,no,yes,yes
3231,33,26-35,services,divorced,high.school,no,yes,yes
3232,44,36-45,blue-collar,divorced,unknown,no,yes,yes
3233,43,36-45,blue-collar,married,high.school,unknown,unknown,unknown
3234,56,56-65,services,divorced,high.school,unknown,yes,no
3235,31,26-35,blue-collar,single,basic.9y,unknown,yes,no
3236,38,36-45,entrepreneur,married,basic.6y,no,unknown,unknown
3237,50,46-55,blue-collar,married,basic.4y,no,no,no
3238,33,26-35,self-employed,divorced,unknown,no,no,no
3239,36,36-45,services,single,high.school,no,no,no
3240,29,26-35,housemaid,single,high.school,no,yes,no
3241,38,36-45,services,single,basic.9y,unknown,yes,no
3242,46,46-55,entrepreneur,married,professional.course,no,no,no
3243,37,36-45,blue-collar,single,high.school,no,yes,yes
3244,26,26-35,admin.,married,university.degree,no,no,no
3245,47,46-55,blue-collar,married,basic.6y,unknown,no,no
3246,36,36-45,blue-collar,married,high.school,unknown,no,no
3247,54,46-55,technician,married,professional.course,no,yes,no
3248,37,36-45,services,married,basic.6y,no,no,no
3249,46,46-55,entrepreneur,married,university.degree,unknown,no,no
3250,55,46-55,technician,married,high.school,no,no,no
3251,40,36-45,admin.,single,unknown,unknown,yes,no
3252,50,46-55,blue-collar,divorced,high.school,no,no,no
3253,40,36-45,blue-collar,married,basic.6y,no,no,no
3254,29,26-35,entrepreneur,married,basic.6y,no,yes,no
3255,58,56-65,admin.,divorced,university.degree,no,yes,yes
3256,37,36-45,services,married,high.school,no,yes,yes
3257,37,36-45,technician,married,professional.course,unknown,no,no
3258,48,46-55,blue-collar,married,basic.9y,unknown,yes,no
3259,59,56-65,admin.,single,professional.course,no,no,no
3260,28,26-35,services,married,high.school,unknown,yes,no
3261,53,46-55,unemployed,married,basic.4y,unknown,yes,no
3262,39,36-45,admin.,single,unknown,no,no,yes
3263,37,36-45,blue-collar,married,basic.4y,unknown,no,no
3264,27,26-35,services,married,high.school,unknown,no,no
3265,38,36-45,blue-collar,single,high.school,unknown,yes,no
3266,46,46-55,technician,single,university.degree,no,yes,no
3267,40,36-45,blue-collar,single,unknown,unknown,yes,no
3268,37,36-45,entrepreneur,married,university.degree,no,no,yes
3269,26,26-35,services,single,basic.9y,no,no,yes
3270,54,46-55,management,married,basic.4y,no,no,no
3271,41,36-45,blue-collar,divorced,basic.6y,no,no,no
3272,45,36-45,management,married,unknown,unknown,yes,yes
3273,33,26-35,services,single,high.school,no,unknown,unknown
3274,53,46-55,blue-collar,divorced,basic.4y,unknown,yes,no
3275,38,36-45,admin.,single,university.degree,unknown,no,no
3276,37,36-45,blue-collar,single,basic.9y,no,no,no
3277,46,46-55,admin.,divorced,high.school,no,no,no
3278,54,46-55,blue-collar,single,basic.4y,unknown,yes,no
3279,41,36-45,management,married,university.degree,no,no,yes
3280,55,46-55,housemaid,married,basic.4y,no,no,no
3281,25,18-25,services,married,high.school,unknown,no,no
3282,36,36-45,technician,married,professional.course,unknown,no,no
3283,50,46-55,admin.,divorced,basic.9y,no,no,no
3284,53,46-55,blue-collar,married,basic.9y,no,no,yes
3285,37,36-45,self-employed,married,professional.course,no,no,yes
3286,36,36-45,services,single,basic.9y,unknown,no,yes
3287,39,36-45,blue-collar,married,basic.4y,no,no,yes
3288,46,46-55,entrepreneur,married,high.school,no,no,yes
3289,28,26-35,technician,divorced,university.degree,no,no,no
3290,26,26-35,blue-collar,single,basic.9y,unknown,no,yes
3291,30,26-35,services,single,unknown,no,no,yes
3292,38,36-45,technician,married,basic.6y,unknown,no,no
3293,37,36-45,technician,single,basic.9y,no,no,yes
3294,36,36-45,blue-collar,divorced,high.school,no,no,yes
3295,22,18-25,blue-collar,single,basic.6y,unknown,no,yes
3296,47,46-55,admin.,single,university.degree,no,yes,yes
3297,46,46-55,services,married,high.school,no,yes,no
3298,27,26-35,blue-collar,single,basic.9y,no,yes,no
3299,30,26-35,management,divorced,university.degree,no,no,yes
3300,47,46-55,blue-collar,divorced,basic.9y,no,no,yes
3301,55,46-55,blue-collar,married,professional.course,unknown,yes,no
3302,60,56-65,retired,divorced,basic.4y,unknown,no,yes
3303,48,46-55,technician,married,high.school,no,yes,no
3304,42,36-45,blue-collar,divorced,basic.4y,no,no,yes
3305,46,46-55,admin.,single,university.degree,no,yes,no
3306,36,36-45,services,single,basic.9y,no,no,no
3307,50,46-55,blue-collar,married,high.school,unknown,yes,no
3308,37,36-45,management,single,university.degree,no,yes,no
3309,42,36-45,technician,married,university.degree,no,yes,no
3310,24,18-25,services,single,basic.9y,no,yes,yes
3311,36,36-45,blue-collar,married,university.degree,unknown,yes,yes
3312,51,46-55,admin.,divorced,unknown,no,unknown,unknown
3313,39,36-45,admin.,married,high.school,no,yes,yes
3314,37,36-45,blue-collar,single,basic.9y,no,yes,no
3315,47,46-55,entrepreneur,divorced,university.degree,no,yes,no
3316,29,26-35,services,single,university.degree,no,yes,yes
3317,44,36-45,housemaid,married,high.school,unknown,no,no
3318,47,46-55,blue-collar,divorced,basic.4y,no,no,no
3319,38,36-45,entrepreneur,divorced,university.degree,unknown,yes,no
3320,25,18-25,housemaid,married,basic.9y,no,yes,no
3321,47,46-55,blue-collar,married,basic.6y,no,yes,no
3322,55,46-55,housemaid,married,professional.course,no,yes,yes
3323,36,36-45,technician,single,university.degree,unknown,no,no
3324,48,46-55,blue-collar,divorced,basic.9y,no,yes,yes
3325,40,36-45,self-employed,married,high.school,unknown,yes,no
3326,58,56-65,services,divorced,professional.course,no,yes,no
3327,55,46-55,retired,married,high.school,no,no,no
3328,39,36-45,technician,married,professional.course,no,no,yes
3329,48,46-55,blue-collar,married,basic.6y,no,unknown,unknown
3330,30,26-35,services,single,high.school,unknown,no,no
3331,32,26-35,entrepreneur,married,high.school,unknown,yes,no
3332,56,56-65,unemployed,divorced,university.degree,unknown,yes,no
3333,48,46-55,technician,single,high.school,no,yes,yes
3334,42,36-45,admin.,divorced,high.school,no,yes,no
3335,47,46-55,admin.,married,unknown,no,no,no
3336,34,26-35,admin.,divorced,basic.6y,no,no,no
3337,53,46-55,services,divorced,university.degree,no,no,yes
3338,44,36-45,self-employed,married,university.degree,unknown,unknown,unknown
3339,48,46-55,services,single,high.school,unknown,yes,yes
3340,44,36-45,housemaid,single,unknown,unknown,yes,yes
3341,33,26-35,unemployed,married,basic.9y,no,yes,yes
3342,42,36-45,entrepreneur,married,high.school,no,yes,no
3343,45,36-45,services,single,basic.9y,unknown,yes,no
3344,55,46-55,technician,single,university.degree,unknown,yes,no
3345,32,26-35,services,single,professional.course,no,yes,yes
3346,42,36-45,admin.,divorced,university.degree,no,no,yes
3347,57,56-65,admin.,divorced,high.school,no,no,no
3348,31,26-35,technician,single,university.degree,no,yes,no
3349,28,26-35,blue-collar,single,basic.9y,unknown,no,yes
3350,47,46-55,management,married,university.degree,no,yes,yes
3351,26,26-35,student,single,basic.9y,unknown,yes,yes
3352,39,36-45,management,married,university.degree,no,yes,yes
3353,42,36-45,unemployed,married,basic.9y,no,yes,yes
3354,57,56-65,blue-collar,married,basic.4y,unknown,yes,yes
3355,59,56-65,technician,divorced,university.degree,no,no,no
3356,43,36-45,admin.,married,professional.course,no,no,no
3357,47,46-55,management,divorced,basic.6y,unknown,yes,yes
3358,43,36-45,entrepreneur,married,basic.9y,unknown,yes,no
3359,39,36-45,blue-collar,married,unknown,no,no,no
3360,41,36-45,technician,single,professional.course,no,no,no
3361,37,36-45,blue-collar,single,unknown,no,no,no
3362,49,46-55,entrepreneur,married,university.degree,no,no,no
3363,23,18-25,services,married,basic.9y,no,yes,no
3364,36,36-45,admin.,married,high.school,unknown,yes,no
3365,27,26-35,technician,married,university.degree,no,no,no
3366,37,36-45,entrepreneur,married,basic.6y,unknown,unknown,unknown
3367,55,46-55,blue-collar,married,basic.4y,no,no,yes
3368,42,36-45,management,married,unknown,unknown,no,no
3369,38,36-45,services,married,high.school,no,no,yes
3370,28,26-35,blue-collar,single,basic.6y,unknown,unknown,unknown
3371,36,36-45,admin.,single,high.school,no,no,yes
3372,51,46-55,blue-collar,single,basic.4y,unknown,no,no
3373,27,26-35,blue-collar,single,basic.9y,unknown,yes,no
3374,37,36-45,admin.,married,university.degree,no,yes,yes
3375,31,26-35,entrepreneur,married,basic.6y,no,yes,no
3376,39,36-45,admin.,married,university.degree,unknown,no,no
3377,53,46-55,retired,married,basic.9y,no,yes,no
3378,32,26-35,self-employed,married,basic.9y,no,no,no
3379,51,46-55,technician,married,basic.6y,unknown,yes,yes
3380,38,36-45,admin.,single,university.degree,no,yes,no
3381,36,36-45,blue-collar,married,basic.6y,no,no,no
3382,48,46-55,technician,divorced,professional.course,no,yes,yes
3383,34,26-35,blue-collar,married,high.school,no,yes,no
3384,41,36-45,self-employed,married,university.degree,no,yes,no
3385,57,56-65,blue-collar,married,basic.9y,no,yes,no
3386,37,36-45,housemaid,married,high.school,no,no,no
3387,54,46-55,blue-collar,single,basic.4y,unknown,unknown,unknown
3388,44,36-45,retired,married,basic.9y,no,yes,no
3389,37,36-45,blue-collar,married,basic.6y,unknown,no,yes
3390,50,46-55,admin.,divorced,university.degree,no,no,no
3391,46,46-55,admin.,married,high.school,unknown,yes,no
3392,31,26-35,services,single,professional.course,no,no,no
3393,44,36-45,blue-collar,married,professional.course,no,unknown,unknown
3394,32,26-35,blue-collar,married,basic.6y,no,yes,no
3395,49,46-55,services,married,high.school,unknown,yes,yes
3396,27,26-35,blue-collar,married,unknown,no,yes,no
3397,47,46-55,services,married,professional.course,no,yes,no
3398,39,36-45,blue-collar,single,professional.course,no,no,no
3399,37,36-45,blue-collar,divorced,basic.4y,unknown,yes,yes
3400,49,46-55,admin.,single,university.degree,no,no,no
3401,40,36-45,blue-collar,married,basic.6y,unknown,yes,yes
3402,53,46-55,services,single,high.school,unknown,no,yes
3403,55,46-55,technician,married,professional.course,no,yes,yes
3404,36,36-45,blue-collar,single,high.school,no,yes,no
3405,46,46-55,admin.,married,basic.9y,unknown,no,no
3406,48,46-55,housemaid,divorced,basic.4y,unknown,no,yes
3407,49,46-55,blue-collar,divorced,basic.4y,no,yes,no
3408,49,46-55,technician,married,unknown,no,yes,no
3409,25,18-25,self-employed,married,university.degree,no,yes,no
3410,26,26-35,blue-collar,married,basic.6y,unknown,yes,yes
3411,38,36-45,entrepreneur,married,university.degree,no,yes,no
3412,42,36-45,blue-collar,married,basic.6y,unknown,no,yes
3413,51,46-55,blue-collar,married,unknown,no,no,no
3414,35,26-35,housemaid,married,high.school,no,yes,no
3415,35,26-35,blue-collar,married,basic.4y,unknown,no,no
3416,53,46-55,entrepreneur,married,university.degree,unknown,no,yes
3417,40,36-45,management,divorced,university.degree,unknown,yes,no
3418,41,36-45,services,divorced,unknown,no,no,no
3419,35,26-35,student,single,high.school,no,yes,no
3420,52,46-55,technician,married,unknown,unknown,yes,no
3421,48,46-55,services,married,professional.course,no,yes,no
3422,40,36-45,entrepreneur,married,high.school,no,no,yes
3423,35,26-35,student,single,university.degree,unknown,no,yes
3424,59,56-65,technician,married,professional.course,no,yes,no
3425,43,36-45,management,married,high.school,no,no,no
3426,30,26-35,blue-collar,single,high.school,no,no,no
3427,45,36-45,blue-collar,married,illiterate,unknown,no,yes
3428,60,56-65,retired,married,basic.4y,unknown,yes,no
3429,46,46-55,entrepreneur,married,unknown,unknown,yes,no
3430,31,26-35,blue-collar,divorced,basic.9y,no,yes,no
3431,26,26-35,blue-collar,single,basic.9y,no,yes,yes
3432,35,26-35,entrepreneur,married,high.school,no,no,no
3433,54,46-55,services,single,high.school,unknown,no,no
3434,43,36-45,blue-collar,married,professional.course,no,no,yes
3435,37,36-45,admin.,single,university.degree,no,yes,yes
3436,37,36-45,technician,married,university.degree,unknown,no,no
3437,28,26-35,housemaid,married,basic.6y,unknown,no,no
3438,27,26-35,services,married,high.school,unknown,no,yes
3439,31,26-35,unemployed,married,professional.course,no,yes,no
3440,34,26-35,management,married,unknown,no,yes,no
3441,56,56-65,retired,divorced,basic.4y,no,yes,yes
3442,51,46-55,admin.,married,basic.9y,no,yes,no
3443,37,36-45,blue-collar,married,basic.6y,no,no,yes
3444,48,46-55,retired,divorced,professional.course,no,no,no
3445,34,26-35,blue-collar,single,basic.9y,no,yes,no
3446,39,36-45,technician,single,professional.course,no,no,no
3447,42,36-45,blue-collar,married,unknown,no,no,yes
3448,49,46-55,services,divorced,high.school,unknown,no,yes
3449,43,36-45,technician,married,professional.course,no,no,yes
3450,31,26-35,admin.,divorced,high.school,no,no,yes
3451,53,46-55,blue-collar,divorced,basic.4y,no,yes,no
3452,26,26-35,admin.,single,high.school,no,yes,yes
3453,41,36-45,technician,married,professional.course,no,no,yes
3454,30,26-35,blue-collar,single,university.degree,no,no,no
3455,44,36-45,management,married,university.degree,no,no,yes
3456,31,26-35,services,single,basic.6y,no,yes,no
3457,27,26-35,technician,married,university.degree,no,no,yes
3458,56,56-65,services,married,high.school,unknown,no,yes
3459,30,26-35,admin.,divorced,university.degree,no,no,yes
3460,33,26-35,services,single,basic.9y,no,no,yes
3461,29,26-35,self-employed,married,basic.9y,unknown,yes,no
3462,46,46-55,admin.,single,university.degree,no,no,yes
3463,57,56-65,technician,married,professional.course,no,no,no
3464,33,26-35,self-employed,married,basic.9y,no,no,no
3465,49,46-55,management,married,university.degree,unknown,yes,no
3466,32,26-35,management,married,university.degree,no,no,no
3467,38,36-45,blue-collar,single,basic.6y,no,yes,no
3468,37,36-45,admin.,single,high.school,unknown,yes,no
3469,42,36-45,housemaid,married,professional.course,no,yes,no
3470,49,46-55,technician,married,basic.9y,no,yes,no
3471,59,56-65,admin.,married,university.degree,unknown,no,yes
3472,35,26-35,blue-collar,married,high.school,no,yes,no
3473,51,46-55,blue-collar,married,high.school,no,yes,no
3474,48,46-55,admin.,single,university.degree,no,no,no
3475,46,46-55,blue-collar,married,unknown,no,yes,no
3476,29,26-35,services,single,high.school,no,no,no
3477,44,36-45,technician,married,university.degree,no,no,no
3478,41,36-45,self-employed,married,high.school,no,no,no
3479,42,36-45,technician,single,high.school,no,no,no
3480,38,36-45,blue-collar,married,unknown,no,yes,no
3481,57,56-65,retired,single,professional.course,no,yes,no
3482,47,46-55,blue-collar,married,basic.4y,unknown,yes,no
3483,42,36-45,admin.,married,basic.4y,no,no,no
3484,26,26-35,blue-collar,married,basic.9y,no,yes,no
3485,39,36-45,entrepreneur,married,university.degree,no,yes,no
3486,46,46-55,self-employed,married,basic.9y,unknown,yes,yes
3487,48,46-55,self-employed,married,basic.9y,unknown,no,no
3488,47,46-55,entrepreneur,married,high.school,no,no,no
3489,48,46-55,retired,divorced,professional.course,no,yes,no
3490,30,26-35,blue-collar,married,high.school,no,no,no
3491,28,26-35,blue-collar,married,basic.6y,no,yes,no
3492,32,26-35,services,single,basic.9y,no,yes,no
3493,44,36-45,blue-collar,married,basic.4y,unknown,yes,no
3494,44,36-45,unemployed,married,university.degree,unknown,no,yes
3495,32,26-35,blue-collar,divorced,basic.9y,unknown,yes,no
3496,33,26-35,services,married,professional.course,no,no,no
3497,42,36-45,unemployed,married,high.school,unknown,yes,yes
3498,31,26-35,admin.,married,university.degree,unknown,yes,no
3499,50,46-55,entrepreneur,divorced,university.degree,no,yes,no
3500,42,36-45,services,married,unknown,no,no,no
3501,27,26-35,unemployed,married,high.school,no,yes,yes
3502,56,56-65,technician,married,professional.course,unknown,no,yes
3503,33,26-35,blue-collar,single,basic.9y,unknown,no,yes
3504,28,26-35,admin.,married,high.school,no,unknown,unknown
3505,39,36-45,entrepreneur,married,basic.6y,unknown,yes,yes
3506,52,46-55,admin.,married,basic.6y,no,no,no
3507,51,46-55,admin.,divorced,basic.9y,unknown,yes,no
3508,41,36-45,admin.,single,high.school,no,no,yes
3509,46,46-55,admin.,married,unknown,unknown,no,no
3510,44,36-45,management,divorced,basic.9y,unknown,no,no
3511,42,36-45,housemaid,married,basic.4y,no,yes,no
3512,44,36-45,technician,married,professional.course,no,no,no
3513,59,56-65,retired,divorced,professional.course,no,no,no
3514,54,46-55,housemaid,divorced,unknown,no,no,no
3515,35,26-35,technician,single,high.school,no,no,no
3516,53,46-55,admin.,married,basic.9y,unknown,no,no
3517,49,46-55,admin.,married,university.degree,no,yes,no
3518,40,36-45,services,married,high.school,no,yes,no
3519,34,26-35,admin.,married,university.degree,no,no,yes
3520,41,36-45,unknown,single,basic.9y,no,no,yes
3521,38,36-45,technician,married,basic.9y,no,yes,no
3522,51,46-55,blue-collar,married,basic.6y,unknown,unknown,unknown
3523,45,36-45,blue-collar,married,unknown,unknown,no,no
3524,24,18-25,admin.,married,high.school,no,no,yes
3525,26,26-35,technician,single,high.school,no,yes,no
3526,37,36-45,technician,married,university.degree,unknown,yes,no
3527,32,26-35,services,married,basic.9y,no,yes,no
3528,38,36-45,admin.,married,university.degree,no,no,yes
3529,50,46-55,services,married,high.school,no,yes,no
3530,45,36-45,services,divorced,high.school,unknown,no,no
3531,56,56-65,blue-collar,married,professional.course,no,yes,no
3532,35,26-35,services,married,high.school,no,no,yes
3533,40,36-45,admin.,married,university.degree,unknown,no,yes
3534,58,56-65,admin.,single,university.degree,no,no,no
3535,40,36-45,admin.,married,university.degree,unknown,no,no
3536,28,26-35,services,single,high.school,no,no,yes
3537,36,36-45,entrepreneur,married,university.degree,unknown,yes,yes
3538,44,36-45,services,divorced,high.school,no,no,no
3539,30,26-35,admin.,married,high.school,no,no,no
3540,26,26-35,services,divorced,basic.6y,no,no,yes
3541,43,36-45,blue-collar,single,basic.4y,unknown,yes,no
3542,29,26-35,technician,married,unknown,no,yes,no
3543,34,26-35,services,divorced,basic.9y,unknown,no,yes
3544,47,46-55,technician,married,professional.course,unknown,no,yes
3545,39,36-45,technician,single,high.school,no,yes,no
3546,29,26-35,student,single,high.school,no,no,yes
3547,32,26-35,admin.,single,professional.course,no,yes,no
3548,41,36-45,admin.,married,high.school,no,no,yes
3549,38,36-45,admin.,married,high.school,unknown,yes,no
3550,36,36-45,blue-collar,single,high.school,unknown,no,no
3551,44,36-45,blue-collar,married,high.school,no,yes,no
3552,36,36-45,housemaid,married,basic.4y,no,no,no
3553,24,18-25,services,married,professional.course,no,yes,no
3554,48,46-55,technician,married,basic.4y,unknown,yes,yes
3555,35,26-35,student,single,high.school,no,yes,yes
3556,38,36-45,housemaid,divorced,high.school,unknown,yes,no
3557,47,46-55,unknown,married,unknown,unknown,yes,no
3558,40,36-45,admin.,single,university.degree,no,yes,yes
3559,30,26-35,technician,single,unknown,no,yes,no
3560,56,56-65,retired,married,high.school,no,yes,no
3561,56,56-65,retired,married,high.school,unknown,yes,yes
3562,38,36-45,technician,married,professional.course,unknown,no,no
3563,35,26-35,self-employed,married,university.degree,no,no,no
3564,35,26-35,retired,single,basic.9y,unknown,yes,yes
3565,54,46-55,retired,married,basic.9y,no,no,yes
3566,31,26-35,blue-collar,married,basic.6y,unknown,yes,yes
3567,44,36-45,blue-collar,single,high.school,no,no,yes
3568,59,56-65,retired,married,unknown,unknown,no,no
3569,58,56-65,management,married,university.degree,no,no,yes
3570,37,36-45,admin.,married,basic.6y,no,no,no
3571,52,46-55,entrepreneur,divorced,high.school,no,no,no
3572,31,26-35,admin.,married,high.school,unknown,yes,yes
3573,41,36-45,unknown,married,basic.6y,unknown,no,no
3574,41,36-45,services,married,basic.6y,unknown,yes,no
3575,41,36-45,management,divorced,basic.9y,no,yes,yes
3576,44,36-45,unemployed,married,basic.6y,no,yes,yes
3577,24,18-25,blue-collar,single,high.school,no,unknown,unknown
3578,51,46-55,services,single,high.school,unknown,no,no
3579,50,46-55,blue-collar,single,basic.4y,no,yes,no
3580,57,56-65,admin.,married,university.degree,unknown,yes,no
3581,48,46-55,admin.,divorced,university.degree,no,yes,no
3582,43,36-45,entrepreneur,married,high.school,no,no,yes
3583,43,36-45,entrepreneur,married,high.school,no,yes,yes
3584,29,26-35,technician,single,high.school,no,no,no
3585,41,36-45,unemployed,married,university.degree,unknown,no,no
3586,43,36-45,entrepreneur,divorced,high.school,unknown,yes,no
3587,49,46-55,technician,married,university.degree,no,no,no
3588,38,36-45,technician,single,high.school,no,yes,no
3589,58,56-65,admin.,married,high.school,no,yes,no
3590,31,26-35,management,single,high.school,no,no,no
3591,30,26-35,blue-collar,married,basic.6y,no,yes,no
3592,35,26-35,admin.,married,high.school,no,no,yes
3593,41,36-45,unemployed,married,basic.9y,unknown,yes,yes
3594,30,26-35,blue-collar,single,basic.9y,unknown,yes,yes
3595,34,26-35,blue-collar,married,basic.6y,no,no,yes
3596,30,26-35,technician,single,university.degree,no,no,no
3597,37,36-45,housemaid,married,high.school,no,yes,no
3598,41,36-45,admin.,single,high.school,unknown,yes,no
3599,40,36-45,blue-collar,married,high.school,no,no,yes
3600,42,36-45,technician,single,basic.9y,no,no,no
3601,44,36-45,management,married,university.degree,unknown,yes,no
3602,29,26-35,admin.,single,high.school,no,no,yes
3603,41,36-45,entrepreneur,married,university.degree,unknown,yes,no
3604,27,26-35,services,single,basic.9y,no,no,no
3605,29,26-35,blue-collar,married,basic.4y,no,yes,no
3606,38,36-45,unknown,married,basic.6y,no,yes,no
3607,27,26-35,blue-collar,married,basic.9y,unknown,yes,yes
3608,38,36-45,housemaid,married,basic.9y,no,yes,no
3609,51,46-55,blue-collar,married,unknown,unknown,no,yes
3610,47,46-55,admin.,married,basic.4y,no,no,no
3611,28,26-35,blue-collar,single,basic.4y,no,yes,no
3612,33,26-35,technician,single,university.degree,no,no,yes
3613,59,56-65,retired,married,professional.course,unknown,yes,yes
3614,51,46-55,retired,married,basic.9y,no,unknown,unknown
3615,25,18-25,blue-collar,married,high.school,unknown,yes,yes
3616,35,26-35,services,married,basic.6y,no,no,no
3617,52,46-55,unemployed,married,unknown,no,no,no
3618,43,36-45,technician,married,basic.9y,unknown,no,no
3619,36,36-45,self-employed,single,professional.course,no,yes,no
3620,33,26-35,services,single,basic.9y,no,no,no
3621,34,26-35,management,married,professional.course,unknown,no,no
3622,55,46-55,services,married,high.school,unknown,yes,yes
3623,42,36-45,unemployed,married,high.school,unknown,no,no
3624,58,56-65,management,married,basic.6y,no,yes,no
3625,43,36-45,management,married,university.degree,no,yes,no
3626,45,36-45,admin.,single,unknown,unknown,no,no
3627,31,26-35,unemployed,married,professional.course,no,yes,yes
3628,42,36-45,services,married,high.school,no,yes,no
3629,30,26-35,student,single,unknown,unknown,yes,no
3630,46,46-55,self-employed,married,basic.9y,unknown,no,yes
3631,51,46-55,entrepreneur,divorced,university.degree,unknown,no,yes
3632,56,56-65,retired,married,basic.4y,unknown,yes,no
3633,57,56-65,unemployed,married,basic.9y,unknown,yes,no
3634,26,26-35,blue-collar,married,professional.course,unknown,yes,no
3635,51,46-55,entrepreneur,single,unknown,no,yes,no
3636,51,46-55,admin.,divorced,university.degree,no,no,no
3637,37,36-45,self-employed,married,basic.9y,unknown,no,no
3638,43,36-45,entrepreneur,married,basic.9y,unknown,no,no
3639,54,46-55,admin.,divorced,university.degree,no,yes,yes
3640,44,36-45,housemaid,married,basic.9y,unknown,yes,no
3641,48,46-55,admin.,married,university.degree,no,no,no
3642,50,46-55,technician,divorced,professional.course,no,no,no
3643,29,26-35,self-employed,married,high.school,no,no,no
3644,52,46-55,management,married,unknown,unknown,yes,no
3645,48,46-55,blue-collar,married,basic.4y,unknown,yes,yes
3646,28,26-35,entrepreneur,married,basic.9y,no,no,no
3647,44,36-45,admin.,married,university.degree,unknown,yes,yes
3648,30,26-35,admin.,married,university.degree,unknown,yes,no
3649,32,26-35,management,married,high.school,no,no,no
3650,24,18-25,admin.,married,basic.9y,no,yes,no
3651,55,46-55,management,married,university.degree,no,yes,yes
3652,28,26-35,blue-collar,single,high.school,unknown,yes,no
3653,37,36-45,management,divorced,high.school,no,yes,no
3654,44,36-45,blue-collar,single,professional.course,unknown,no,no
3655,39,36-45,blue-collar,married,basic.9y,no,yes,yes
3656,31,26-35,management,single,high.school,no,yes,no
3657,36,36-45,blue-collar,married,high.school,unknown,yes,no
3658,47,46-55,technician,single,university.degree,unknown,yes,yes
3659,57,56-65,technician,married,university.degree,unknown,no,yes
3660,39,36-45,entrepreneur,married,basic.6y,unknown,no,no
3661,37,36-45,blue-collar,divorced,basic.9y,unknown,no,no
3662,29,26-35,services,divorced,high.school,no,no,yes
3663,53,46-55,housemaid,married,basic.4y,unknown,no,no
3664,31,26-35,technician,single,professional.course,unknown,yes,no
3665,38,36-45,student,single,university.degree,no,yes,no
3666,27,26-35,blue-collar,married,basic.4y,no,yes,no
3667,46,46-55,entrepreneur,married,basic.9y,no,no,no
3668,54,46-55,retired,divorced,high.school,no,yes,no
3669,37,36-45,services,divorced,high.school,no,yes,yes
3670,41,36-45,blue-collar,single,high.school,no,yes,no
3671,49,46-55,admin.,divorced,basic.9y,no,yes,yes
3672,23,18-25,blue-collar,married,basic.9y,no,no,no
3673,49,46-55,blue-collar,married,high.school,no,no,no
3674,37,36-45,blue-collar,married,high.school,no,yes,yes
3675,42,36-45,services,married,high.school,unknown,yes,yes
3676,55,46-55,housemaid,divorced,unknown,unknown,yes,no
3677,44,36-45,blue-collar,single,basic.6y,no,no,yes
3678,41,36-45,services,married,high.school,no,yes,no
3679,32,26-35,management,married,university.degree,no,yes,no
3680,57,56-65,admin.,married,basic.6y,unknown,yes,no
3681,50,46-55,blue-collar,married,basic.6y,unknown,yes,yes
3682,52,46-55,technician,divorced,university.degree,no,no,no
3683,34,26-35,technician,single,professional.course,no,yes,no
3684,40,36-45,management,married,high.school,no,yes,yes
3685,36,36-45,entrepreneur,married,university.degree,unknown,no,no
3686,32,26-35,management,married,high.school,no,yes,yes
3687,38,36-45,blue-collar,single,high.school,no,no,no
3688,24,18-25,blue-collar,married,basic.9y,no,no,no
3689,30,26-35,admin.,married,basic.9y,no,yes,yes
3690,45,36-45,services,divorced,unknown,no,yes,no
3691,48,46-55,blue-collar,married,professional.course,no,yes,yes
3692,47,46-55,management,married,professional.course,no,no,no
3693,36,36-45,technician,single,high.school,no,yes,yes
3694,37,36-45,technician,single,high.school,unknown,yes,yes
3695,35,26-35,admin.,married,high.school,unknown,yes,yes
3696,41,36-45,services,married,university.degree,no,yes,no
3697,50,46-55,entrepreneur,married,basic.9y,no,no,no
3698,40,36-45,technician,married,basic.9y,no,yes,no
3699,39,36-45,entrepreneur,married,basic.9y,no,no,no
3700,46,46-55,self-employed,single,high.school,no,yes,no
3701,57,56-65,retired,married,high.school,unknown,no,no
3702,31,26-35,services,single,basic.9y,no,no,no
3703,35,26-35,services,single,high.school,unknown,no,yes
3704,41,36-45,blue-collar,divorced,basic.9y,unknown,no,no
3705,49,46-55,blue-collar,married,basic.4y,no,unknown,unknown
3706,33,26-35,blue-collar,single,basic.6y,no,no,no
3707,38,36-45,unemployed,single,high.school,no,yes,no
3708,33,26-35,services,married,high.school,no,yes,yes
3709,34,26-35,technician,divorced,professional.course,no,unknown,unknown
3710,32,26-35,blue-collar,married,professional.course,unknown,yes,no
3711,25,18-25,admin.,married,high.school,no,yes,yes
3712,38,36-45,management,married,high.school,no,no,no
3713,26,26-35,admin.,single,university.degree,no,no,no
3714,34,26-35,blue-collar,married,basic.6y,unknown,no,no
3715,35,26-35,services,married,basic.9y,unknown,yes,no
3716,51,46-55,blue-collar,divorced,basic.6y,unknown,no,no
3717,50,46-55,housemaid,married,basic.4y,no,no,no
3718,44,36-45,technician,divorced,basic.9y,unknown,no,no
3719,44,36-45,technician,divorced,basic.9y,unknown,yes,yes
3720,53,46-55,housemaid,married,basic.4y,no,yes,no
3721,32,26-35,unknown,married,basic.6y,unknown,yes,no
3722,26,26-35,technician,single,professional.course,no,no,no
3723,36,36-45,services,single,high.school,no,yes,yes
3724,50,46-55,admin.,divorced,high.school,no,no,no
3725,45,36-45,admin.,married,basic.6y,no,yes,yes
3726,37,36-45,blue-collar,married,basic.9y,no,unknown,unknown
3727,57,56-65,self-employed,married,basic.9y,unknown,yes,yes
3728,46,46-55,services,divorced,high.school,no,yes,no
3729,37,36-45,blue-collar,single,professional.course,no,yes,no
3730,51,46-55,self-employed,single,university.degree,no,yes,no
3731,30,26-35,blue-collar,married,basic.9y,unknown,no,yes
3732,24,18-25,blue-collar,married,basic.4y,unknown,yes,no
3733,38,36-45,blue-collar,married,basic.6y,unknown,no,yes
3734,27,26-35,services,married,high.school,unknown,yes,no
3735,31,26-35,blue-collar,divorced,basic.6y,no,no,no
3736,33,26-35,admin.,divorced,high.school,unknown,no,no
3737,44,36-45,blue-collar,married,basic.4y,unknown,yes,yes
3738,60,56-65,unknown,married,university.degree,no,no,no
3739,37,36-45,blue-collar,single,basic.6y,unknown,no,no
3740,51,46-55,technician,married,university.degree,no,yes,no
3741,38,36-45,management,single,university.degree,no,no,no
3742,49,46-55,unknown,married,high.school,unknown,yes,no
3743,56,56-65,retired,married,basic.4y,no,yes,yes
3744,35,26-35,entrepreneur,divorced,university.degree,no,no,no
3745,34,26-35,blue-collar,married,basic.9y,unknown,no,no
3746,29,26-35,self-employed,married,university.degree,unknown,yes,no
3747,48,46-55,technician,married,basic.6y,no,no,yes
3748,53,46-55,self-employed,married,university.degree,no,no,yes
3749,30,26-35,blue-collar,married,basic.4y,no,yes,no
3750,26,26-35,technician,married,basic.6y,no,no,yes
3751,33,26-35,self-employed,married,high.school,no,yes,no
3752,43,36-45,blue-collar,married,high.school,unknown,yes,no
3753,22,18-25,services,single,basic.9y,no,no,no
3754,45,36-45,technician,married,basic.9y,unknown,no,no
3755,48,46-55,unemployed,married,basic.4y,no,yes,no
3756,27,26-35,admin.,divorced,high.school,no,no,no
3757,35,26-35,admin.,married,basic.9y,no,no,no
3758,34,26-35,entrepreneur,single,professional.course,no,no,no
3759,30,26-35,self-employed,married,basic.9y,no,no,no
3760,29,26-35,self-employed,married,basic.6y,unknown,yes,no
3761,35,26-35,blue-collar,divorced,basic.9y,unknown,no,no
3762,32,26-35,blue-collar,divorced,basic.4y,no,no,no
3763,50,46-55,services,single,high.school,unknown,no,no
3764,37,36-45,technician,single,university.degree,no,yes,yes
3765,27,26-35,services,married,professional.course,no,no,no
3766,29,26-35,admin.,single,university.degree,no,no,yes
3767,49,46-55,blue-collar,married,basic.6y,no,no,no
3768,44,36-45,unknown,single,basic.9y,unknown,yes,no
3769,39,36-45,management,single,university.degree,no,yes,no
3770,55,46-55,management,married,university.degree,unknown,no,no
3771,53,46-55,admin.,single,basic.6y,no,yes,no
3772,52,46-55,management,divorced,university.degree,no,no,yes
3773,32,26-35,blue-collar,married,professional.course,no,no,yes
3774,44,36-45,admin.,married,unknown,no,no,no
3775,29,26-35,services,single,professional.course,no,no,yes
3776,30,26-35,services,married,high.school,unknown,yes,yes
3777,30,26-35,management,married,basic.9y,no,yes,no
3778,22,18-25,admin.,married,high.school,no,no,no
3779,34,26-35,blue-collar,single,high.school,no,no,yes
3780,50,46-55,services,married,basic.6y,no,no,no
3781,31,26-35,management,single,university.degree,unknown,yes,no
3782,52,46-55,management,married,professional.course,no,yes,yes
3783,58,56-65,admin.,married,basic.9y,unknown,no,no
3784,45,36-45,blue-collar,divorced,basic.4y,no,no,no
3785,48,46-55,blue-collar,married,high.school,unknown,yes,yes
3786,37,36-45,self-employed,divorced,high.school,no,no,no
3787,59,56-65,entrepreneur,married,university.degree,unknown,yes,no
3788,32,26-35,blue-collar,married,high.school,unknown,no,no
3789,34,26-35,unknown,married,basic.4y,unknown,yes,no
3790,40,36-45,retired,married,professional.course,no,no,no
3791,25,18-25,admin.,married,unknown,no,no,no
3792,54,46-55,technician,married,basic.4y,no,no,no
3793,35,26-35,services,married,high.school,unknown,yes,no
3794,53,46-55,technician,married,professional.course,no,yes,yes
3795,57,56-65,management,divorced,high.school,no,no,no
3796,38,36-45,blue-collar,single,basic.4y,no,unknown,unknown
3797,50,46-55,services,married,professional.course,unknown,no,yes
3798,45,36-45,admin.,divorced,basic.9y,no,no,no
3799,58,56-65,retired,married,professional.course,unknown,no,no
3800,24,18-25,unemployed,single,university.degree,no,no,yes
3801,26,26-35,services,single,basic.9y,no,yes,yes
3802,38,36-45,entrepreneur,married,university.degree,unknown,no,no
3803,52,46-55,technician,married,professional.course,unknown,yes,no
3804,29,26-35,blue-collar,married,high.school,unknown,no,no
3805,37,36-45,technician,married,university.degree,no,yes,no
3806,43,36-45,admin.,married,high.school,no,no,yes
3807,34,26-35,technician,single,professional.course,no,no,yes
3808,51,46-55,management,divorced,university.degree,no,no,no
3809,46,46-55,admin.,single,high.school,unknown,yes,no
3810,46,46-55,self-employed,married,university.degree,no,yes,no
3811,47,46-55,blue-collar,married,basic.4y,unknown,unknown,unknown
3812,60,56-65,retired,divorced,basic.4y,unknown,yes,no
3813,57,56-65,management,single,basic.9y,no,yes,no
3814,55,46-55,technician,married,basic.6y,no,yes,no
3815,30,26-35,technician,married,high.school,no,yes,no
3816,32,26-35,admin.,single,high.school,no,yes,no
3817,45,36-45,admin.,married,university.degree,unknown,yes,no
3818,53,46-55,housemaid,married,basic.6y,no,unknown,unknown
3819,57,56-65,entrepreneur,married,university.degree,no,yes,no
3820,55,46-55,retired,married,high.school,no,yes,no
3821,30,26-35,blue-collar,divorced,basic.9y,no,no,no
3822,24,18-25,blue-collar,single,basic.9y,no,no,no
3823,31,26-35,blue-collar,single,high.school,no,no,yes
3824,25,18-25,entrepreneur,single,high.school,no,yes,no
3825,39,36-45,management,divorced,university.degree,no,yes,no
3826,41,36-45,admin.,married,basic.9y,no,no,no
3827,28,26-35,self-employed,single,basic.9y,no,yes,no
3828,55,46-55,admin.,married,high.school,unknown,no,no
3829,32,26-35,blue-collar,single,high.school,no,yes,no
3830,50,46-55,admin.,married,high.school,no,yes,no
3831,35,26-35,blue-collar,married,basic.4y,unknown,yes,no
3832,50,46-55,services,single,basic.4y,no,yes,no
3833,24,18-25,blue-collar,single,basic.9y,no,yes,no
3834,56,56-65,technician,married,university.degree,unknown,yes,no
3835,33,26-35,unemployed,single,university.degree,no,yes,no
3836,47,46-55,services,married,university.degree,no,yes,no
3837,50,46-55,admin.,single,university.degree,no,no,no
3838,38,36-45,unemployed,divorced,high.school,no,no,no
3839,51,46-55,technician,married,basic.9y,no,yes,no
3840,29,26-35,admin.,married,basic.9y,no,yes,no
3841,29,26-35,housemaid,married,university.degree,no,no,no
3842,39,36-45,services,single,high.school,unknown,yes,no
3843,50,46-55,self-employed,unknown,basic.6y,no,no,no
3844,52,46-55,management,divorced,university.degree,no,yes,no
3845,30,26-35,entrepreneur,single,high.school,no,no,no
3846,35,26-35,admin.,single,professional.course,unknown,yes,no
3847,52,46-55,self-employed,married,basic.9y,unknown,yes,no
3848,53,46-55,services,divorced,university.degree,no,yes,no
3849,25,18-25,technician,single,university.degree,no,unknown,unknown
3850,27,26-35,admin.,divorced,high.school,no,yes,no
3851,30,26-35,services,married,university.degree,no,no,no
3852,29,26-35,blue-collar,married,high.school,no,yes,no
3853,40,36-45,blue-collar,married,high.school,unknown,no,no
3854,35,26-35,blue-collar,married,high.school,no,no,yes
3855,45,36-45,admin.,single,professional.course,no,no,no
3856,54,46-55,retired,married,basic.4y,unknown,no,no
3857,59,56-65,retired,divorced,basic.4y,no,no,no
3858,26,26-35,blue-collar,single,basic.9y,no,yes,no
3859,50,46-55,admin.,married,university.degree,no,no,yes
3860,48,46-55,admin.,single,basic.6y,unknown,yes,no
3861,33,26-35,management,married,university.degree,unknown,yes,no
3862,34,26-35,services,single,basic.9y,unknown,yes,yes
3863,51,46-55,retired,married,professional.course,no,yes,yes
3864,25,18-25,technician,married,high.school,no,yes,no
3865,46,46-55,admin.,divorced,university.degree,unknown,yes,no
3866,40,36-45,services,single,high.school,unknown,no,no
3867,50,46-55,management,single,university.degree,no,unknown,unknown
3868,49,46-55,services,divorced,high.school,no,no,no
3869,39,36-45,blue-collar,single,basic.4y,unknown,unknown,unknown
3870,38,36-45,technician,single,high.school,no,no,no
3871,42,36-45,technician,single,high.school,unknown,yes,no
3872,52,46-55,admin.,divorced,university.degree,no,yes,no
3873,31,26-35,management,divorced,basic.6y,no,no,no
3874,39,36-45,technician,married,basic.6y,no,yes,no
3875,30,26-35,management,single,university.degree,no,no,no
3876,52,46-55,services,divorced,high.school,unknown,yes,no
3877,52,46-55,entrepreneur,married,basic.9y,unknown,yes,no
3878,42,36-45,blue-collar,divorced,basic.4y,no,yes,yes
3879,57,56-65,management,divorced,high.school,no,yes,no
3880,37,36-45,admin.,divorced,university.degree,no,unknown,unknown
3881,39,36-45,blue-collar,single,professional.course,unknown,no,no
3882,56,56-65,retired,married,university.degree,no,yes,no
3883,49,46-55,blue-collar,single,basic.4y,no,yes,no
3884,41,36-45,entrepreneur,single,basic.4y,no,no,no
3885,43,36-45,blue-collar,married,basic.9y,no,yes,no
3886,32,26-35,blue-collar,married,basic.6y,no,no,no
3887,46,46-55,blue-collar,married,basic.4y,unknown,yes,yes
3888,30,26-35,technician,married,professional.course,no,yes,yes
3889,33,26-35,services,married,basic.9y,unknown,yes,no
3890,59,56-65,technician,divorced,professional.course,no,no,no
3891,59,56-65,housemaid,married,basic.4y,no,yes,no
3892,35,26-35,management,married,professional.course,no,yes,yes
3893,60,56-65,technician,divorced,professional.course,unknown,no,no
3894,35,26-35,management,married,professional.course,no,no,no
3895,35,26-35,blue-collar,divorced,basic.4y,unknown,no,no
3896,59,56-65,retired,married,basic.4y,unknown,yes,yes
3897,34,26-35,technician,married,university.degree,no,no,yes
3898,33,26-35,self-employed,married,university.degree,no,yes,yes
3899,37,36-45,blue-collar,married,professional.course,unknown,yes,no
3900,58,56-65,unknown,married,basic.4y,no,yes,no
3901,43,36-45,entrepreneur,divorced,high.school,no,yes,no
3902,56,56-65,technician,married,basic.9y,no,yes,no
3903,47,46-55,admin.,married,high.school,no,no,yes
3904,57,56-65,blue-collar,divorced,basic.9y,no,yes,no
3905,34,26-35,blue-collar,single,university.degree,no,no,no
3906,52,46-55,admin.,married,high.school,unknown,yes,no
3907,43,36-45,services,married,high.school,unknown,no,no
3908,42,36-45,unemployed,married,basic.9y,no,no,no
3909,42,36-45,admin.,single,university.degree,unknown,yes,yes
3910,38,36-45,technician,divorced,basic.9y,no,no,no
3911,47,46-55,admin.,married,basic.9y,no,yes,no
3912,38,36-45,admin.,married,university.degree,no,yes,yes
3913,36,36-45,blue-collar,married,professional.course,unknown,yes,yes
3914,33,26-35,blue-collar,single,high.school,no,yes,no
3915,44,36-45,blue-collar,divorced,basic.9y,no,yes,no
3916,44,36-45,admin.,married,university.degree,no,yes,yes
3917,45,36-45,services,single,high.school,no,yes,no
3918,25,18-25,management,single,university.degree,no,yes,no
3919,37,36-45,self-employed,married,professional.course,no,yes,yes
3920,36,36-45,services,married,basic.9y,unknown,yes,no
3921,42,36-45,technician,married,professional.course,no,no,yes
3922,31,26-35,blue-collar,married,basic.6y,no,no,no
3923,28,26-35,self-employed,married,professional.course,no,yes,no
3924,39,36-45,admin.,married,professional.course,no,yes,yes
3925,30,26-35,technician,divorced,basic.9y,no,yes,no
3926,39,36-45,blue-collar,married,basic.4y,no,yes,no
3927,56,56-65,technician,married,basic.4y,unknown,no,yes
3928,20,18-25,entrepreneur,single,high.school,no,no,yes
3929,53,46-55,technician,divorced,university.degree,no,yes,no
3930,40,36-45,blue-collar,single,basic.9y,no,no,yes
3931,50,46-55,housemaid,married,basic.9y,unknown,unknown,unknown
3932,30,26-35,services,married,basic.9y,no,yes,no
3933,41,36-45,services,divorced,basic.9y,no,yes,no
3934,36,36-45,admin.,single,university.degree,no,yes,no
3935,39,36-45,blue-collar,single,basic.4y,unknown,no,no
3936,33,26-35,blue-collar,married,basic.6y,no,yes,no
3937,43,36-45,housemaid,married,basic.4y,unknown,yes,yes
3938,28,26-35,admin.,married,basic.6y,no,no,no
3939,30,26-35,blue-collar,single,basic.9y,no,no,no
3940,30,26-35,blue-collar,married,unknown,no,no,no
3941,31,26-35,services,single,high.school,unknown,yes,no
3942,50,46-55,services,married,basic.4y,unknown,yes,no
3943,35,26-35,management,married,basic.9y,no,yes,yes
3944,25,18-25,entrepreneur,single,university.degree,no,yes,no
3945,27,26-35,technician,married,high.school,no,no,no
3946,48,46-55,entrepreneur,married,university.degree,no,no,no
3947,30,26-35,technician,single,high.school,no,no,no
3948,49,46-55,management,divorced,university.degree,no,no,no
3949,32,26-35,blue-collar,married,basic.9y,unknown,unknown,unknown
3950,36,36-45,management,single,university.degree,no,yes,no
3951,56,56-65,retired,married,basic.6y,no,yes,no
3952,38,36-45,admin.,married,professional.course,no,no,no
3953,25,18-25,unemployed,single,high.school,unknown,no,no
3954,27,26-35,admin.,single,unknown,no,yes,no
3955,57,56-65,housemaid,divorced,basic.4y,unknown,yes,no
3956,49,46-55,services,married,high.school,unknown,yes,no
3957,48,46-55,admin.,single,high.school,no,yes,no
3958,49,46-55,retired,married,basic.4y,no,no,no
3959,48,46-55,retired,married,basic.4y,no,no,no
3960,27,26-35,blue-collar,single,basic.4y,unknown,no,yes
3961,54,46-55,technician,married,professional.course,no,no,no
3962,31,26-35,technician,married,university.degree,no,no,yes
3963,45,36-45,technician,married,high.school,no,no,no
3964,30,26-35,services,single,basic.9y,no,no,no
3965,54,46-55,admin.,married,high.school,no,unknown,unknown
3966,44,36-45,technician,married,professional.course,unknown,yes,yes
3967,42,36-45,unemployed,single,basic.4y,unknown,yes,no
3968,55,46-55,admin.,married,basic.9y,no,no,no
3969,40,36-45,services,married,basic.6y,unknown,yes,no
3970,51,46-55,entrepreneur,married,basic.9y,no,no,yes
3971,41,36-45,admin.,married,basic.9y,unknown,no,no
3972,49,46-55,management,divorced,university.degree,unknown,no,yes
3973,46,46-55,housemaid,married,basic.4y,unknown,no,no
3974,29,26-35,services,married,high.school,unknown,no,no
3975,41,36-45,management,married,basic.6y,no,yes,no
3976,44,36-45,management,married,basic.9y,unknown,no,no
3977,32,26-35,technician,single,university.degree,no,yes,no
3978,42,36-45,technician,married,basic.9y,no,yes,no
3979,35,26-35,services,divorced,professional.course,no,yes,yes
3980,30,26-35,blue-collar,single,basic.9y,unknown,no,no
3981,55,46-55,retired,divorced,professional.course,no,no,yes
3982,29,26-35,blue-collar,single,professional.course,no,no,no
3983,53,46-55,technician,married,professional.course,unknown,no,no
3984,59,56-65,retired,divorced,basic.9y,unknown,no,yes
3985,43,36-45,technician,divorced,unknown,no,no,no
3986,31,26-35,admin.,divorced,university.degree,unknown,no,no
3987,27,26-35,blue-collar,married,basic.6y,unknown,no,no
3988,35,26-35,blue-collar,divorced,basic.4y,no,yes,yes
3989,24,18-25,services,married,high.school,no,yes,no
3990,50,46-55,technician,married,professional.course,unknown,yes,yes
3991,52,46-55,blue-collar,single,basic.4y,no,unknown,unknown
3992,27,26-35,management,single,university.degree,no,no,yes
3993,32,26-35,admin.,divorced,university.degree,no,no,no
3994,46,46-55,retired,married,basic.4y,no,no,no
3995,30,26-35,services,married,unknown,no,yes,yes
3996,31,26-35,services,single,high.school,unknown,no,no
3997,37,36-45,blue-collar,single,basic.9y,no,no,yes
3998,28,26-35,management,single,university.degree,no,no,no
3999,41,36-45,blue-collar,married,basic.6y,no,yes,no
4000,34,26-35,blue-collar,divorced,professional.course,no,unknown,unknown
4001,30,26-35,management,single,university.degree,no,no,yes
4002,38,36-45,housemaid,married,basic.6y,unknown,yes,yes
4003,53,46-55,entrepreneur,married,unknown,no,yes,no
4004,59,56-65,entrepreneur,married,basic.9y,no,yes,yes
4005,28,26-35,admin.,single,unknown,no,yes,no
4006,36,36-45,blue-collar,married,basic.4y,unknown,no,yes
4007,42,36-45,technician,single,basic.9y,no,yes,no
4008,49,46-55,housemaid,married,basic.4y,unknown,yes,no
4009,51,46-55,blue-collar,divorced,basic.4y,no,yes,no
4010,37,36-45,entrepreneur,married,high.school,no,yes,no
4011,28,26-35,admin.,single,university.degree,unknown,no,yes
4012,21,18-25,technician,single,professional.course,no,no,yes
4013,46,46-55,blue-collar,single,professional.course,no,no,no
4014,57,56-65,retired,married,basic.9y,unknown,no,no
4015,27,26-35,admin.,married,high.school,unknown,no,no
4016,52,46-55,admin.,married,high.school,no,no,no
4017,25,18-25,technician,single,professional.course,no,yes,no
4018,53,46-55,management,married,basic.4y,unknown,no,no
4019,33,26-35,admin.,divorced,university.degree,no,yes,no
4020,43,36-45,entrepreneur,married,university.degree,no,no,yes
4021,51,46-55,admin.,divorced,university.degree,no,unknown,unknown
4022,25,18-25,blue-collar,single,high.school,no,no,no
4023,40,36-45,blue-collar,married,basic.4y,no,yes,no
4024,36,36-45,entrepreneur,married,university.degree,no,no,no
4025,34,26-35,technician,married,basic.9y,no,no,no
4026,35,26-35,services,divorced,high.school,no,no,yes
4027,44,36-45,blue-collar,single,basic.4y,unknown,no,no
4028,37,36-45,unemployed,married,university.degree,unknown,unknown,unknown
4029,31,26-35,services,married,university.degree,unknown,yes,no
4030,41,36-45,blue-collar,married,basic.4y,no,no,yes
4031,50,46-55,management,married,university.degree,no,no,yes
4032,26,26-35,blue-collar,single,basic.9y,unknown,yes,no
4033,43,36-45,blue-collar,single,unknown,unknown,no,no
4034,28,26-35,self-employed,married,professional.course,no,yes,yes
4035,46,46-55,admin.,divorced,high.school,no,yes,yes
4036,50,46-55,technician,married,professional.course,unknown,no,no
4037,52,46-55,blue-collar,married,professional.course,no,no,yes
4038,35,26-35,blue-collar,single,professional.course,no,no,yes
4039,60,56-65,retired,divorced,basic.4y,unknown,no,no
4040,35,26-35,technician,single,professional.course,unknown,no,no
4041,37,36-45,management,single,high.school,no,no,no
4042,48,46-55,entrepreneur,married,high.school,unknown,yes,no
4043,29,26-35,blue-collar,married,professional.course,no,no,no
4044,27,26-35,technician,married,professional.course,no,no,no
4045,33,26-35,blue-collar,divorced,basic.9y,no,yes,no
4046,41,36-45,self-employed,single,university.degree,no,yes,yes
4047,39,36-45,admin.,married,university.degree,no,unknown,unknown
4048,43,36-45,admin.,single,high.school,no,no,yes
4049,35,26-35,blue-collar,married,high.school,no,no,no
4050,40,36-45,technician,married,professional.course,no,no,yes
4051,47,46-55,admin.,married,high.school,no,yes,no
4052,51,46-55,blue-collar,married,basic.9y,unknown,no,yes
4053,60,56-65,retired,divorced,high.school,unknown,yes,no
4054,52,46-55,entrepreneur,married,basic.9y,unknown,no,no
4055,27,26-35,admin.,married,university.degree,no,no,no
4056,44,36-45,technician,single,professional.course,no,yes,no
4057,32,26-35,unemployed,single,high.school,no,no,no
4058,24,18-25,blue-collar,single,basic.9y,unknown,no,no
4059,29,26-35,blue-collar,married,basic.4y,unknown,yes,yes
4060,40,36-45,admin.,married,basic.9y,no,no,yes
4061,43,36-45,unemployed,married,high.school,no,yes,no
4062,25,18-25,blue-collar,single,basic.6y,unknown,no,yes
4063,29,26-35,admin.,married,basic.6y,no,no,yes
4064,33,26-35,technician,married,university.degree,unknown,no,yes
4065,48,46-55,entrepreneur,divorced,basic.4y,no,no,no
4066,46,46-55,retired,married,university.degree,no,no,no
4067,56,56-65,management,divorced,university.degree,no,yes,no
4068,36,36-45,admin.,single,high.school,no,yes,no
4069,52,46-55,retired,married,basic.4y,no,yes,no
4070,33,26-35,admin.,married,professional.course,no,yes,yes
4071,42,36-45,admin.,single,basic.9y,unknown,no,no
4072,54,46-55,management,married,university.degree,no,yes,no
4073,55,46-55,admin.,married,basic.9y,unknown,no,yes
4074,35,26-35,housemaid,married,basic.4y,unknown,no,yes
4075,47,46-55,blue-collar,single,basic.9y,no,yes,no
4076,26,26-35,blue-collar,married,basic.9y,unknown,yes,no
4077,36,36-45,blue-collar,single,basic.6y,unknown,yes,no
4078,34,26-35,student,single,basic.4y,unknown,no,no
4079,51,46-55,technician,married,unknown,no,yes,no
4080,33,26-35,services,married,basic.6y,no,yes,no
4081,47,46-55,self-employed,married,university.degree,no,yes,no
4082,45,36-45,blue-collar,married,illiterate,unknown,no,no
4083,46,46-55,admin.,married,professional.course,no,yes,no
4084,40,36-45,technician,married,basic.9y,unknown,yes,no
4085,33,26-35,blue-collar,married,basic.9y,unknown,no,no
4086,53,46-55,entrepreneur,divorced,unknown,no,no,no
4087,31,26-35,blue-collar,single,high.school,no,unknown,unknown
4088,28,26-35,entrepreneur,married,basic.9y,unknown,no,no
4089,37,36-45,technician,married,professional.course,no,no,yes
4090,34,26-35,self-employed,married,professional.course,no,no,no
4091,58,56-65,technician,married,professional.course,no,yes,no
4092,28,26-35,entrepreneur,married,basic.9y,unknown,yes,no
4093,38,36-45,services,single,basic.9y,no,yes,no
4094,34,26-35,management,single,basic.9y,no,yes,no
4095,45,36-45,admin.,married,basic.9y,no,yes,yes
4096,30,26-35,blue-collar,single,basic.9y,unknown,yes,no
4097,38,36-45,technician,married,basic.9y,no,no,no
4098,44,36-45,blue-collar,single,basic.9y,no,no,no
4099,46,46-55,admin.,divorced,basic.9y,no,yes,no
4100,43,36-45,unemployed,married,university.degree,unknown,no,no
4101,56,56-65,retired,divorced,basic.4y,unknown,yes,no
4102,59,56-65,entrepreneur,married,university.degree,unknown,no,no
4103,53,46-55,unemployed,married,unknown,unknown,no,no
4104,33,26-35,services,married,university.degree,no,unknown,unknown
4105,45,36-45,unknown,married,unknown,no,no,no
4106,25,18-25,student,single,high.school,no,unknown,unknown
4107,33,26-35,management,single,university.degree,no,unknown,unknown
4108,56,56-65,blue-collar,married,basic.4y,unknown,unknown,unknown
4109,32,26-35,services,married,professional.course,no,no,no
4110,47,46-55,admin.,single,university.degree,unknown,yes,yes
4111,43,36-45,management,single,basic.4y,no,yes,no
4112,37,36-45,unemployed,married,professional.course,unknown,no,no
4113,45,36-45,unknown,married,unknown,unknown,yes,no
4114,32,26-35,management,single,university.degree,no,unknown,unknown
4115,42,36-45,management,married,university.degree,unknown,no,no
4116,59,56-65,retired,divorced,basic.4y,unknown,yes,no
4117,52,46-55,admin.,married,basic.6y,no,yes,no
4118,52,46-55,technician,single,professional.course,unknown,no,no
4119,30,26-35,services,divorced,basic.9y,no,no,no
4120,38,36-45,services,married,high.school,unknown,no,yes
4121,38,36-45,self-employed,married,unknown,no,yes,no
4122,52,46-55,services,divorced,high.school,no,yes,no
4123,34,26-35,unemployed,single,university.degree,no,yes,yes
4124,35,26-35,services,married,basic.6y,no,yes,no
4125,29,26-35,entrepreneur,divorced,basic.9y,no,yes,no
4126,39,36-45,entrepreneur,single,basic.6y,no,yes,no
4127,40,36-45,management,single,university.degree,no,no,no
4128,28,26-35,technician,divorced,professional.course,unknown,yes,no
4129,41,36-45,services,married,university.degree,no,no,no
4130,57,56-65,services,married,high.school,unknown,yes,no
4131,56,56-65,admin.,divorced,basic.9y,unknown,yes,no
4132,28,26-35,technician,divorced,high.school,no,yes,no
4133,41,36-45,services,married,university.degree,no,yes,yes
4134,26,26-35,admin.,married,high.school,no,yes,no
4135,42,36-45,services,married,basic.6y,no,yes,no
4136,35,26-35,technician,single,university.degree,no,no,no
4137,45,36-45,technician,divorced,professional.course,no,no,no
4138,47,46-55,admin.,single,unknown,unknown,no,no
4139,52,46-55,services,married,basic.9y,unknown,no,no
4140,28,26-35,blue-collar,married,basic.4y,no,no,no
4141,38,36-45,management,married,high.school,unknown,no,no
4142,39,36-45,blue-collar,married,high.school,unknown,yes,no
4143,35,26-35,blue-collar,married,basic.9y,unknown,yes,no
4144,37,36-45,unemployed,married,university.degree,unknown,no,no
4145,45,36-45,technician,married,professional.course,no,no,no
4146,46,46-55,blue-collar,married,basic.4y,unknown,unknown,unknown
4147,46,46-55,self-employed,divorced,university.degree,no,yes,yes
4148,39,36-45,admin.,single,university.degree,no,no,yes
4149,40,36-45,technician,married,basic.4y,no,yes,no
4150,34,26-35,services,divorced,professional.course,unknown,yes,no
4151,36,36-45,unemployed,divorced,professional.course,no,yes,no
4152,50,46-55,services,divorced,basic.4y,unknown,yes,yes
4153,59,56-65,entrepreneur,married,basic.9y,no,no,no
4154,59,56-65,blue-collar,married,basic.9y,unknown,yes,no
4155,51,46-55,admin.,married,high.school,no,yes,no
4156,30,26-35,blue-collar,single,basic.4y,unknown,yes,yes
4157,35,26-35,technician,single,basic.6y,no,unknown,unknown
4158,59,56-65,admin.,married,university.degree,no,yes,yes
4159,56,56-65,blue-collar,married,basic.4y,no,yes,no
4160,41,36-45,housemaid,married,university.degree,no,no,no
4161,43,36-45,admin.,married,basic.9y,no,no,no
4162,31,26-35,housemaid,married,high.school,no,no,no
4163,60,56-65,admin.,single,high.school,no,yes,no
4164,29,26-35,self-employed,married,university.degree,no,no,no
4165,54,46-55,retired,married,basic.9y,no,yes,no
4166,31,26-35,admin.,married,basic.9y,no,no,no
4167,51,46-55,services,single,high.school,unknown,yes,no
4168,37,36-45,technician,single,high.school,unknown,yes,no
4169,36,36-45,admin.,married,university.degree,no,no,yes
4170,35,26-35,entrepreneur,married,university.degree,unknown,yes,yes
4171,34,26-35,services,divorced,basic.9y,no,yes,yes
4172,49,46-55,blue-collar,married,unknown,unknown,no,no
4173,42,36-45,self-employed,married,basic.6y,no,yes,yes
4174,55,46-55,technician,married,professional.course,no,yes,no
4175,40,36-45,technician,single,university.degree,unknown,no,yes
4176,31,26-35,blue-collar,married,basic.9y,unknown,no,no
4177,50,46-55,technician,divorced,basic.9y,no,no,yes
4178,46,46-55,management,married,university.degree,unknown,yes,no
4179,30,26-35,blue-collar,married,university.degree,no,no,no
4180,54,46-55,technician,married,university.degree,unknown,no,no
4181,45,36-45,self-employed,divorced,university.degree,no,yes,no
4182,49,46-55,housemaid,married,professional.course,no,no,no
4183,39,36-45,blue-collar,divorced,unknown,unknown,no,yes
4184,36,36-45,management,married,university.degree,unknown,yes,no
4185,48,46-55,housemaid,divorced,basic.4y,unknown,yes,yes
4186,51,46-55,blue-collar,married,basic.6y,unknown,yes,yes
4187,54,46-55,retired,married,basic.4y,no,no,no
4188,49,46-55,admin.,single,unknown,unknown,yes,no
4189,41,36-45,blue-collar,married,basic.9y,unknown,unknown,unknown
4190,49,46-55,management,married,basic.4y,no,yes,no
4191,41,36-45,admin.,single,university.degree,unknown,yes,no
4192,55,46-55,housemaid,single,basic.9y,no,no,no
4193,49,46-55,admin.,married,basic.6y,unknown,no,yes
4194,39,36-45,services,married,basic.4y,no,no,no
4195,25,18-25,admin.,married,university.degree,no,yes,no
4196,38,36-45,services,single,high.school,no,yes,no
4197,35,26-35,technician,single,university.degree,unknown,yes,no
4198,56,56-65,technician,married,professional.course,unknown,yes,no
4199,50,46-55,admin.,married,basic.9y,no,no,no
4200,37,36-45,blue-collar,divorced,basic.9y,unknown,yes,no
4201,44,36-45,blue-collar,divorced,basic.6y,unknown,yes,no
4202,34,26-35,student,single,basic.4y,unknown,yes,no
4203,38,36-45,admin.,single,basic.9y,no,no,yes
4204,52,46-55,unemployed,married,high.school,unknown,no,no
4205,40,36-45,technician,married,high.school,no,no,no
4206,43,36-45,technician,married,university.degree,unknown,no,no
4207,46,46-55,entrepreneur,married,professional.course,unknown,yes,no
4208,46,46-55,admin.,married,unknown,unknown,yes,no
4209,28,26-35,technician,married,high.school,no,yes,no
4210,59,56-65,blue-collar,married,basic.9y,unknown,no,no
4211,25,18-25,services,single,unknown,no,yes,yes
4212,58,56-65,housemaid,married,basic.4y,unknown,no,no
4213,32,26-35,blue-collar,single,university.degree,no,yes,no
4214,27,26-35,student,single,high.school,unknown,yes,no
4215,32,26-35,admin.,divorced,university.degree,no,yes,no
4216,37,36-45,admin.,single,university.degree,no,yes,no
4217,53,46-55,management,married,university.degree,unknown,unknown,unknown
4218,51,46-55,unemployed,married,basic.4y,unknown,yes,no
4219,29,26-35,admin.,married,university.degree,no,no,no
4220,55,46-55,retired,married,university.degree,unknown,yes,no
4221,42,36-45,admin.,single,university.degree,unknown,yes,no
4222,48,46-55,services,married,high.school,no,yes,no
4223,32,26-35,services,married,high.school,unknown,yes,yes
4224,56,56-65,management,divorced,basic.9y,unknown,yes,no
4225,48,46-55,technician,married,professional.course,unknown,no,no
4226,40,36-45,technician,married,basic.9y,unknown,no,yes
4227,38,36-45,blue-collar,single,basic.6y,no,no,no
4228,39,36-45,management,married,basic.6y,no,yes,no
4229,45,36-45,admin.,married,basic.9y,unknown,no,yes
4230,46,46-55,self-employed,married,basic.4y,unknown,no,no
4231,54,46-55,blue-collar,married,university.degree,no,no,yes
4232,29,26-35,services,single,basic.4y,no,yes,no
4233,41,36-45,entrepreneur,married,basic.9y,no,yes,no
4234,54,46-55,blue-collar,single,basic.4y,no,no,no
4235,31,26-35,admin.,divorced,university.degree,no,yes,yes
4236,54,46-55,admin.,married,university.degree,unknown,no,yes
4237,54,46-55,technician,divorced,university.degree,no,no,yes
4238,30,26-35,technician,single,university.degree,unknown,yes,no
4239,58,56-65,retired,married,basic.9y,unknown,yes,no
4240,39,36-45,blue-collar,married,basic.4y,no,yes,yes
4241,27,26-35,services,single,professional.course,no,no,no
4242,52,46-55,retired,married,basic.9y,unknown,no,no
4243,37,36-45,management,married,basic.9y,no,no,no
4244,53,46-55,retired,married,basic.4y,no,no,no
4245,53,46-55,housemaid,single,basic.4y,unknown,no,no
4246,55,46-55,technician,divorced,university.degree,unknown,no,no
4247,37,36-45,services,married,high.school,unknown,yes,yes
4248,50,46-55,blue-collar,single,basic.4y,no,no,no
4249,37,36-45,housemaid,married,university.degree,unknown,yes,no
4250,35,26-35,services,single,high.school,no,yes,yes
4251,59,56-65,admin.,single,university.degree,no,yes,yes
4252,35,26-35,blue-collar,single,university.degree,no,yes,yes
4253,42,36-45,blue-collar,married,unknown,unknown,unknown,unknown
4254,57,56-65,technician,married,university.degree,no,no,no
4255,42,36-45,housemaid,single,basic.4y,no,yes,no
4256,25,18-25,blue-collar,single,high.school,no,yes,no
4257,41,36-45,management,single,high.school,no,yes,no
4258,33,26-35,blue-collar,single,basic.9y,no,yes,yes
4259,51,46-55,blue-collar,married,basic.6y,no,yes,no
4260,34,26-35,housemaid,divorced,high.school,no,no,no
4261,37,36-45,blue-collar,unknown,basic.6y,unknown,no,yes
4262,35,26-35,blue-collar,single,basic.9y,no,yes,no
4263,34,26-35,admin.,single,university.degree,no,no,no
4264,33,26-35,self-employed,married,basic.6y,no,no,no
4265,34,26-35,services,married,high.school,no,no,yes
4266,27,26-35,student,single,university.degree,unknown,no,no
4267,25,18-25,admin.,married,university.degree,no,no,no
4268,34,26-35,unemployed,married,unknown,no,yes,no
4269,25,18-25,blue-collar,married,basic.6y,no,no,no
4270,49,46-55,entrepreneur,married,university.degree,unknown,no,no
4271,32,26-35,unemployed,single,high.school,unknown,yes,yes
4272,55,46-55,unknown,married,unknown,unknown,no,no
4273,49,46-55,services,married,high.school,no,yes,yes
4274,40,36-45,services,married,high.school,no,no,yes
4275,52,46-55,blue-collar,single,unknown,unknown,no,no
4276,44,36-45,admin.,divorced,university.degree,unknown,yes,no
4277,26,26-35,technician,married,basic.6y,no,yes,no
4278,28,26-35,services,married,unknown,no,no,yes
4279,31,26-35,entrepreneur,married,basic.9y,unknown,yes,no
4280,58,56-65,housemaid,married,basic.4y,unknown,yes,no
4281,37,36-45,self-employed,married,basic.9y,no,no,no
4282,35,26-35,services,single,high.school,no,yes,no
4283,30,26-35,blue-collar,single,basic.4y,unknown,no,no
4284,37,36-45,technician,married,professional.course,unknown,unknown,unknown
4285,38,36-45,blue-collar,married,high.school,no,yes,no
4286,30,26-35,admin.,married,university.degree,no,yes,yes
4287,33,26-35,management,married,basic.9y,unknown,no,no
4288,35,26-35,management,single,unknown,no,no,no
4289,45,36-45,blue-collar,divorced,basic.9y,no,unknown,unknown
4290,43,36-45,blue-collar,divorced,basic.4y,unknown,yes,no
4291,39,36-45,technician,married,university.degree,unknown,yes,no
4292,36,36-45,housemaid,married,high.school,no,yes,yes
4293,35,26-35,blue-collar,divorced,basic.9y,no,yes,no
4294,30,26-35,services,single,professional.course,no,yes,no
4295,56,56-65,technician,married,basic.4y,unknown,no,no
4296,40,36-45,management,divorced,university.degree,unknown,yes,yes
4297,30,26-35,blue-collar,married,basic.4y,unknown,yes,no
4298,42,36-45,unemployed,divorced,high.school,no,no,no
4299,26,26-35,services,single,unknown,no,yes,no
4300,47,46-55,blue-collar,married,basic.6y,unknown,yes,no
4301,60,56-65,admin.,married,high.school,no,yes,no
4302,24,18-25,technician,single,professional.course,unknown,yes,yes
4303,52,46-55,services,married,high.school,unknown,unknown,unknown
4304,30,26-35,services,married,high.school,no,yes,yes
4305,30,26-35,blue-collar,married,basic.9y,unknown,no,no
4306,25,18-25,admin.,single,unknown,no,no,no
4307,47,46-55,admin.,single,university.degree,no,no,no
4308,44,36-45,technician,married,high.school,no,no,no
4309,46,46-55,blue-collar,divorced,basic.4y,no,yes,no
4310,46,46-55,unemployed,divorced,basic.9y,no,no,no
4311,41,36-45,admin.,divorced,high.school,no,yes,no
4312,30,26-35,admin.,married,unknown,no,yes,no
4313,60,56-65,blue-collar,married,basic.4y,unknown,yes,no
4314,33,26-35,admin.,married,unknown,no,unknown,unknown
4315,37,36-45,admin.,divorced,high.school,unknown,no,no
4316,46,46-55,technician,married,university.degree,no,yes,no
4317,30,26-35,blue-collar,married,unknown,unknown,yes,yes
4318,28,26-35,technician,single,high.school,no,no,no
4319,33,26-35,technician,married,high.school,no,yes,no
4320,36,36-45,unemployed,married,basic.9y,no,no,no
4321,59,56-65,entrepreneur,divorced,high.school,no,no,no
4322,36,36-45,blue-collar,single,basic.6y,no,yes,no
4323,43,36-45,blue-collar,married,basic.9y,unknown,yes,no
4324,49,46-55,blue-collar,married,basic.4y,unknown,yes,yes
4325,36,36-45,blue-collar,married,basic.9y,no,no,yes
4326,47,46-55,self-employed,married,unknown,unknown,yes,no
4327,49,46-55,self-employed,single,basic.9y,no,yes,yes
4328,37,36-45,admin.,single,university.degree,no,no,yes
4329,41,36-45,admin.,married,professional.course,unknown,yes,no
4330,54,46-55,admin.,married,basic.4y,unknown,unknown,unknown
4331,46,46-55,admin.,married,university.degree,unknown,no,no
4332,53,46-55,admin.,single,university.degree,unknown,unknown,unknown
4333,54,46-55,housemaid,divorced,basic.4y,unknown,yes,no
4334,55,46-55,blue-collar,married,basic.6y,unknown,no,no
4335,59,56-65,technician,married,unknown,no,no,no
4336,33,26-35,blue-collar,married,basic.4y,no,no,no
4337,33,26-35,technician,single,professional.course,unknown,yes,no
4338,48,46-55,self-employed,married,high.school,unknown,yes,no
4339,43,36-45,technician,married,professional.course,unknown,yes,no
4340,42,36-45,technician,married,professional.course,unknown,yes,no
4341,41,36-45,technician,single,university.degree,unknown,no,yes
4342,53,46-55,housemaid,divorced,basic.4y,no,yes,no
4343,51,46-55,retired,divorced,basic.9y,no,no,no
4344,33,26-35,technician,unknown,professional.course,unknown,yes,no
4345,41,36-45,technician,single,professional.course,no,unknown,unknown
4346,56,56-65,blue-collar,married,professional.course,no,unknown,unknown
4347,39,36-45,management,married,basic.9y,no,yes,no
4348,40,36-45,admin.,married,professional.course,no,no,yes
4349,59,56-65,retired,single,high.school,no,no,no
4350,48,46-55,entrepreneur,married,unknown,unknown,no,no
4351,47,46-55,unknown,married,unknown,unknown,no,no
4352,31,26-35,admin.,married,basic.9y,no,yes,no
4353,29,26-35,services,married,unknown,no,yes,no
4354,49,46-55,entrepreneur,married,university.degree,no,yes,no
4355,31,26-35,blue-collar,single,basic.9y,unknown,no,no
4356,38,36-45,self-employed,married,basic.9y,no,yes,no
4357,53,46-55,admin.,married,basic.9y,unknown,yes,no
4358,38,36-45,technician,single,university.degree,no,unknown,unknown
4359,49,46-55,entrepreneur,married,university.degree,unknown,yes,yes
4360,54,46-55,management,married,basic.9y,no,yes,no
4361,31,26-35,management,single,professional.course,no,yes,no
4362,48,46-55,technician,single,unknown,no,yes,no
4363,52,46-55,self-employed,single,university.degree,unknown,yes,yes
4364,36,36-45,blue-collar,married,unknown,unknown,yes,no
4365,54,46-55,blue-collar,married,unknown,unknown,no,no
4366,33,26-35,technician,unknown,professional.course,unknown,no,no
4367,38,36-45,technician,divorced,professional.course,no,yes,yes
4368,44,36-45,services,married,basic.9y,no,yes,no
4369,47,46-55,technician,divorced,high.school,no,no,no
4370,27,26-35,blue-collar,married,basic.6y,no,yes,no
4371,59,56-65,technician,married,basic.9y,no,no,no
4372,33,26-35,self-employed,single,basic.4y,no,yes,no
4373,37,36-45,blue-collar,married,basic.9y,unknown,yes,yes
4374,44,36-45,technician,married,high.school,no,yes,no
4375,33,26-35,admin.,single,high.school,no,yes,no
4376,34,26-35,housemaid,single,university.degree,no,no,no
4377,45,36-45,unknown,single,basic.4y,no,yes,no
4378,35,26-35,self-employed,married,basic.9y,no,yes,yes
4379,22,18-25,blue-collar,single,basic.6y,unknown,no,no
4380,51,46-55,admin.,married,university.degree,unknown,yes,no
4381,52,46-55,entrepreneur,married,basic.9y,no,yes,yes
4382,51,46-55,admin.,married,professional.course,no,yes,no
4383,30,26-35,admin.,single,high.school,no,yes,no
4384,36,36-45,self-employed,divorced,basic.4y,no,no,no
4385,30,26-35,blue-collar,single,basic.6y,no,yes,no
4386,23,18-25,admin.,married,high.school,no,yes,no
4387,28,26-35,admin.,single,university.degree,no,yes,yes
4388,52,46-55,unknown,married,basic.6y,no,no,no
4389,27,26-35,admin.,married,basic.9y,no,yes,no
4390,37,36-45,self-employed,married,high.school,no,no,no
4391,37,36-45,self-employed,married,professional.course,unknown,yes,no
4392,39,36-45,entrepreneur,married,high.school,no,no,yes
4393,50,46-55,blue-collar,married,unknown,unknown,yes,no
4394,53,46-55,services,married,basic.4y,no,no,no
4395,31,26-35,blue-collar,single,unknown,no,yes,no
4396,28,26-35,admin.,married,high.school,no,no,yes
4397,47,46-55,admin.,married,basic.6y,unknown,yes,no
4398,57,56-65,blue-collar,married,basic.9y,no,no,no
4399,42,36-45,technician,divorced,university.degree,no,yes,no
4400,40,36-45,management,married,high.school,unknown,no,no
4401,43,36-45,services,married,high.school,unknown,yes,no
4402,48,46-55,blue-collar,single,basic.6y,unknown,no,no
4403,55,46-55,blue-collar,married,basic.4y,no,no,no
4404,30,26-35,self-employed,single,university.degree,no,no,no
4405,57,56-65,management,married,university.degree,unknown,no,yes
4406,47,46-55,entrepreneur,married,university.degree,unknown,yes,no
4407,40,36-45,admin.,married,high.school,unknown,no,yes
4408,60,56-65,unknown,single,unknown,unknown,no,no
4409,50,46-55,blue-collar,married,basic.9y,no,no,no
4410,34,26-35,blue-collar,divorced,basic.4y,no,yes,no
4411,46,46-55,technician,married,basic.9y,unknown,no,no
4412,56,56-65,housemaid,married,basic.4y,no,yes,no
4413,39,36-45,blue-collar,married,basic.9y,unknown,no,yes
4414,40,36-45,self-employed,married,basic.4y,unknown,yes,no
4415,36,36-45,housemaid,married,basic.6y,no,yes,no
4416,40,36-45,services,married,high.school,no,yes,yes
4417,42,36-45,unemployed,married,basic.4y,no,yes,no
4418,47,46-55,management,married,basic.4y,unknown,no,yes
4419,51,46-55,admin.,married,basic.9y,no,no,no
4420,48,46-55,unemployed,married,basic.6y,no,no,yes
4421,24,18-25,entrepreneur,married,university.degree,unknown,no,no
4422,27,26-35,blue-collar,married,basic.9y,unknown,no,yes
4423,26,26-35,management,single,university.degree,no,no,no
4424,55,46-55,technician,married,basic.9y,no,no,no
4425,53,46-55,housemaid,married,professional.course,unknown,yes,no
4426,54,46-55,technician,married,professional.course,unknown,yes,no
4427,37,36-45,technician,single,professional.course,unknown,unknown,unknown
4428,59,56-65,retired,married,unknown,no,no,yes
4429,36,36-45,self-employed,divorced,university.degree,no,yes,yes
4430,46,46-55,technician,married,professional.course,no,no,yes
4431,46,46-55,retired,married,basic.4y,no,yes,no
4432,57,56-65,blue-collar,divorced,unknown,unknown,no,no
4433,38,36-45,blue-collar,married,high.school,no,yes,yes
4434,59,56-65,retired,married,university.degree,unknown,yes,no
4435,32,26-35,technician,single,professional.course,no,unknown,unknown
4436,37,36-45,entrepreneur,married,university.degree,no,yes,no
4437,34,26-35,blue-collar,divorced,basic.4y,unknown,no,no
4438,47,46-55,self-employed,married,professional.course,no,yes,no
4439,26,26-35,services,single,basic.9y,no,yes,no
4440,35,26-35,technician,single,high.school,no,yes,no
4441,42,36-45,management,divorced,high.school,no,no,no
4442,55,46-55,technician,married,basic.9y,unknown,no,no
4443,44,36-45,technician,married,basic.4y,no,no,no
4444,54,46-55,services,divorced,high.school,no,no,no
4445,38,36-45,unemployed,married,basic.6y,no,no,no
4446,33,26-35,services,single,basic.6y,no,yes,no
4447,44,36-45,self-employed,divorced,high.school,no,yes,no
4448,39,36-45,admin.,single,university.degree,no,yes,yes
4449,34,26-35,services,single,professional.course,unknown,yes,no
4450,43,36-45,retired,married,basic.4y,unknown,yes,no
4451,51,46-55,management,married,university.degree,no,yes,yes
4452,25,18-25,blue-collar,married,basic.9y,unknown,no,no
4453,50,46-55,services,divorced,basic.4y,unknown,yes,no
4454,34,26-35,blue-collar,single,basic.4y,unknown,yes,no
4455,47,46-55,technician,single,university.degree,no,no,yes
4456,39,36-45,entrepreneur,married,basic.9y,unknown,yes,no
4457,43,36-45,blue-collar,divorced,unknown,no,yes,no
4458,25,18-25,blue-collar,married,basic.9y,no,yes,yes
4459,47,46-55,self-employed,divorced,professional.course,unknown,yes,no
4460,47,46-55,technician,single,professional.course,unknown,yes,yes
4461,31,26-35,self-employed,married,university.degree,no,yes,yes
4462,35,26-35,management,single,university.degree,no,yes,no
4463,58,56-65,unemployed,married,basic.9y,no,no,no
4464,58,56-65,blue-collar,married,basic.6y,unknown,no,no
4465,40,36-45,management,married,university.degree,no,unknown,unknown
4466,49,46-55,unemployed,divorced,professional.course,no,no,no
4467,33,26-35,technician,single,university.degree,no,yes,no
4468,47,46-55,entrepreneur,married,university.degree,no,no,yes
4469,40,36-45,entrepreneur,married,professional.course,unknown,no,no
4470,32,26-35,blue-collar,single,basic.4y,no,yes,yes
4471,41,36-45,self-employed,married,basic.4y,no,no,no
4472,29,26-35,technician,single,unknown,no,no,no
4473,32,26-35,admin.,single,university.degree,no,unknown,unknown
4474,39,36-45,services,single,high.school,unknown,yes,yes
4475,39,36-45,self-employed,married,basic.4y,unknown,yes,yes
4476,35,26-35,blue-collar,divorced,basic.4y,unknown,yes,no
4477,39,36-45,entrepreneur,married,high.school,no,unknown,unknown
4478,48,46-55,housemaid,married,basic.6y,unknown,yes,no
4479,47,46-55,admin.,married,professional.course,no,no,no
4480,55,46-55,blue-collar,married,professional.course,unknown,yes,yes
4481,47,46-55,management,divorced,university.degree,no,yes,yes
4482,57,56-65,housemaid,married,basic.4y,no,yes,no
4483,46,46-55,management,married,university.degree,unknown,no,no
4484,58,56-65,retired,married,high.school,unknown,no,no
4485,56,56-65,technician,married,university.degree,no,no,yes
4486,52,46-55,technician,married,high.school,no,unknown,unknown
4487,45,36-45,blue-collar,single,high.school,unknown,no,no
4488,55,46-55,admin.,divorced,unknown,unknown,yes,no
4489,42,36-45,services,divorced,high.school,unknown,yes,no
4490,45,36-45,admin.,married,unknown,no,yes,no
4491,53,46-55,management,divorced,university.degree,no,no,no
4492,32,26-35,blue-collar,divorced,basic.4y,unknown,no,no
4493,54,46-55,admin.,married,high.school,unknown,yes,no
4494,54,46-55,management,married,university.degree,unknown,no,yes
4495,47,46-55,management,divorced,university.degree,no,no,yes
4496,29,26-35,services,single,high.school,no,yes,yes
4497,41,36-45,admin.,married,high.school,unknown,no,no
4498,40,36-45,technician,single,professional.course,no,yes,no
4499,28,26-35,blue-collar,single,high.school,no,yes,no
4500,25,18-25,technician,divorced,university.degree,no,yes,no
4501,51,46-55,management,married,unknown,unknown,yes,yes
4502,39,36-45,self-employed,married,university.degree,no,yes,yes
4503,33,26-35,admin.,single,university.degree,no,yes,yes
4504,58,56-65,blue-collar,married,basic.4y,no,no,no
4505,30,26-35,blue-collar,married,professional.course,no,no,no
4506,34,26-35,services,divorced,professional.course,unknown,no,no
4507,33,26-35,services,single,university.degree,unknown,no,no
4508,37,36-45,entrepreneur,married,basic.9y,no,yes,no
4509,43,36-45,admin.,married,high.school,unknown,yes,no
4510,36,36-45,services,single,basic.6y,unknown,no,no
4511,41,36-45,blue-collar,married,unknown,no,no,no
4512,58,56-65,retired,married,basic.9y,no,yes,no
4513,33,26-35,technician,married,high.school,no,no,yes
4514,56,56-65,management,divorced,university.degree,no,no,no
4515,54,46-55,retired,divorced,basic.4y,no,no,no
4516,42,36-45,admin.,married,high.school,no,no,yes
4517,51,46-55,services,married,high.school,no,no,yes
4518,31,26-35,management,married,high.school,no,yes,no
4519,47,46-55,housemaid,married,basic.4y,no,yes,yes
4520,55,46-55,retired,divorced,basic.6y,unknown,no,no
4521,45,36-45,admin.,divorced,university.degree,unknown,no,no
4522,30,26-35,technician,married,university.degree,no,no,yes
4523,53,46-55,blue-collar,married,basic.4y,unknown,yes,no
4524,47,46-55,entrepreneur,single,university.degree,unknown,yes,no
4525,37,36-45,admin.,divorced,basic.9y,unknown,yes,no
4526,36,36-45,housemaid,married,high.school,no,yes,no
4527,47,46-55,housemaid,married,professional.course,no,yes,yes
4528,28,26-35,blue-collar,married,basic.9y,no,yes,yes
4529,48,46-55,technician,divorced,professional.course,no,no,no
4530,52,46-55,technician,divorced,professional.course,unknown,yes,no
4531,52,46-55,blue-collar,married,high.school,unknown,no,no
4532,27,26-35,blue-collar,married,basic.6y,unknown,yes,no
4533,53,46-55,services,divorced,basic.4y,unknown,no,no
4534,54,46-55,blue-collar,married,high.school,no,no,no
4535,33,26-35,technician,single,professional.course,no,no,no
4536,41,36-45,blue-collar,single,basic.4y,no,no,no
4537,29,26-35,technician,married,basic.9y,no,yes,yes
4538,50,46-55,retired,married,basic.4y,no,yes,no
4539,32,26-35,entrepreneur,single,professional.course,no,no,no
4540,29,26-35,entrepreneur,married,professional.course,no,yes,no
4541,44,36-45,unemployed,married,professional.course,no,no,no
4542,30,26-35,housemaid,married,high.school,unknown,yes,yes
4543,56,56-65,services,married,basic.4y,unknown,no,no
4544,26,26-35,blue-collar,married,basic.6y,unknown,unknown,unknown
4545,40,36-45,admin.,single,high.school,unknown,yes,no
4546,47,46-55,technician,divorced,high.school,no,yes,no
4547,39,36-45,housemaid,divorced,basic.9y,no,yes,no
4548,59,56-65,management,married,basic.6y,unknown,yes,no
4549,54,46-55,entrepreneur,divorced,university.degree,no,yes,yes
4550,45,36-45,blue-collar,married,basic.6y,no,yes,no
4551,24,18-25,services,single,basic.9y,unknown,no,yes
4552,37,36-45,management,married,university.degree,unknown,no,yes
4553,57,56-65,housemaid,married,professional.course,no,no,yes
4554,41,36-45,admin.,married,high.school,no,unknown,unknown
4555,33,26-35,unemployed,single,university.degree,no,no,yes
4556,41,36-45,management,divorced,university.degree,no,no,no
4557,41,36-45,blue-collar,divorced,professional.course,no,no,no
4558,36,36-45,technician,divorced,professional.course,unknown,no,no
4559,52,46-55,services,married,high.school,no,no,yes
4560,59,56-65,retired,divorced,university.degree,no,no,no
4561,39,36-45,entrepreneur,married,high.school,no,no,no
4562,39,36-45,technician,single,professional.course,unknown,no,no
4563,60,56-65,unknown,married,basic.6y,unknown,no,no
4564,43,36-45,blue-collar,single,professional.course,no,yes,no
4565,56,56-65,management,married,basic.4y,unknown,yes,no
4566,48,46-55,housemaid,married,high.school,no,no,no
4567,44,36-45,entrepreneur,married,basic.6y,unknown,no,yes
4568,46,46-55,unemployed,married,basic.6y,unknown,yes,no
4569,48,46-55,admin.,married,professional.course,unknown,no,no
4570,43,36-45,entrepreneur,married,basic.9y,no,no,no
4571,55,46-55,blue-collar,divorced,basic.4y,unknown,no,yes
4572,26,26-35,technician,single,university.degree,no,no,no
4573,33,26-35,technician,married,professional.course,no,no,yes
4574,41,36-45,blue-collar,married,basic.6y,no,unknown,unknown
4575,59,56-65,retired,single,high.school,no,no,yes
4576,32,26-35,blue-collar,single,high.school,no,no,no
4577,41,36-45,unemployed,divorced,high.school,no,no,no
4578,38,36-45,student,single,university.degree,no,unknown,unknown
4579,30,26-35,blue-collar,single,basic.4y,unknown,yes,no
4580,38,36-45,unemployed,married,professional.course,no,no,no
4581,50,46-55,self-employed,married,university.degree,no,yes,no
4582,52,46-55,management,divorced,university.degree,unknown,no,no
4583,40,36-45,blue-collar,divorced,basic.9y,unknown,no,no
4584,50,46-55,unknown,single,unknown,unknown,yes,no
4585,50,46-55,housemaid,single,unknown,no,no,yes
4586,51,46-55,retired,divorced,university.degree,no,yes,yes
4587,55,46-55,management,married,university.degree,no,yes,no
4588,58,56-65,technician,married,professional.course,no,yes,yes
4589,58,56-65,retired,married,basic.4y,no,no,no
4590,51,46-55,self-employed,married,university.degree,unknown,yes,no
4591,48,46-55,blue-collar,married,basic.4y,no,no,yes
4592,49,46-55,technician,married,basic.6y,unknown,no,no
4593,56,56-65,management,married,basic.9y,no,yes,no
4594,31,26-35,blue-collar,single,high.school,no,yes,yes
4595,44,36-45,admin.,single,university.degree,no,no,yes
4596,30,26-35,self-employed,married,professional.course,no,yes,no
4597,50,46-55,blue-collar,married,basic.6y,unknown,yes,no
4598,48,46-55,management,married,university.degree,no,yes,yes
4599,50,46-55,blue-collar,divorced,basic.9y,no,yes,no
4600,29,26-35,admin.,single,basic.9y,unknown,no,yes
4601,40,36-45,admin.,married,high.school,no,yes,no
4602,37,36-45,self-employed,married,basic.9y,unknown,yes,no
4603,57,56-65,blue-collar,married,high.school,unknown,no,no
4604,30,26-35,blue-collar,married,unknown,no,no,yes
4605,29,26-35,services,single,university.degree,unknown,no,yes
4606,38,36-45,admin.,married,basic.9y,no,no,yes
4607,46,46-55,blue-collar,married,basic.6y,no,no,yes
4608,35,26-35,self-employed,married,basic.9y,no,no,yes
4609,39,36-45,self-employed,married,university.degree,unknown,yes,no
4610,46,46-55,admin.,single,university.degree,unknown,no,no
4611,46,46-55,unemployed,divorced,basic.9y,no,yes,no
4612,59,56-65,entrepreneur,married,unknown,no,no,no
4613,43,36-45,unemployed,married,professional.course,no,no,no
4614,49,46-55,blue-collar,married,basic.4y,no,yes,yes
4615,43,36-45,retired,married,basic.9y,unknown,no,no
4616,53,46-55,admin.,married,high.school,no,no,no
4617,25,18-25,admin.,married,university.degree,unknown,yes,no
4618,48,46-55,admin.,divorced,university.degree,no,no,no
4619,44,36-45,self-employed,married,basic.9y,no,yes,no
4620,54,46-55,management,married,university.degree,no,no,no
4621,29,26-35,entrepreneur,married,high.school,unknown,yes,no
4622,43,36-45,management,married,university.degree,no,yes,yes
4623,53,46-55,housemaid,married,basic.4y,no,unknown,unknown
4624,57,56-65,technician,divorced,unknown,no,yes,yes
4625,31,26-35,services,married,high.school,unknown,yes,no
4626,49,46-55,management,divorced,university.degree,unknown,yes,no
4627,47,46-55,blue-collar,divorced,basic.9y,unknown,no,yes
4628,29,26-35,admin.,divorced,professional.course,no,yes,no
4629,38,36-45,entrepreneur,married,basic.6y,no,no,yes
4630,43,36-45,admin.,divorced,university.degree,no,no,no
4631,30,26-35,admin.,single,high.school,unknown,no,no
4632,43,36-45,unemployed,married,basic.9y,no,no,no
4633,44,36-45,blue-collar,single,unknown,unknown,yes,no
4634,31,26-35,unemployed,married,basic.6y,no,yes,no
4635,29,26-35,admin.,married,basic.9y,no,no,no
4636,58,56-65,technician,married,university.degree,no,yes,no
4637,27,26-35,unemployed,married,high.school,no,no,no
4638,30,26-35,services,married,university.degree,unknown,yes,no
4639,31,26-35,unemployed,divorced,basic.4y,no,yes,no
4640,32,26-35,blue-collar,married,basic.6y,no,unknown,unknown
4641,28,26-35,student,single,university.degree,unknown,no,no
4642,45,36-45,services,single,high.school,no,no,no
4643,26,26-35,self-employed,married,university.degree,no,yes,no
4644,36,36-45,services,divorced,professional.course,no,no,no
4645,30,26-35,unemployed,married,basic.6y,unknown,no,no
4646,36,36-45,admin.,married,professional.course,no,yes,no
4647,42,36-45,services,divorced,basic.6y,no,no,no
4648,57,56-65,admin.,divorced,unknown,unknown,no,no
4649,38,36-45,technician,single,professional.course,no,no,yes
4650,46,46-55,technician,married,high.school,no,no,no
4651,50,46-55,services,divorced,basic.4y,unknown,no,no
4652,46,46-55,management,married,basic.9y,unknown,yes,no
4653,42,36-45,admin.,married,unknown,unknown,no,no
4654,31,26-35,technician,single,professional.course,no,no,no
4655,31,26-35,housemaid,married,university.degree,no,no,yes
4656,40,36-45,blue-collar,divorced,basic.9y,unknown,no,yes
4657,60,56-65,retired,single,high.school,no,no,no
4658,27,26-35,blue-collar,single,high.school,no,yes,no
4659,40,36-45,services,married,unknown,no,yes,no
4660,58,56-65,retired,married,basic.4y,unknown,yes,no
4661,54,46-55,services,married,high.school,no,yes,no
4662,34,26-35,blue-collar,married,basic.4y,unknown,no,yes
4663,37,36-45,admin.,divorced,basic.9y,no,no,no
4664,29,26-35,admin.,single,university.degree,unknown,no,yes
4665,46,46-55,housemaid,divorced,basic.6y,no,yes,no
4666,35,26-35,entrepreneur,married,high.school,no,no,yes
4667,37,36-45,housemaid,married,basic.4y,no,yes,no
4668,47,46-55,self-employed,married,basic.4y,unknown,unknown,unknown
4669,59,56-65,retired,married,professional.course,no,yes,no
4670,29,26-35,self-employed,single,professional.course,no,no,no
4671,34,26-35,blue-collar,married,basic.4y,unknown,yes,no
4672,48,46-55,services,single,high.school,unknown,no,yes
4673,32,26-35,self-employed,divorced,university.degree,no,no,yes
4674,42,36-45,blue-collar,married,high.school,unknown,yes,no
4675,43,36-45,management,married,high.school,no,yes,no
4676,34,26-35,services,single,high.school,no,no,no
4677,34,26-35,blue-collar,married,basic.4y,unknown,no,no
4678,46,46-55,admin.,married,high.school,unknown,no,no
4679,49,46-55,admin.,married,university.degree,no,no,no
4680,35,26-35,entrepreneur,married,university.degree,no,no,no
4681,56,56-65,unemployed,married,high.school,unknown,no,no
4682,45,36-45,entrepreneur,married,high.school,no,no,no
4683,46,46-55,unemployed,married,basic.9y,unknown,no,no
4684,45,36-45,technician,married,university.degree,unknown,no,yes
4685,42,36-45,technician,single,high.school,no,yes,no
4686,48,46-55,retired,married,basic.4y,unknown,no,no
4687,52,46-55,retired,married,basic.4y,no,no,no
4688,58,56-65,admin.,single,university.degree,no,no,yes
4689,46,46-55,blue-collar,married,professional.course,unknown,no,no
4690,34,26-35,management,married,university.degree,unknown,no,yes
4691,30,26-35,student,single,high.school,no,no,no
4692,37,36-45,technician,single,high.school,no,unknown,unknown
4693,38,36-45,unknown,married,basic.6y,no,no,no
4694,39,36-45,blue-collar,married,basic.9y,no,unknown,unknown
4695,41,36-45,self-employed,married,basic.4y,no,yes,no
4696,41,36-45,unknown,single,unknown,unknown,yes,yes
4697,54,46-55,admin.,divorced,unknown,unknown,no,no
4698,42,36-45,blue-collar,single,basic.4y,no,no,no
4699,26,26-35,unknown,single,high.school,unknown,yes,yes
4700,36,36-45,entrepreneur,married,basic.6y,unknown,no,no
4701,26,26-35,blue-collar,single,basic.6y,no,no,no
4702,32,26-35,blue-collar,single,university.degree,no,no,no
4703,29,26-35,unemployed,married,high.school,unknown,no,no
4704,38,36-45,admin.,single,university.degree,no,no,yes
4705,25,18-25,admin.,single,high.school,no,yes,yes
4706,41,36-45,technician,married,basic.9y,unknown,no,no
4707,31,26-35,blue-collar,married,basic.4y,unknown,yes,no
4708,42,36-45,admin.,married,basic.6y,no,yes,yes
4709,60,56-65,admin.,married,high.school,no,no,yes
4710,58,56-65,blue-collar,divorced,unknown,no,yes,no
4711,46,46-55,admin.,married,high.school,no,yes,yes
4712,30,26-35,services,single,professional.course,no,no,no
4713,58,56-65,services,married,basic.4y,no,yes,no
4714,23,18-25,blue-collar,single,basic.9y,no,yes,no
4715,34,26-35,technician,divorced,basic.9y,no,no,no
4716,46,46-55,technician,married,professional.course,unknown,yes,no
4717,25,18-25,blue-collar,married,high.school,no,no,yes
4718,26,26-35,technician,single,professional.course,no,yes,no
4719,32,26-35,admin.,single,university.degree,no,no,yes
4720,31,26-35,services,single,high.school,no,yes,yes
4721,26,26-35,management,single,basic.9y,no,yes,no
4722,27,26-35,self-employed,single,university.degree,no,yes,yes
4723,50,46-55,self-employed,married,basic.9y,unknown,no,no
4724,52,46-55,retired,married,basic.4y,no,no,yes
4725,45,36-45,self-employed,single,high.school,no,no,no
4726,28,26-35,blue-collar,single,high.school,no,yes,yes
4727,31,26-35,blue-collar,divorced,basic.9y,no,yes,yes
4728,27,26-35,student,single,university.degree,unknown,yes,no
4729,57,56-65,blue-collar,married,basic.9y,no,yes,yes
4730,27,26-35,blue-collar,single,basic.6y,no,yes,yes
4731,39,36-45,blue-collar,married,basic.6y,no,yes,yes
4732,25,18-25,student,single,high.school,no,no,yes
4733,32,26-35,housemaid,married,university.degree,no,yes,no
4734,31,26-35,blue-collar,married,high.school,no,no,no
4735,53,46-55,management,married,university.degree,no,unknown,unknown
4736,27,26-35,technician,single,university.degree,no,no,yes
4737,31,26-35,admin.,married,high.school,no,unknown,unknown
4738,39,36-45,admin.,single,high.school,no,no,no
4739,42,36-45,services,married,basic.9y,no,no,no
4740,50,46-55,housemaid,divorced,high.school,unknown,yes,no
4741,25,18-25,unknown,single,university.degree,no,no,no
4742,61,56-65,retired,married,high.school,no,unknown,unknown
4743,51,46-55,unemployed,married,basic.4y,no,no,yes
4744,23,18-25,blue-collar,married,basic.9y,no,yes,no
4745,29,26-35,unemployed,single,university.degree,no,yes,no
4746,41,36-45,entrepreneur,married,basic.4y,no,yes,no
4747,36,36-45,blue-collar,single,basic.9y,no,unknown,unknown
4748,45,36-45,services,married,basic.6y,no,unknown,unknown
4749,27,26-35,unemployed,single,university.degree,no,no,no
4750,35,26-35,unemployed,married,basic.9y,unknown,unknown,unknown
4751,59,56-65,retired,married,basic.6y,unknown,no,no
4752,53,46-55,admin.,divorced,university.degree,no,yes,no
4753,36,36-45,entrepreneur,married,university.degree,no,yes,yes
4754,29,26-35,blue-collar,single,university.degree,no,no,no
4755,45,36-45,admin.,single,high.school,no,no,no
4756,56,56-65,admin.,single,basic.9y,no,yes,no
4757,47,46-55,blue-collar,married,unknown,unknown,no,yes
4758,53,46-55,management,married,basic.6y,unknown,yes,no
4759,45,36-45,blue-collar,married,high.school,no,no,no
4760,47,46-55,blue-collar,married,basic.9y,no,no,yes
4761,40,36-45,admin.,divorced,basic.6y,unknown,no,yes
4762,36,36-45,technician,single,basic.9y,unknown,yes,no
4763,44,36-45,blue-collar,divorced,basic.4y,no,no,no
4764,24,18-25,technician,single,high.school,no,yes,no
4765,45,36-45,entrepreneur,married,unknown,no,no,no
4766,54,46-55,entrepreneur,married,university.degree,no,yes,no
4767,35,26-35,blue-collar,single,basic.4y,unknown,yes,no
4768,55,46-55,retired,divorced,professional.course,no,yes,no
4769,27,26-35,technician,married,professional.course,no,yes,yes
4770,25,18-25,services,single,high.school,no,no,yes
4771,40,36-45,management,married,basic.6y,unknown,yes,no
4772,46,46-55,blue-collar,married,high.school,no,yes,no
4773,52,46-55,technician,married,high.school,unknown,yes,no
4774,54,46-55,admin.,married,university.degree,unknown,yes,no
4775,36,36-45,technician,married,basic.9y,no,yes,yes
4776,34,26-35,services,married,university.degree,no,no,no
4777,22,18-25,services,single,high.school,no,no,no
4778,26,26-35,services,married,high.school,no,no,yes
4779,51,46-55,technician,divorced,professional.course,no,no,no
4780,51,46-55,admin.,married,high.school,no,no,yes
4781,40,36-45,unemployed,divorced,high.school,no,no,yes
4782,54,46-55,admin.,married,high.school,no,yes,no
4783,32,26-35,self-employed,married,university.degree,no,no,no
4784,44,36-45,entrepreneur,single,university.degree,no,no,no
4785,58,56-65,blue-collar,married,professional.course,unknown,no,yes
4786,23,18-25,services,single,professional.course,unknown,no,no
4787,45,36-45,self-employed,married,university.degree,no,yes,no
4788,53,46-55,technician,married,unknown,no,no,no
4789,55,46-55,housemaid,divorced,university.degree,no,yes,no
4790,35,26-35,blue-collar,married,unknown,no,no,yes
4791,52,46-55,retired,married,high.school,no,no,no
4792,35,26-35,blue-collar,married,basic.9y,no,yes,yes
4793,40,36-45,housemaid,married,basic.4y,unknown,yes,no
4794,46,46-55,admin.,single,university.degree,no,no,no
4795,50,46-55,housemaid,married,unknown,no,yes,no
4796,28,26-35,technician,single,professional.course,unknown,no,no
4797,52,46-55,management,divorced,university.degree,no,yes,yes
4798,41,36-45,technician,married,basic.6y,no,no,no
4799,28,26-35,unknown,single,unknown,unknown,yes,no
4800,30,26-35,technician,single,professional.course,no,unknown,unknown
4801,26,26-35,blue-collar,married,basic.9y,unknown,no,yes
4802,52,46-55,blue-collar,divorced,basic.4y,no,no,no
4803,58,56-65,admin.,married,unknown,unknown,no,no
4804,52,46-55,self-employed,married,basic.4y,unknown,no,no
4805,27,26-35,admin.,single,university.degree,no,no,yes
4806,36,36-45,self-employed,divorced,basic.4y,no,yes,no
4807,32,26-35,services,single,basic.9y,no,no,yes
4808,59,56-65,technician,married,unknown,unknown,unknown,unknown
4809,38,36-45,services,married,basic.4y,no,no,yes
4810,40,36-45,admin.,divorced,high.school,no,no,no
4811,46,46-55,admin.,married,basic.9y,unknown,yes,no
4812,39,36-45,services,divorced,high.school,no,no,no
4813,56,56-65,blue-collar,married,basic.4y,no,yes,yes
4814,29,26-35,blue-collar,single,basic.6y,no,yes,no
4815,57,56-65,technician,divorced,basic.9y,no,no,no
4816,40,36-45,entrepreneur,married,basic.6y,unknown,no,no
4817,37,36-45,technician,married,high.school,unknown,yes,no
4818,49,46-55,entrepreneur,married,basic.4y,unknown,no,no
4819,57,56-65,services,married,high.school,unknown,no,yes
4820,42,36-45,housemaid,divorced,basic.4y,unknown,yes,no
4821,56,56-65,retired,married,basic.9y,unknown,yes,no
4822,31,26-35,blue-collar,single,basic.4y,no,no,no
4823,49,46-55,admin.,divorced,university.degree,no,yes,no
4824,58,56-65,retired,married,high.school,no,no,no
4825,50,46-55,blue-collar,married,basic.4y,no,unknown,unknown
4826,59,56-65,retired,married,high.school,unknown,no,yes
4827,59,56-65,retired,married,high.school,unknown,yes,no
4828,41,36-45,management,married,unknown,unknown,no,yes
4829,42,36-45,blue-collar,married,unknown,unknown,yes,no
4830,54,46-55,admin.,married,university.degree,no,yes,yes
4831,31,26-35,housemaid,divorced,high.school,no,no,no
4832,36,36-45,blue-collar,married,high.school,no,yes,no
4833,39,36-45,entrepreneur,single,basic.6y,no,no,no
4834,44,36-45,blue-collar,married,basic.4y,no,unknown,unknown
4835,44,36-45,technician,single,basic.9y,no,yes,no
4836,33,26-35,self-employed,single,university.degree,no,unknown,unknown
4837,47,46-55,admin.,divorced,high.school,no,no,no
4838,55,46-55,admin.,married,basic.4y,no,no,no
4839,50,46-55,management,married,unknown,no,yes,no
4840,31,26-35,management,single,university.degree,unknown,no,yes
4841,38,36-45,services,married,basic.4y,no,yes,no
4842,60,56-65,retired,married,professional.course,no,yes,no
4843,32,26-35,housemaid,married,basic.6y,unknown,no,no
4844,48,46-55,management,married,university.degree,no,no,yes
4845,29,26-35,blue-collar,married,basic.9y,unknown,no,yes
4846,40,36-45,admin.,single,unknown,unknown,no,no
4847,58,56-65,entrepreneur,divorced,university.degree,no,no,no
4848,40,36-45,entrepreneur,married,university.degree,unknown,no,no
4849,37,36-45,entrepreneur,married,university.degree,no,unknown,unknown
4850,33,26-35,admin.,married,university.degree,no,unknown,unknown
4851,38,36-45,housemaid,married,basic.9y,unknown,unknown,unknown
4852,36,36-45,admin.,married,basic.9y,no,yes,no
4853,45,36-45,unknown,married,unknown,unknown,no,yes
4854,31,26-35,technician,single,university.degree,unknown,yes,no
4855,35,26-35,blue-collar,married,professional.course,no,yes,no
4856,35,26-35,blue-collar,divorced,basic.9y,no,no,no
4857,57,56-65,self-employed,married,university.degree,unknown,yes,no
4858,43,36-45,admin.,married,unknown,no,yes,no
4859,41,36-45,blue-collar,divorced,professional.course,no,unknown,unknown
4860,56,56-65,admin.,divorced,unknown,no,no,no
4861,31,26-35,admin.,single,basic.9y,no,no,no
4862,32,26-35,services,married,high.school,unknown,no,no
4863,52,46-55,housemaid,married,basic.4y,unknown,no,no
4864,31,26-35,entrepreneur,married,university.degree,no,yes,no
4865,43,36-45,admin.,married,professional.course,no,yes,no
4866,47,46-55,entrepreneur,married,professional.course,unknown,unknown,unknown
4867,32,26-35,services,single,basic.6y,no,unknown,unknown
4868,37,36-45,entrepreneur,married,basic.9y,no,yes,yes
4869,27,26-35,blue-collar,single,basic.9y,no,no,yes
4870,39,36-45,management,divorced,university.degree,unknown,no,no
4871,36,36-45,management,divorced,professional.course,no,no,no
4872,49,46-55,technician,married,university.degree,no,yes,yes
4873,34,26-35,blue-collar,divorced,professional.course,no,no,no
4874,51,46-55,unemployed,married,high.school,no,no,no
4875,37,36-45,admin.,married,basic.9y,no,yes,no
4876,34,26-35,admin.,single,basic.9y,unknown,yes,no
4877,47,46-55,admin.,married,unknown,unknown,yes,yes
4878,38,36-45,management,married,high.school,unknown,no,yes
4879,43,36-45,services,married,basic.9y,no,no,no
4880,38,36-45,admin.,single,high.school,unknown,yes,no
4881,25,18-25,services,single,professional.course,no,yes,no
4882,52,46-55,blue-collar,married,unknown,unknown,yes,no
4883,34,26-35,admin.,single,university.degree,unknown,no,no
4884,45,36-45,self-employed,married,university.degree,unknown,no,no
4885,48,46-55,admin.,divorced,high.school,no,yes,yes
4886,38,36-45,unemployed,married,basic.4y,unknown,no,no
4887,41,36-45,technician,married,university.degree,no,unknown,unknown
4888,45,36-45,services,divorced,unknown,no,no,no
4889,23,18-25,blue-collar,married,high.school,no,no,yes
4890,42,36-45,unemployed,married,basic.6y,unknown,no,no
4891,25,18-25,technician,single,university.degree,no,yes,yes
4892,57,56-65,technician,single,professional.course,no,yes,no
4893,42,36-45,blue-collar,divorced,high.school,no,no,yes
4894,44,36-45,housemaid,married,basic.4y,unknown,no,no
4895,32,26-35,housemaid,single,high.school,no,no,no
4896,30,26-35,services,married,high.school,unknown,unknown,unknown
4897,30,26-35,services,married,high.school,unknown,no,yes
4898,50,46-55,entrepreneur,married,unknown,no,no,no
4899,50,46-55,blue-collar,married,basic.4y,unknown,yes,yes
4900,54,46-55,retired,married,professional.course,no,yes,no
4901,33,26-35,admin.,single,university.degree,no,no,yes
4902,41,36-45,management,married,high.school,no,unknown,unknown
4903,44,36-45,management,single,university.degree,unknown,no,no
4904,46,46-55,blue-collar,married,high.school,unknown,no,no
4905,60,56-65,admin.,single,high.school,no,no,no
4906,30,26-35,blue-collar,married,basic.9y,no,unknown,unknown
4907,54,46-55,entrepreneur,married,basic.9y,no,no,yes
4908,41,36-45,housemaid,married,basic.6y,unknown,no,no
4909,54,46-55,management,married,high.school,unknown,no,no
4910,44,36-45,technician,married,basic.9y,no,yes,no
4911,31,26-35,blue-collar,married,unknown,no,no,no
4912,45,36-45,self-employed,married,basic.4y,unknown,no,no
4913,54,46-55,technician,married,university.degree,unknown,yes,yes
4914,58,56-65,technician,married,unknown,no,yes,no
4915,48,46-55,unemployed,married,high.school,unknown,yes,no
4916,36,36-45,management,married,university.degree,no,no,yes
4917,50,46-55,management,married,university.degree,no,no,no
4918,39,36-45,technician,married,unknown,no,no,no
4919,35,26-35,blue-collar,single,unknown,no,no,yes
4920,40,36-45,admin.,divorced,basic.9y,no,no,no
4921,52,46-55,self-employed,married,basic.4y,unknown,no,yes
4922,58,56-65,technician,divorced,basic.9y,no,no,no
4923,32,26-35,technician,single,high.school,no,no,no
4924,45,36-45,admin.,single,basic.9y,unknown,yes,no
4925,41,36-45,blue-collar,married,high.school,unknown,no,yes
4926,50,46-55,technician,married,professional.course,no,no,yes
4927,53,46-55,blue-collar,married,basic.9y,unknown,no,yes
4928,35,26-35,unemployed,married,university.degree,no,yes,yes
4929,55,46-55,services,married,high.school,unknown,yes,no
4930,40,36-45,services,divorced,basic.6y,no,no,yes
4931,56,56-65,blue-collar,married,high.school,unknown,yes,no
4932,52,46-55,unknown,married,basic.4y,no,yes,no
4933,58,56-65,services,married,high.school,unknown,yes,yes
4934,35,26-35,entrepreneur,divorced,high.school,no,no,no
4935,26,26-35,entrepreneur,married,university.degree,no,yes,no
4936,28,26-35,entrepreneur,married,basic.9y,no,yes,yes
4937,38,36-45,housemaid,married,basic.9y,no,yes,yes
4938,44,36-45,blue-collar,married,basic.9y,unknown,yes,yes
4939,32,26-35,unemployed,single,high.school,unknown,yes,no
4940,41,36-45,unknown,married,basic.6y,no,no,yes
4941,52,46-55,entrepreneur,married,university.degree,unknown,no,yes
4942,48,46-55,blue-collar,married,basic.4y,no,unknown,unknown
4943,35,26-35,retired,single,basic.6y,unknown,yes,no
4944,47,46-55,admin.,married,high.school,unknown,unknown,unknown
4945,30,26-35,admin.,divorced,university.degree,unknown,yes,no
4946,47,46-55,admin.,married,high.school,unknown,no,yes
4947,46,46-55,self-employed,single,high.school,no,no,no
4948,43,36-45,blue-collar,married,basic.9y,no,unknown,unknown
4949,54,46-55,blue-collar,married,basic.9y,unknown,unknown,unknown
4950,40,36-45,blue-collar,married,basic.4y,unknown,no,yes
4951,36,36-45,entrepreneur,married,university.degree,unknown,unknown,unknown
4952,40,36-45,blue-collar,married,professional.course,unknown,no,no
4953,58,56-65,services,married,basic.4y,no,unknown,unknown
4954,27,26-35,self-employed,single,university.degree,no,no,no
4955,51,46-55,admin.,married,basic.9y,no,no,yes
4956,58,56-65,housemaid,married,high.school,unknown,unknown,unknown
4957,51,46-55,admin.,married,high.school,no,no,no
4958,48,46-55,self-employed,married,university.degree,no,no,no
4959,46,46-55,technician,divorced,university.degree,no,no,no
4960,58,56-65,management,married,basic.4y,unknown,no,no
4961,45,36-45,unemployed,married,basic.4y,no,yes,yes
4962,40,36-45,blue-collar,single,unknown,no,no,yes
4963,34,26-35,unemployed,married,basic.6y,unknown,no,yes
4964,45,36-45,entrepreneur,married,university.degree,unknown,no,no
4965,41,36-45,technician,divorced,basic.4y,no,no,no
4966,31,26-35,housemaid,single,university.degree,no,no,yes
4967,34,26-35,blue-collar,married,basic.4y,no,yes,yes
4968,57,56-65,management,single,basic.9y,no,no,no
4969,37,36-45,entrepreneur,married,university.degree,unknown,yes,no
4970,36,36-45,blue-collar,married,basic.6y,no,unknown,unknown
4971,32,26-35,housemaid,married,high.school,no,yes,yes
4972,48,46-55,management,married,basic.9y,no,yes,no
4973,49,46-55,retired,married,basic.9y,no,no,no
4974,32,26-35,admin.,single,high.school,no,no,yes
4975,31,26-35,management,married,university.degree,no,yes,no
4976,42,36-45,blue-collar,single,basic.6y,unknown,no,yes
4977,46,46-55,self-employed,married,professional.course,no,yes,no
4978,55,46-55,unemployed,married,basic.4y,unknown,yes,yes
4979,45,36-45,admin.,divorced,basic.9y,no,yes,no
4980,38,36-45,blue-collar,married,basic.9y,no,unknown,unknown
4981,38,36-45,technician,single,professional.course,no,unknown,unknown
4982,29,26-35,services,single,high.school,unknown,yes,no
4983,30,26-35,blue-collar,married,basic.4y,unknown,no,yes
4984,36,36-45,technician,married,high.school,no,no,no
4985,37,36-45,housemaid,married,university.degree,no,yes,no
4986,38,36-45,blue-collar,married,basic.9y,unknown,unknown,unknown
4987,42,36-45,blue-collar,married,basic.9y,no,no,yes
4988,37,36-45,unemployed,married,basic.9y,no,no,no
4989,55,46-55,admin.,married,high.school,no,unknown,unknown
4990,42,36-45,housemaid,single,basic.4y,no,no,no
4991,40,36-45,admin.,married,university.degree,unknown,unknown,unknown
4992,38,36-45,blue-collar,married,high.school,unknown,unknown,unknown
4993,38,36-45,blue-collar,married,high.school,unknown,no,no
4994,37,36-45,technician,single,high.school,no,yes,yes
4995,41,36-45,unknown,single,unknown,unknown,yes,no
4996,39,36-45,management,married,basic.6y,unknown,yes,no
4997,53,46-55,admin.,divorced,university.degree,no,no,no
4998,34,26-35,technician,single,high.school,no,no,no
4999,31,26-35,services,married,high.school,no,no,yes
5000,35,26-35,blue-collar,single,basic.6y,no,no,no
5001,34,26-35,services,married,high.school,unknown,unknown,unknown
5002,35,26-35,admin.,single,basic.4y,unknown,unknown,unknown
5003,43,36-45,technician,single,basic.9y,no,yes,no
5004,50,46-55,self-employed,married,basic.4y,unknown,yes,no
5005,35,26-35,admin.,single,basic.6y,no,yes,yes
5006,31,26-35,unemployed,married,university.degree,no,no,no
5007,51,46-55,technician,married,professional.course,unknown,yes,no
5008,51,46-55,admin.,married,basic.9y,unknown,yes,no
5009,60,56-65,self-employed,married,professional.course,unknown,no,no
5010,34,26-35,entrepreneur,single,professional.course,no,no,yes
5011,56,56-65,technician,married,unknown,no,no,no
5012,39,36-45,blue-collar,divorced,basic.9y,no,unknown,unknown
5013,38,36-45,unemployed,married,basic.9y,no,no,no
5014,33,26-35,blue-collar,married,basic.6y,unknown,unknown,unknown
5015,47,46-55,retired,married,basic.4y,unknown,no,no
5016,35,26-35,blue-collar,divorced,basic.6y,unknown,no,no
5017,39,36-45,unemployed,married,professional.course,no,yes,no
5018,41,36-45,unemployed,married,unknown,no,no,no
5019,41,36-45,technician,married,university.degree,no,no,yes
5020,35,26-35,technician,married,professional.course,unknown,yes,no
5021,42,36-45,services,single,high.school,no,no,no
5022,43,36-45,management,married,high.school,no,yes,yes
5023,39,36-45,blue-collar,single,basic.4y,no,no,yes
5024,44,36-45,admin.,divorced,university.degree,no,yes,no
5025,35,26-35,technician,married,basic.9y,no,yes,no
5026,27,26-35,self-employed,single,university.degree,no,no,yes
5027,55,46-55,admin.,married,basic.4y,unknown,no,no
5028,47,46-55,retired,married,basic.4y,unknown,no,yes
5029,54,46-55,blue-collar,married,basic.4y,no,no,no
5030,54,46-55,admin.,married,unknown,unknown,no,no
5031,32,26-35,technician,married,basic.9y,no,no,no
5032,25,18-25,housemaid,married,basic.9y,no,no,no
5033,40,36-45,services,divorced,high.school,no,yes,no
5034,37,36-45,entrepreneur,married,basic.9y,no,no,no
5035,43,36-45,blue-collar,divorced,basic.9y,unknown,no,yes
5036,35,26-35,services,married,professional.course,unknown,no,no
5037,42,36-45,services,married,high.school,no,yes,yes
5038,32,26-35,unemployed,divorced,basic.4y,no,no,yes
5039,49,46-55,admin.,single,high.school,no,yes,no
5040,46,46-55,entrepreneur,married,professional.course,unknown,no,no
5041,29,26-35,self-employed,single,university.degree,no,no,no
5042,32,26-35,housemaid,single,basic.4y,no,yes,yes
5043,26,26-35,services,single,high.school,no,no,yes
5044,25,18-25,services,single,high.school,unknown,no,no
5045,54,46-55,blue-collar,unknown,basic.6y,unknown,no,no
5046,52,46-55,self-employed,married,university.degree,unknown,yes,yes
5047,45,36-45,housemaid,single,basic.9y,no,yes,no
5048,36,36-45,self-employed,married,university.degree,no,yes,no
5049,38,36-45,admin.,divorced,university.degree,no,yes,no
5050,60,56-65,unknown,married,university.degree,no,yes,no
5051,51,46-55,entrepreneur,divorced,university.degree,unknown,no,no
5052,47,46-55,management,married,basic.4y,no,no,yes
5053,36,36-45,blue-collar,single,high.school,no,unknown,unknown
5054,26,26-35,technician,married,basic.6y,no,no,no
5055,33,26-35,admin.,married,university.degree,no,no,yes
5056,40,36-45,blue-collar,married,basic.9y,unknown,unknown,unknown
5057,45,36-45,admin.,married,university.degree,no,yes,no
5058,42,36-45,technician,divorced,basic.9y,no,yes,no
5059,35,26-35,entrepreneur,divorced,high.school,no,yes,no
5060,56,56-65,retired,married,basic.6y,no,unknown,unknown
5061,52,46-55,blue-collar,married,basic.9y,unknown,unknown,unknown
5062,60,56-65,technician,married,professional.course,unknown,yes,no
5063,56,56-65,services,married,basic.4y,unknown,yes,no
5064,39,36-45,self-employed,married,university.degree,no,no,yes
5065,30,26-35,blue-collar,single,basic.4y,unknown,no,yes
5066,39,36-45,admin.,married,high.school,no,no,yes
5067,41,36-45,unknown,single,basic.6y,unknown,no,yes
5068,37,36-45,technician,married,professional.course,unknown,no,yes
5069,24,18-25,admin.,single,professional.course,no,yes,yes
5070,59,56-65,retired,married,basic.4y,no,yes,yes
5071,30,26-35,admin.,married,unknown,no,yes,yes
5072,27,26-35,services,married,high.school,no,no,no
5073,34,26-35,admin.,married,basic.9y,no,yes,no
5074,42,36-45,services,married,high.school,no,no,yes
5075,35,26-35,unemployed,divorced,high.school,unknown,yes,no
5076,42,36-45,technician,single,basic.9y,unknown,no,no
5077,46,46-55,self-employed,divorced,basic.9y,no,yes,no
5078,56,56-65,technician,divorced,professional.course,unknown,yes,no
5079,25,18-25,blue-collar,married,professional.course,unknown,yes,no
5080,44,36-45,technician,divorced,professional.course,no,yes,no
5081,34,26-35,self-employed,married,university.degree,no,no,no
5082,54,46-55,blue-collar,married,basic.9y,unknown,yes,yes
5083,58,56-65,retired,divorced,professional.course,unknown,no,no
5084,29,26-35,blue-collar,married,basic.4y,unknown,yes,no
5085,54,46-55,technician,single,basic.9y,no,no,no
5086,34,26-35,blue-collar,married,professional.course,no,yes,yes
5087,36,36-45,technician,married,professional.course,no,yes,yes
5088,46,46-55,admin.,single,university.degree,unknown,yes,no
5089,27,26-35,technician,single,professional.course,no,yes,yes
5090,36,36-45,entrepreneur,married,high.school,no,yes,no
5091,41,36-45,technician,single,university.degree,unknown,yes,yes
5092,25,18-25,blue-collar,single,basic.4y,no,yes,yes
5093,38,36-45,self-employed,married,basic.9y,unknown,no,no
5094,45,36-45,self-employed,divorced,university.degree,no,yes,yes
5095,56,56-65,entrepreneur,divorced,university.degree,no,no,yes
5096,35,26-35,blue-collar,married,basic.9y,unknown,yes,yes
5097,57,56-65,retired,married,basic.4y,unknown,no,yes
5098,54,46-55,unemployed,single,basic.6y,no,yes,yes
5099,33,26-35,management,married,high.school,no,no,yes
5100,33,26-35,unemployed,single,high.school,no,yes,no
5101,25,18-25,technician,single,high.school,no,yes,yes
5102,34,26-35,services,married,basic.9y,no,yes,no
5103,37,36-45,unemployed,single,basic.9y,no,yes,no
5104,32,26-35,admin.,single,professional.course,no,no,yes
5105,29,26-35,blue-collar,married,basic.4y,no,no,yes
5106,59,56-65,housemaid,married,basic.4y,no,no,yes
5107,60,56-65,management,married,unknown,unknown,no,no
5108,44,36-45,technician,married,basic.6y,unknown,yes,no
5109,31,26-35,blue-collar,married,basic.4y,no,yes,yes
5110,30,26-35,services,married,university.degree,unknown,no,yes
5111,53,46-55,blue-collar,married,basic.4y,no,no,yes
5112,40,36-45,unemployed,married,high.school,no,yes,no
5113,48,46-55,unemployed,married,basic.9y,no,yes,no
5114,28,26-35,admin.,single,basic.9y,no,no,no
5115,58,56-65,technician,married,basic.4y,no,no,no
5116,36,36-45,admin.,single,high.school,no,no,no
5117,43,36-45,admin.,single,high.school,no,no,no
5118,32,26-35,services,married,unknown,no,no,no
5119,41,36-45,management,married,high.school,no,yes,no
5120,49,46-55,blue-collar,married,basic.9y,no,unknown,unknown
5121,38,36-45,technician,married,high.school,no,no,no
5122,50,46-55,services,single,basic.4y,no,no,no
5123,53,46-55,blue-collar,single,basic.9y,no,yes,no
5124,41,36-45,services,single,high.school,no,no,no
5125,32,26-35,blue-collar,married,high.school,no,yes,no
5126,39,36-45,admin.,single,university.degree,unknown,yes,no
5127,28,26-35,entrepreneur,single,high.school,no,yes,no
5128,48,46-55,admin.,married,high.school,unknown,yes,no
5129,52,46-55,unknown,married,basic.4y,no,no,yes
5130,27,26-35,entrepreneur,single,university.degree,no,yes,no
5131,54,46-55,housemaid,married,professional.course,no,yes,no
5132,32,26-35,blue-collar,single,basic.9y,no,yes,no
5133,37,36-45,blue-collar,unknown,basic.6y,unknown,no,no
5134,25,18-25,blue-collar,divorced,basic.9y,no,unknown,unknown
5135,34,26-35,management,single,high.school,no,yes,no
5136,49,46-55,admin.,single,university.degree,unknown,yes,no
5137,42,36-45,blue-collar,single,basic.9y,no,no,no
5138,35,26-35,blue-collar,married,high.school,unknown,no,no
5139,30,26-35,admin.,married,high.school,unknown,yes,no
5140,39,36-45,admin.,single,university.degree,no,yes,no
5141,25,18-25,technician,single,university.degree,no,no,no
5142,38,36-45,housemaid,married,university.degree,no,no,no
5143,37,36-45,blue-collar,divorced,basic.9y,no,yes,yes
5144,35,26-35,admin.,married,basic.9y,no,no,yes
5145,45,36-45,self-employed,married,professional.course,unknown,yes,yes
5146,41,36-45,blue-collar,married,high.school,unknown,yes,yes
5147,33,26-35,services,married,basic.4y,no,yes,yes
5148,40,36-45,services,married,unknown,unknown,yes,no
5149,48,46-55,services,married,basic.6y,unknown,no,yes
5150,54,46-55,retired,married,university.degree,unknown,no,no
5151,34,26-35,technician,married,basic.6y,unknown,no,no
5152,38,36-45,self-employed,married,university.degree,unknown,no,no
5153,37,36-45,blue-collar,single,high.school,no,yes,no
5154,59,56-65,blue-collar,married,basic.4y,unknown,yes,yes
5155,47,46-55,services,married,basic.6y,no,no,no
5156,54,46-55,housemaid,divorced,basic.4y,no,yes,no
5157,26,26-35,blue-collar,married,high.school,no,yes,no
5158,26,26-35,admin.,married,high.school,unknown,yes,no
5159,47,46-55,technician,single,unknown,no,yes,no
5160,37,36-45,management,single,university.degree,no,no,no
5161,51,46-55,admin.,divorced,high.school,unknown,no,no
5162,21,18-25,technician,single,professional.course,no,no,no
5163,29,26-35,admin.,married,professional.course,no,yes,no
5164,44,36-45,services,married,basic.9y,unknown,no,no
5165,32,26-35,unknown,single,basic.6y,no,yes,no
5166,29,26-35,admin.,married,professional.course,no,no,no
5167,44,36-45,services,married,unknown,no,no,no
5168,47,46-55,management,married,university.degree,no,yes,no
5169,41,36-45,admin.,single,university.degree,no,yes,yes
5170,36,36-45,blue-collar,divorced,high.school,no,yes,no
5171,33,26-35,management,married,high.school,no,yes,yes
5172,49,46-55,self-employed,married,professional.course,no,no,yes
5173,22,18-25,technician,married,basic.9y,unknown,no,no
5174,48,46-55,blue-collar,married,basic.9y,unknown,no,yes
5175,53,46-55,blue-collar,divorced,basic.4y,no,no,no
5176,52,46-55,admin.,divorced,basic.6y,no,yes,no
5177,45,36-45,entrepreneur,married,high.school,no,yes,no
5178,27,26-35,admin.,married,basic.9y,no,no,no
5179,37,36-45,blue-collar,married,basic.6y,unknown,yes,no
5180,30,26-35,blue-collar,single,basic.6y,unknown,yes,no
5181,52,46-55,technician,married,high.school,no,no,no
5182,34,26-35,services,married,high.school,no,unknown,unknown
5183,33,26-35,technician,married,university.degree,unknown,no,no
5184,57,56-65,technician,single,professional.course,unknown,yes,no
5185,24,18-25,self-employed,single,university.degree,no,yes,no
5186,43,36-45,entrepreneur,married,university.degree,unknown,no,no
5187,57,56-65,retired,married,basic.4y,unknown,no,no
5188,58,56-65,management,married,university.degree,no,yes,no
5189,31,26-35,technician,single,unknown,no,no,no
5190,55,46-55,technician,married,high.school,unknown,no,no
5191,44,36-45,unemployed,single,basic.4y,no,no,no
5192,57,56-65,blue-collar,married,unknown,unknown,no,no
5193,52,46-55,blue-collar,divorced,high.school,no,no,no
5194,36,36-45,services,single,unknown,no,yes,yes
5195,41,36-45,self-employed,married,high.school,no,unknown,unknown
5196,44,36-45,blue-collar,divorced,high.school,no,yes,no
5197,49,46-55,technician,divorced,unknown,no,no,no
5198,42,36-45,admin.,divorced,high.school,no,yes,yes
5199,52,46-55,unemployed,married,unknown,no,yes,no
5200,33,26-35,admin.,married,university.degree,no,yes,yes
5201,51,46-55,entrepreneur,married,professional.course,no,no,no
5202,43,36-45,services,single,unknown,unknown,yes,no
5203,42,36-45,blue-collar,married,unknown,no,no,no
5204,36,36-45,admin.,married,professional.course,no,no,no
5205,48,46-55,admin.,married,professional.course,no,no,no
5206,41,36-45,housemaid,married,basic.4y,unknown,no,no
5207,50,46-55,blue-collar,divorced,basic.4y,no,yes,no
5208,37,36-45,admin.,married,basic.9y,no,no,no
5209,55,46-55,admin.,divorced,high.school,no,no,no
5210,50,46-55,blue-collar,divorced,basic.4y,no,no,no
5211,33,26-35,entrepreneur,married,high.school,no,yes,no
5212,52,46-55,services,married,university.degree,no,yes,yes
5213,51,46-55,unemployed,married,high.school,unknown,yes,no
5214,25,18-25,self-employed,married,professional.course,no,yes,no
5215,47,46-55,blue-collar,married,basic.4y,unknown,yes,yes
5216,57,56-65,self-employed,married,basic.4y,no,no,no
5217,47,46-55,blue-collar,married,basic.9y,unknown,no,no
5218,45,36-45,entrepreneur,married,basic.6y,no,no,no
5219,36,36-45,unemployed,single,university.degree,no,yes,no
5220,34,26-35,admin.,single,high.school,no,unknown,unknown
5221,31,26-35,housemaid,married,basic.4y,unknown,yes,no
5222,33,26-35,services,single,basic.6y,no,unknown,unknown
5223,40,36-45,services,divorced,unknown,no,yes,yes
5224,40,36-45,admin.,single,university.degree,no,no,yes
5225,35,26-35,admin.,single,high.school,unknown,yes,no
5226,56,56-65,blue-collar,divorced,basic.4y,no,yes,no
5227,35,26-35,management,single,unknown,no,unknown,unknown
5228,32,26-35,entrepreneur,married,high.school,unknown,no,no
5229,59,56-65,technician,married,university.degree,no,no,no
5230,27,26-35,student,single,high.school,no,yes,no
5231,55,46-55,retired,divorced,high.school,no,no,no
5232,42,36-45,entrepreneur,married,university.degree,unknown,yes,no
5233,40,36-45,technician,married,high.school,no,yes,no
5234,27,26-35,student,single,university.degree,no,no,yes
5235,39,36-45,admin.,divorced,professional.course,no,yes,yes
5236,55,46-55,technician,divorced,professional.course,unknown,no,no
5237,48,46-55,blue-collar,divorced,basic.4y,unknown,unknown,unknown
5238,56,56-65,entrepreneur,married,unknown,unknown,no,yes
5239,36,36-45,entrepreneur,married,high.school,no,no,yes
5240,45,36-45,self-employed,married,professional.course,no,no,yes
5241,35,26-35,housemaid,single,unknown,no,yes,no
5242,41,36-45,services,divorced,basic.9y,no,no,no
5243,53,46-55,entrepreneur,divorced,unknown,no,yes,no
5244,35,26-35,technician,married,basic.6y,no,yes,yes
5245,38,36-45,technician,divorced,professional.course,no,no,no
5246,55,46-55,self-employed,married,unknown,unknown,yes,yes
5247,48,46-55,technician,married,unknown,no,no,no
5248,58,56-65,entrepreneur,married,university.degree,unknown,yes,yes
5249,41,36-45,services,married,unknown,no,no,no
5250,31,26-35,services,married,high.school,unknown,no,yes
5251,59,56-65,housemaid,married,high.school,unknown,no,no
5252,24,18-25,blue-collar,married,basic.9y,no,no,yes
5253,34,26-35,technician,married,professional.course,unknown,no,no
5254,46,46-55,technician,married,university.degree,unknown,no,yes
5255,40,36-45,blue-collar,single,basic.4y,no,yes,no
5256,49,46-55,technician,married,professional.course,no,no,yes
5257,42,36-45,admin.,single,university.degree,no,no,yes
5258,32,26-35,technician,married,basic.9y,unknown,no,no
5259,52,46-55,blue-collar,single,basic.4y,no,yes,no
5260,54,46-55,housemaid,married,basic.4y,unknown,no,no
5261,35,26-35,services,married,basic.9y,no,no,yes
5262,22,18-25,services,single,basic.4y,no,no,yes
5263,33,26-35,management,single,university.degree,no,yes,no
5264,39,36-45,management,married,university.degree,no,no,yes
5265,29,26-35,services,married,professional.course,unknown,no,no
5266,55,46-55,blue-collar,divorced,basic.4y,unknown,no,no
5267,32,26-35,technician,married,university.degree,no,no,no
5268,44,36-45,management,divorced,university.degree,no,yes,yes
5269,49,46-55,technician,married,professional.course,no,yes,yes
5270,35,26-35,technician,divorced,professional.course,no,yes,no
5271,39,36-45,services,single,high.school,no,yes,no
5272,36,36-45,self-employed,divorced,university.degree,no,yes,no
5273,45,36-45,blue-collar,single,basic.6y,no,no,no
5274,43,36-45,blue-collar,married,basic.4y,no,unknown,unknown
5275,50,46-55,admin.,married,university.degree,unknown,yes,no
5276,38,36-45,management,single,university.degree,no,yes,no
5277,43,36-45,blue-collar,divorced,basic.9y,no,no,no
5278,30,26-35,entrepreneur,married,university.degree,unknown,yes,no
5279,33,26-35,entrepreneur,married,university.degree,no,no,yes
5280,37,36-45,technician,single,high.school,unknown,unknown,unknown
5281,53,46-55,blue-collar,married,basic.6y,unknown,yes,no
5282,39,36-45,unemployed,single,basic.6y,no,no,no
5283,48,46-55,blue-collar,married,basic.9y,unknown,no,no
5284,48,46-55,blue-collar,married,high.school,no,yes,no
5285,60,56-65,admin.,married,university.degree,unknown,yes,no
5286,32,26-35,self-employed,divorced,university.degree,no,no,no
5287,46,46-55,admin.,married,high.school,unknown,unknown,unknown
5288,38,36-45,technician,married,basic.6y,unknown,no,yes
5289,33,26-35,technician,married,high.school,unknown,yes,no
5290,37,36-45,technician,single,professional.course,unknown,no,yes
5291,41,36-45,services,married,high.school,unknown,no,no
5292,34,26-35,entrepreneur,single,professional.course,no,yes,no
5293,50,46-55,housemaid,single,unknown,no,no,no
5294,35,26-35,entrepreneur,married,basic.6y,no,no,no
5295,39,36-45,blue-collar,married,basic.6y,unknown,unknown,unknown
5296,35,26-35,blue-collar,divorced,basic.9y,no,unknown,unknown
5297,59,56-65,admin.,married,high.school,no,no,no
5298,45,36-45,admin.,married,basic.9y,unknown,no,no
5299,54,46-55,entrepreneur,married,university.degree,unknown,no,no
5300,32,26-35,blue-collar,married,basic.9y,no,yes,yes
5301,36,36-45,blue-collar,single,basic.6y,no,yes,yes
5302,40,36-45,blue-collar,married,unknown,unknown,yes,no
5303,52,46-55,blue-collar,married,unknown,unknown,no,no
5304,34,26-35,entrepreneur,married,university.degree,no,yes,yes
5305,45,36-45,entrepreneur,single,university.degree,no,no,no
5306,46,46-55,management,married,basic.4y,unknown,yes,no
5307,40,36-45,admin.,single,university.degree,unknown,no,yes
5308,56,56-65,blue-collar,single,basic.6y,unknown,no,no
5309,38,36-45,entrepreneur,married,basic.4y,no,no,no
5310,53,46-55,entrepreneur,married,basic.4y,no,no,no
5311,30,26-35,technician,married,university.degree,no,unknown,unknown
5312,47,46-55,services,married,unknown,unknown,no,no
5313,59,56-65,blue-collar,married,basic.4y,unknown,yes,no
5314,56,56-65,services,divorced,basic.4y,no,no,no
5315,52,46-55,admin.,divorced,high.school,no,no,no
5316,46,46-55,unknown,married,basic.4y,unknown,yes,no
5317,57,56-65,services,divorced,high.school,unknown,yes,no
5318,60,56-65,management,married,unknown,unknown,yes,no
5319,25,18-25,student,single,high.school,no,yes,yes
5320,42,36-45,technician,married,university.degree,unknown,yes,no
5321,51,46-55,management,married,basic.4y,no,yes,no
5322,41,36-45,unknown,single,unknown,unknown,no,no
5323,44,36-45,management,divorced,basic.9y,unknown,yes,no
5324,41,36-45,technician,single,university.degree,no,no,no
5325,40,36-45,housemaid,married,basic.4y,no,no,no
5326,45,36-45,blue-collar,married,basic.9y,unknown,unknown,unknown
5327,29,26-35,blue-collar,single,high.school,no,no,no
5328,36,36-45,management,married,university.degree,no,yes,yes
5329,30,26-35,technician,divorced,professional.course,no,no,no
5330,55,46-55,housemaid,married,professional.course,no,no,no
5331,24,18-25,unemployed,married,university.degree,no,yes,no
5332,43,36-45,technician,single,high.school,no,no,no
5333,46,46-55,technician,married,high.school,no,unknown,unknown
5334,35,26-35,admin.,married,professional.course,no,no,no
5335,45,36-45,management,married,unknown,unknown,no,yes
5336,26,26-35,admin.,divorced,high.school,no,yes,no
5337,31,26-35,blue-collar,divorced,high.school,no,no,yes
5338,45,36-45,admin.,married,high.school,no,yes,yes
5339,30,26-35,technician,single,university.degree,no,yes,no
5340,40,36-45,entrepreneur,married,high.school,no,no,no
5341,60,56-65,management,divorced,university.degree,no,yes,no
5342,30,26-35,services,single,unknown,no,no,no
5343,35,26-35,services,single,high.school,no,no,no
5344,52,46-55,entrepreneur,married,basic.4y,unknown,yes,no
5345,58,56-65,unemployed,single,basic.4y,unknown,no,no
5346,37,36-45,technician,married,basic.6y,no,no,no
5347,25,18-25,unemployed,single,high.school,unknown,yes,no
5348,24,18-25,blue-collar,married,basic.9y,unknown,no,no
5349,52,46-55,retired,divorced,basic.4y,no,yes,no
5350,37,36-45,technician,single,high.school,no,no,no
5351,36,36-45,management,single,university.degree,no,no,no
5352,48,46-55,technician,married,high.school,no,unknown,unknown
5353,48,46-55,unemployed,divorced,basic.4y,no,no,yes
5354,39,36-45,services,single,high.school,unknown,no,yes
5355,42,36-45,housemaid,married,unknown,unknown,yes,no
5356,49,46-55,management,married,high.school,no,yes,no
5357,36,36-45,blue-collar,single,university.degree,unknown,no,no
5358,52,46-55,entrepreneur,divorced,basic.4y,no,no,no
5359,34,26-35,blue-collar,married,professional.course,no,no,no
5360,52,46-55,management,divorced,high.school,no,no,no
5361,45,36-45,blue-collar,divorced,basic.4y,no,yes,no
5362,38,36-45,blue-collar,divorced,high.school,no,no,no
5363,30,26-35,technician,divorced,high.school,no,yes,yes
5364,48,46-55,services,divorced,basic.6y,unknown,yes,no
5365,43,36-45,admin.,married,university.degree,unknown,unknown,unknown
5366,31,26-35,admin.,divorced,high.school,no,yes,yes
5367,57,56-65,technician,divorced,university.degree,no,no,yes
5368,39,36-45,self-employed,married,basic.9y,unknown,yes,no
5369,47,46-55,entrepreneur,married,professional.course,unknown,yes,no
5370,46,46-55,housemaid,married,basic.4y,unknown,no,yes
5371,31,26-35,services,single,university.degree,no,yes,no
5372,25,18-25,student,single,high.school,no,yes,no
5373,31,26-35,admin.,divorced,high.school,no,unknown,unknown
5374,30,26-35,blue-collar,divorced,basic.9y,no,no,yes
5375,35,26-35,entrepreneur,married,basic.6y,no,yes,no
5376,31,26-35,blue-collar,married,professional.course,no,no,no
5377,49,46-55,blue-collar,married,basic.9y,no,no,yes
5378,47,46-55,services,married,high.school,no,yes,no
5379,53,46-55,services,unknown,unknown,no,yes,no
5380,40,36-45,admin.,single,university.degree,unknown,no,no
5381,32,26-35,self-employed,married,professional.course,no,no,no
5382,30,26-35,technician,married,high.school,unknown,no,no
5383,47,46-55,housemaid,single,basic.4y,no,no,no
5384,32,26-35,self-employed,married,professional.course,no,no,yes
5385,30,26-35,admin.,single,high.school,unknown,yes,no
5386,49,46-55,admin.,divorced,university.degree,no,unknown,unknown
5387,45,36-45,blue-collar,single,basic.4y,unknown,no,no
5388,32,26-35,unemployed,single,high.school,unknown,no,no
5389,50,46-55,management,married,high.school,unknown,yes,no
5390,50,46-55,technician,married,professional.course,no,yes,yes
5391,25,18-25,technician,married,high.school,no,no,no
5392,37,36-45,blue-collar,single,basic.6y,unknown,unknown,unknown
5393,36,36-45,unemployed,married,high.school,no,yes,no
5394,36,36-45,blue-collar,married,basic.9y,no,unknown,unknown
5395,38,36-45,management,married,high.school,unknown,yes,no
5396,57,56-65,retired,single,professional.course,no,no,yes
5397,39,36-45,admin.,divorced,high.school,no,no,no
5398,52,46-55,services,married,high.school,no,yes,no
5399,46,46-55,blue-collar,married,university.degree,no,yes,yes
5400,40,36-45,admin.,married,high.school,no,unknown,unknown
5401,44,36-45,technician,divorced,professional.course,no,no,yes
5402,32,26-35,self-employed,married,basic.9y,no,unknown,unknown
5403,27,26-35,entrepreneur,single,university.degree,no,no,no
5404,33,26-35,blue-collar,married,basic.9y,unknown,no,yes
5405,37,36-45,technician,married,professional.course,unknown,yes,yes
5406,44,36-45,technician,single,unknown,no,yes,no
5407,39,36-45,unemployed,married,basic.9y,unknown,yes,no
5408,42,36-45,blue-collar,divorced,high.school,no,yes,no
5409,33,26-35,unemployed,divorced,professional.course,no,yes,no
5410,56,56-65,housemaid,divorced,basic.4y,unknown,yes,no
5411,51,46-55,blue-collar,married,basic.4y,unknown,no,yes
5412,44,36-45,admin.,divorced,high.school,unknown,no,no
5413,39,36-45,student,single,unknown,no,yes,no
5414,49,46-55,admin.,single,unknown,unknown,unknown,unknown
5415,47,46-55,admin.,married,university.degree,no,no,yes
5416,57,56-65,housemaid,married,basic.6y,unknown,no,no
5417,57,56-65,self-employed,married,unknown,unknown,yes,no
5418,57,56-65,management,divorced,university.degree,unknown,yes,yes
5419,43,36-45,unemployed,married,basic.9y,unknown,yes,no
5420,33,26-35,technician,married,university.degree,no,no,no
5421,28,26-35,entrepreneur,married,basic.9y,no,yes,no
5422,30,26-35,self-employed,single,university.degree,no,no,yes
5423,50,46-55,services,divorced,high.school,no,no,no
5424,27,26-35,housemaid,married,basic.9y,unknown,yes,no
5425,22,18-25,student,single,high.school,no,unknown,unknown
5426,57,56-65,management,married,university.degree,unknown,yes,no
5427,55,46-55,retired,married,professional.course,no,no,yes
5428,33,26-35,technician,single,professional.course,no,yes,no
5429,28,26-35,student,single,high.school,unknown,no,no
5430,28,26-35,technician,single,professional.course,no,no,yes
5431,38,36-45,admin.,single,unknown,unknown,no,no
5432,32,26-35,self-employed,married,basic.9y,no,yes,yes
5433,48,46-55,blue-collar,married,unknown,unknown,yes,yes
5434,39,36-45,blue-collar,married,high.school,no,yes,yes
5435,36,36-45,entrepreneur,single,university.degree,no,no,no
5436,50,46-55,entrepreneur,married,university.degree,no,no,no
5437,30,26-35,entrepreneur,married,professional.course,no,yes,no
5438,57,56-65,self-employed,married,university.degree,unknown,no,no
5439,22,18-25,services,single,basic.4y,no,yes,no
5440,42,36-45,self-employed,married,unknown,no,yes,no
5441,39,36-45,unemployed,married,professional.course,unknown,no,no
5442,51,46-55,services,married,high.school,no,no,no
5443,55,46-55,technician,married,basic.9y,no,yes,no
5444,40,36-45,services,married,basic.6y,unknown,no,yes
5445,50,46-55,management,married,basic.4y,unknown,no,no
5446,33,26-35,admin.,single,high.school,unknown,no,yes
5447,29,26-35,student,married,high.school,no,no,yes
5448,27,26-35,technician,single,high.school,no,no,no
5449,35,26-35,admin.,married,university.degree,no,no,yes
5450,40,36-45,entrepreneur,married,basic.4y,unknown,yes,no
5451,41,36-45,management,married,basic.6y,no,no,yes
5452,58,56-65,admin.,single,professional.course,unknown,no,no
5453,36,36-45,blue-collar,married,university.degree,unknown,no,no
5454,42,36-45,admin.,married,high.school,unknown,no,no
5455,54,46-55,technician,married,professional.course,unknown,yes,yes
5456,40,36-45,services,single,high.school,no,no,no
5457,37,36-45,technician,single,high.school,unknown,no,no
5458,52,46-55,unemployed,married,high.school,no,yes,no
5459,31,26-35,management,married,high.school,no,yes,yes
5460,42,36-45,unemployed,married,professional.course,no,yes,no
5461,26,26-35,admin.,single,basic.4y,no,yes,yes
5462,42,36-45,management,married,basic.9y,no,yes,no
5463,44,36-45,services,single,high.school,no,no,no
5464,45,36-45,unknown,married,unknown,unknown,yes,yes
5465,44,36-45,blue-collar,married,high.school,unknown,no,no
5466,35,26-35,unemployed,divorced,basic.4y,no,yes,yes
5467,24,18-25,admin.,single,university.degree,no,yes,no
5468,43,36-45,blue-collar,married,basic.6y,unknown,yes,yes
5469,44,36-45,admin.,divorced,high.school,no,no,no
5470,46,46-55,blue-collar,divorced,basic.6y,no,yes,no
5471,29,26-35,technician,divorced,university.degree,no,no,yes
5472,37,36-45,blue-collar,single,university.degree,no,no,no
5473,55,46-55,housemaid,married,university.degree,no,yes,no
5474,38,36-45,blue-collar,divorced,basic.6y,no,yes,no
5475,32,26-35,self-employed,divorced,professional.course,unknown,yes,no
5476,58,56-65,blue-collar,married,high.school,no,no,no
5477,54,46-55,blue-collar,married,high.school,no,yes,yes
5478,38,36-45,unemployed,married,basic.9y,unknown,yes,no
5479,52,46-55,admin.,married,university.degree,unknown,yes,no
5480,43,36-45,technician,single,professional.course,no,unknown,unknown
5481,46,46-55,technician,divorced,professional.course,no,no,no
5482,38,36-45,blue-collar,married,basic.9y,no,no,yes
5483,50,46-55,services,married,high.school,no,yes,yes
5484,51,46-55,technician,married,high.school,no,no,yes
5485,43,36-45,admin.,married,high.school,unknown,no,no
5486,24,18-25,entrepreneur,married,university.degree,no,yes,yes
5487,30,26-35,student,single,university.degree,no,yes,no
5488,26,26-35,blue-collar,single,unknown,no,yes,yes
5489,47,46-55,blue-collar,single,basic.4y,unknown,no,no
5490,40,36-45,blue-collar,divorced,basic.9y,unknown,unknown,unknown
5491,32,26-35,services,married,professional.course,no,unknown,unknown
5492,35,26-35,admin.,divorced,basic.9y,unknown,yes,no
5493,32,26-35,admin.,single,high.school,unknown,no,no
5494,38,36-45,admin.,single,basic.9y,unknown,yes,no
5495,25,18-25,blue-collar,single,basic.9y,no,no,no
5496,25,18-25,services,single,professional.course,no,no,no
5497,51,46-55,unemployed,divorced,university.degree,unknown,yes,yes
5498,35,26-35,blue-collar,single,basic.4y,unknown,no,no
5499,35,26-35,technician,single,professional.course,no,no,no
5500,51,46-55,blue-collar,single,basic.9y,unknown,yes,no
5501,34,26-35,services,married,basic.9y,no,no,no
5502,31,26-35,services,single,basic.6y,no,no,no
5503,41,36-45,blue-collar,divorced,basic.4y,no,yes,no
5504,47,46-55,services,married,high.school,unknown,yes,yes
5505,33,26-35,admin.,single,high.school,no,no,yes
5506,56,56-65,retired,married,high.school,unknown,yes,no
5507,32,26-35,blue-collar,married,high.school,no,no,no
5508,52,46-55,self-employed,married,professional.course,unknown,no,yes
5509,29,26-35,admin.,married,high.school,no,no,yes
5510,23,18-25,blue-collar,married,professional.course,unknown,no,no
5511,51,46-55,blue-collar,divorced,unknown,unknown,no,no
5512,43,36-45,self-employed,married,university.degree,unknown,yes,yes
5513,54,46-55,retired,single,basic.4y,unknown,no,no
5514,51,46-55,services,married,high.school,unknown,no,yes
5515,49,46-55,housemaid,divorced,basic.4y,no,no,no
5516,25,18-25,housemaid,married,basic.4y,no,no,no
5517,54,46-55,blue-collar,divorced,basic.4y,unknown,no,yes
5518,34,26-35,blue-collar,married,professional.course,unknown,no,no
5519,27,26-35,technician,married,university.degree,no,yes,yes
5520,51,46-55,blue-collar,divorced,unknown,unknown,unknown,unknown
5521,28,26-35,management,single,basic.9y,no,no,no
5522,26,26-35,blue-collar,married,basic.4y,no,no,no
5523,39,36-45,technician,married,professional.course,unknown,yes,yes
5524,39,36-45,technician,married,professional.course,unknown,no,no
5525,51,46-55,management,married,university.degree,unknown,yes,yes
5526,24,18-25,blue-collar,single,basic.4y,no,no,no
5527,45,36-45,blue-collar,divorced,unknown,unknown,yes,no
5528,20,18-25,services,single,high.school,no,yes,no
5529,29,26-35,self-employed,married,professional.course,no,no,no
5530,29,26-35,blue-collar,married,basic.9y,no,unknown,unknown
5531,32,26-35,blue-collar,married,basic.6y,no,yes,yes
5532,29,26-35,blue-collar,married,unknown,unknown,no,no
5533,55,46-55,management,single,basic.4y,no,yes,no
5534,29,26-35,entrepreneur,single,professional.course,no,no,no
5535,58,56-65,management,unknown,university.degree,no,no,no
5536,57,56-65,unemployed,married,basic.9y,no,yes,no
5537,57,56-65,housemaid,married,basic.4y,no,no,no
5538,33,26-35,services,married,basic.4y,no,unknown,unknown
5539,56,56-65,technician,single,university.degree,no,yes,no
5540,52,46-55,services,single,high.school,no,yes,no
5541,25,18-25,technician,married,professional.course,no,yes,no
5542,31,26-35,housemaid,married,professional.course,no,yes,no
5543,26,26-35,technician,single,high.school,no,unknown,unknown
5544,41,36-45,services,married,high.school,no,unknown,unknown
5545,28,26-35,management,married,university.degree,no,yes,no
5546,29,26-35,technician,divorced,professional.course,no,yes,no
5547,39,36-45,management,married,basic.9y,no,no,no
5548,50,46-55,unemployed,married,high.school,no,no,no
5549,44,36-45,entrepreneur,married,professional.course,no,no,yes
5550,42,36-45,retired,married,professional.course,unknown,yes,no
5551,48,46-55,technician,divorced,university.degree,no,yes,no
5552,27,26-35,management,single,high.school,no,unknown,unknown
5553,54,46-55,unemployed,married,high.school,no,no,no
5554,42,36-45,blue-collar,married,high.school,unknown,no,no
5555,31,26-35,services,married,high.school,unknown,yes,yes
5556,46,46-55,entrepreneur,married,university.degree,unknown,unknown,unknown
5557,53,46-55,management,divorced,university.degree,no,unknown,unknown
5558,42,36-45,admin.,married,basic.6y,no,yes,no
5559,38,36-45,management,married,unknown,unknown,no,no
5560,47,46-55,entrepreneur,married,professional.course,unknown,no,yes
5561,42,36-45,entrepreneur,married,professional.course,no,no,no
5562,36,36-45,blue-collar,married,unknown,no,yes,yes
5563,36,36-45,services,married,high.school,unknown,yes,yes
5564,33,26-35,housemaid,married,high.school,no,unknown,unknown
5565,33,26-35,entrepreneur,married,university.degree,no,yes,yes
5566,43,36-45,management,divorced,university.degree,no,no,no
5567,51,46-55,management,married,high.school,no,no,no
5568,57,56-65,blue-collar,divorced,unknown,unknown,unknown,unknown
5569,49,46-55,unknown,married,basic.6y,no,no,no
5570,44,36-45,technician,married,high.school,no,yes,yes
5571,57,56-65,retired,divorced,professional.course,no,no,no
5572,49,46-55,admin.,married,high.school,no,yes,no
5573,30,26-35,entrepreneur,married,high.school,no,unknown,unknown
5574,47,46-55,blue-collar,married,basic.6y,unknown,unknown,unknown
5575,28,26-35,blue-collar,married,unknown,unknown,no,no
5576,54,46-55,management,married,basic.6y,no,no,no
5577,60,56-65,retired,married,high.school,no,yes,no
5578,29,26-35,management,single,university.degree,unknown,yes,no
5579,49,46-55,technician,married,high.school,no,no,no
5580,28,26-35,student,single,high.school,no,yes,yes
5581,60,56-65,admin.,married,university.degree,no,no,no
5582,56,56-65,entrepreneur,married,university.degree,no,yes,yes
5583,58,56-65,entrepreneur,married,basic.4y,no,no,no
5584,31,26-35,technician,single,professional.course,unknown,no,yes
5585,59,56-65,retired,married,basic.9y,no,no,no
5586,39,36-45,admin.,married,professional.course,no,unknown,unknown
5587,46,46-55,blue-collar,divorced,basic.6y,no,unknown,unknown
5588,27,26-35,admin.,married,university.degree,no,unknown,unknown
5589,40,36-45,admin.,married,professional.course,unknown,no,no
5590,58,56-65,self-employed,divorced,professional.course,no,no,no
5591,47,46-55,admin.,divorced,high.school,no,yes,no
5592,58,56-65,self-employed,divorced,professional.course,no,yes,no
5593,49,46-55,housemaid,single,high.school,unknown,no,no
5594,34,26-35,services,divorced,basic.9y,unknown,no,no
5595,41,36-45,unemployed,married,professional.course,no,yes,no
5596,29,26-35,admin.,married,university.degree,no,no,yes
5597,46,46-55,services,married,basic.9y,no,no,no
5598,35,26-35,self-employed,married,basic.4y,unknown,no,no
5599,32,26-35,self-employed,single,high.school,no,no,no
5600,53,46-55,admin.,single,high.school,no,no,no
5601,42,36-45,blue-collar,single,basic.6y,no,unknown,unknown
5602,45,36-45,services,married,basic.6y,no,yes,yes
5603,40,36-45,services,married,unknown,unknown,no,no
5604,37,36-45,blue-collar,single,basic.4y,unknown,yes,yes
5605,39,36-45,management,married,basic.4y,unknown,yes,no
5606,40,36-45,entrepreneur,married,university.degree,unknown,unknown,unknown
5607,36,36-45,management,divorced,university.degree,no,no,no
5608,42,36-45,services,married,unknown,no,yes,no
5609,34,26-35,technician,single,university.degree,no,no,no
5610,33,26-35,services,married,university.degree,no,no,no
5611,41,36-45,admin.,divorced,high.school,no,unknown,unknown
5612,42,36-45,entrepreneur,married,basic.9y,unknown,no,no
5613,49,46-55,unknown,married,unknown,no,no,yes
5614,42,36-45,unemployed,married,high.school,unknown,yes,no
5615,44,36-45,blue-collar,married,unknown,no,no,no
5616,37,36-45,unemployed,married,professional.course,unknown,yes,yes
5617,43,36-45,unemployed,married,professional.course,no,yes,no
5618,29,26-35,student,married,high.school,unknown,no,no
5619,24,18-25,technician,married,professional.course,no,no,no
5620,57,56-65,services,married,high.school,unknown,yes,yes
5621,30,26-35,blue-collar,single,unknown,no,no,yes
5622,58,56-65,technician,married,high.school,no,no,no
5623,26,26-35,admin.,single,high.school,no,unknown,unknown
5624,47,46-55,management,married,basic.9y,unknown,unknown,unknown
5625,45,36-45,technician,divorced,university.degree,no,yes,yes
5626,52,46-55,retired,divorced,basic.4y,unknown,yes,yes
5627,52,46-55,services,divorced,high.school,no,unknown,unknown
5628,38,36-45,admin.,married,high.school,no,yes,yes
5629,28,26-35,blue-collar,married,high.school,no,no,no
5630,53,46-55,technician,married,university.degree,no,no,no
5631,23,18-25,technician,single,professional.course,no,unknown,unknown
5632,36,36-45,management,single,high.school,no,unknown,unknown
5633,37,36-45,blue-collar,divorced,basic.9y,no,no,no
5634,58,56-65,technician,married,high.school,unknown,no,no
5635,34,26-35,blue-collar,married,professional.course,unknown,yes,no
5636,59,56-65,retired,married,unknown,unknown,yes,no
5637,57,56-65,retired,single,basic.4y,no,yes,no
5638,55,46-55,management,married,professional.course,unknown,yes,yes
5639,23,18-25,blue-collar,single,basic.9y,no,no,no
5640,56,56-65,self-employed,single,basic.9y,unknown,no,no
5641,43,36-45,blue-collar,divorced,basic.9y,unknown,no,no
5642,34,26-35,services,married,basic.6y,no,no,no
5643,40,36-45,blue-collar,single,basic.4y,unknown,yes,no
5644,40,36-45,retired,married,professional.course,no,yes,no
5645,52,46-55,technician,married,unknown,unknown,no,no
5646,25,18-25,blue-collar,single,professional.course,no,no,no
5647,55,46-55,housemaid,married,basic.4y,unknown,yes,no
5648,53,46-55,self-employed,divorced,basic.9y,no,yes,no
5649,45,36-45,management,single,basic.9y,no,yes,no
5650,28,26-35,blue-collar,single,high.school,no,no,no
5651,26,26-35,unknown,single,high.school,unknown,no,no
5652,46,46-55,services,married,high.school,no,no,yes
5653,49,46-55,admin.,married,high.school,unknown,yes,no
5654,42,36-45,technician,married,basic.6y,no,no,no
5655,48,46-55,blue-collar,married,high.school,unknown,yes,no
5656,35,26-35,blue-collar,single,basic.4y,no,yes,no
5657,42,36-45,housemaid,married,basic.4y,no,no,no
5658,60,56-65,management,married,university.degree,no,yes,no
5659,46,46-55,entrepreneur,married,university.degree,unknown,yes,no
5660,60,56-65,blue-collar,married,basic.9y,unknown,yes,no
5661,34,26-35,blue-collar,married,basic.6y,no,yes,yes
5662,26,26-35,blue-collar,single,basic.9y,unknown,no,no
5663,39,36-45,unemployed,married,university.degree,unknown,no,no
5664,28,26-35,blue-collar,married,basic.9y,unknown,unknown,unknown
5665,25,18-25,admin.,married,high.school,unknown,no,no
5666,28,26-35,technician,married,basic.9y,no,yes,no
5667,36,36-45,admin.,married,high.school,unknown,no,yes
5668,47,46-55,services,single,basic.9y,no,unknown,unknown
5669,57,56-65,blue-collar,married,basic.9y,unknown,yes,yes
5670,52,46-55,unemployed,married,high.school,no,unknown,unknown
5671,25,18-25,blue-collar,single,basic.9y,no,yes,yes
5672,31,26-35,technician,married,high.school,no,no,no
5673,36,36-45,blue-collar,divorced,basic.9y,unknown,no,no
5674,57,56-65,services,divorced,high.school,unknown,no,no
5675,41,36-45,housemaid,married,high.school,no,yes,yes
5676,39,36-45,admin.,divorced,university.degree,unknown,no,no
5677,35,26-35,management,married,basic.9y,no,yes,no
5678,47,46-55,services,divorced,basic.4y,no,yes,no
5679,29,26-35,self-employed,married,basic.6y,unknown,no,no
5680,45,36-45,housemaid,divorced,basic.4y,no,yes,yes
5681,39,36-45,entrepreneur,married,professional.course,no,yes,no
5682,31,26-35,services,single,high.school,no,no,yes
5683,37,36-45,unemployed,single,professional.course,no,no,no
5684,39,36-45,services,divorced,basic.6y,no,no,no
5685,43,36-45,unemployed,married,basic.4y,unknown,no,no
5686,44,36-45,entrepreneur,married,basic.9y,no,no,no
5687,30,26-35,blue-collar,single,basic.4y,no,yes,no
5688,40,36-45,blue-collar,married,high.school,no,yes,yes
5689,40,36-45,entrepreneur,divorced,university.degree,no,yes,yes
5690,41,36-45,management,married,university.degree,no,yes,yes
5691,50,46-55,technician,married,high.school,unknown,yes,yes
5692,38,36-45,admin.,divorced,university.degree,no,no,no
5693,47,46-55,technician,married,professional.course,no,yes,yes
5694,45,36-45,blue-collar,married,basic.9y,no,no,yes
5695,40,36-45,management,married,unknown,no,yes,no
5696,31,26-35,housemaid,married,basic.4y,unknown,unknown,unknown
5697,33,26-35,blue-collar,divorced,basic.6y,unknown,no,no
5698,47,46-55,blue-collar,divorced,basic.4y,no,yes,no
5699,40,36-45,self-employed,married,professional.course,no,yes,yes
5700,49,46-55,technician,divorced,unknown,no,unknown,unknown
5701,29,26-35,blue-collar,single,basic.9y,no,unknown,unknown
5702,52,46-55,entrepreneur,married,high.school,no,yes,no
5703,49,46-55,blue-collar,married,basic.4y,unknown,unknown,unknown
5704,56,56-65,retired,divorced,basic.4y,unknown,no,no
5705,29,26-35,admin.,married,university.degree,no,yes,yes
5706,37,36-45,housemaid,married,high.school,no,no,yes
5707,37,36-45,technician,married,basic.6y,no,yes,no
5708,40,36-45,blue-collar,divorced,basic.9y,unknown,yes,no
5709,40,36-45,technician,divorced,university.degree,no,yes,yes
5710,34,26-35,admin.,divorced,basic.9y,no,yes,no
5711,53,46-55,unknown,married,unknown,no,no,no
5712,53,46-55,self-employed,divorced,basic.9y,no,no,no
5713,32,26-35,services,single,basic.6y,no,yes,no
5714,46,46-55,entrepreneur,divorced,high.school,no,no,no
5715,37,36-45,services,married,high.school,no,unknown,unknown
5716,37,36-45,entrepreneur,married,university.degree,no,no,no
5717,24,18-25,entrepreneur,single,high.school,no,yes,no
5718,57,56-65,retired,married,high.school,no,yes,yes
5719,37,36-45,services,single,university.degree,no,no,no
5720,45,36-45,entrepreneur,married,basic.9y,unknown,no,no
5721,60,56-65,retired,divorced,university.degree,no,yes,no
5722,45,36-45,management,married,basic.9y,no,yes,no
5723,28,26-35,student,single,professional.course,no,no,no
5724,50,46-55,services,divorced,unknown,no,no,no
5725,29,26-35,technician,single,university.degree,no,yes,yes
5726,52,46-55,retired,married,high.school,unknown,yes,yes
5727,52,46-55,retired,married,high.school,unknown,no,no
5728,36,36-45,self-employed,single,university.degree,no,no,no
5729,41,36-45,blue-collar,married,basic.9y,no,yes,yes
5730,52,46-55,admin.,married,high.school,no,yes,no
5731,46,46-55,management,married,basic.6y,unknown,no,yes
5732,38,36-45,blue-collar,married,basic.4y,no,yes,yes
5733,54,46-55,blue-collar,divorced,basic.4y,unknown,no,no
5734,55,46-55,unemployed,married,high.school,no,no,no
5735,39,36-45,technician,single,professional.course,no,yes,no
5736,41,36-45,blue-collar,married,professional.course,no,yes,no
5737,31,26-35,blue-collar,single,basic.9y,unknown,no,yes
5738,44,36-45,admin.,divorced,university.degree,no,no,no
5739,43,36-45,technician,married,basic.9y,no,no,no
5740,47,46-55,services,married,basic.6y,no,yes,yes
5741,36,36-45,blue-collar,married,professional.course,unknown,yes,no
5742,59,56-65,retired,married,basic.4y,unknown,no,yes
5743,54,46-55,technician,married,high.school,no,yes,no
5744,44,36-45,unemployed,married,basic.9y,no,no,no
5745,35,26-35,management,divorced,high.school,no,yes,no
5746,43,36-45,technician,married,high.school,no,yes,no
5747,36,36-45,blue-collar,single,basic.9y,unknown,unknown,unknown
5748,46,46-55,technician,divorced,professional.course,unknown,yes,no
5749,54,46-55,unemployed,married,basic.9y,no,no,no
5750,40,36-45,entrepreneur,single,high.school,no,no,no
5751,28,26-35,blue-collar,married,basic.9y,unknown,no,yes
5752,43,36-45,services,married,basic.4y,unknown,no,no
5753,42,36-45,management,married,basic.6y,unknown,no,no
5754,27,26-35,services,single,high.school,unknown,yes,yes
5755,36,36-45,technician,single,unknown,no,no,no
5756,32,26-35,admin.,single,university.degree,unknown,no,yes
5757,43,36-45,admin.,single,professional.course,no,no,yes
5758,35,26-35,technician,single,professional.course,no,unknown,unknown
5759,50,46-55,unemployed,married,high.school,unknown,no,no
5760,46,46-55,blue-collar,divorced,basic.6y,no,yes,yes
5761,39,36-45,entrepreneur,divorced,university.degree,no,no,no
5762,57,56-65,entrepreneur,married,basic.9y,unknown,yes,no
5763,43,36-45,technician,married,basic.9y,unknown,yes,yes
5764,54,46-55,services,married,high.school,no,no,no
5765,58,56-65,blue-collar,married,professional.course,no,no,no
5766,44,36-45,technician,single,basic.6y,unknown,no,no
5767,48,46-55,retired,married,unknown,unknown,yes,no
5768,45,36-45,admin.,divorced,university.degree,unknown,unknown,unknown
5769,26,26-35,admin.,single,basic.9y,no,no,no
5770,57,56-65,management,married,university.degree,no,no,yes
5771,56,56-65,technician,divorced,basic.9y,no,yes,no
5772,36,36-45,admin.,single,high.school,unknown,yes,no
5773,33,26-35,services,unknown,high.school,no,no,no
5774,53,46-55,services,married,basic.9y,unknown,yes,no
5775,34,26-35,blue-collar,single,basic.6y,no,yes,yes
5776,42,36-45,housemaid,married,basic.4y,unknown,yes,no
5777,53,46-55,management,married,basic.9y,unknown,yes,no
5778,52,46-55,technician,married,university.degree,unknown,no,no
5779,36,36-45,self-employed,married,professional.course,no,no,no
5780,31,26-35,entrepreneur,single,basic.6y,unknown,yes,yes
5781,56,56-65,self-employed,married,university.degree,no,no,no
5782,44,36-45,admin.,divorced,high.school,no,yes,yes
5783,45,36-45,self-employed,divorced,professional.course,unknown,no,no
5784,31,26-35,technician,married,professional.course,no,no,yes
5785,31,26-35,entrepreneur,single,university.degree,unknown,no,no
5786,25,18-25,blue-collar,single,high.school,unknown,no,no
5787,44,36-45,self-employed,single,university.degree,no,no,no
5788,60,56-65,self-employed,single,basic.9y,unknown,yes,no
5789,57,56-65,blue-collar,divorced,basic.4y,no,yes,no
5790,48,46-55,blue-collar,married,basic.6y,unknown,yes,no
5791,48,46-55,entrepreneur,married,professional.course,no,no,no
5792,33,26-35,technician,single,professional.course,no,no,yes
5793,55,46-55,unknown,married,basic.4y,unknown,no,no
5794,56,56-65,retired,divorced,basic.4y,no,yes,no
5795,42,36-45,entrepreneur,married,professional.course,no,yes,no
5796,49,46-55,management,married,high.school,no,no,no
5797,53,46-55,technician,married,university.degree,no,yes,no
5798,31,26-35,management,single,university.degree,unknown,no,no
5799,30,26-35,admin.,divorced,high.school,no,no,no
5800,31,26-35,entrepreneur,married,professional.course,no,yes,no
5801,44,36-45,admin.,single,university.degree,unknown,yes,no
5802,34,26-35,services,divorced,basic.9y,unknown,yes,no
5803,56,56-65,self-employed,married,professional.course,no,no,yes
5804,27,26-35,management,single,high.school,no,yes,yes
5805,44,36-45,retired,single,basic.4y,no,yes,yes
5806,59,56-65,entrepreneur,married,university.degree,no,no,no
5807,31,26-35,entrepreneur,single,basic.6y,unknown,yes,no
5808,59,56-65,retired,divorced,basic.4y,unknown,no,yes
5809,55,46-55,unemployed,divorced,basic.9y,no,no,no
5810,40,36-45,admin.,single,high.school,no,yes,yes
5811,52,46-55,retired,married,professional.course,no,no,no
5812,59,56-65,services,married,high.school,unknown,yes,no
5813,58,56-65,blue-collar,unknown,basic.9y,unknown,no,no
5814,36,36-45,admin.,married,basic.9y,no,no,yes
5815,22,18-25,technician,single,professional.course,no,no,no
5816,27,26-35,unemployed,married,high.school,no,yes,no
5817,51,46-55,management,married,university.degree,unknown,no,no
5818,23,18-25,blue-collar,single,basic.4y,no,yes,no
5819,29,26-35,blue-collar,married,unknown,unknown,no,yes
5820,40,36-45,management,married,unknown,no,no,yes
5821,41,36-45,self-employed,divorced,university.degree,unknown,yes,no
5822,21,18-25,student,single,high.school,no,no,no
5823,50,46-55,entrepreneur,married,basic.4y,no,no,no
5824,31,26-35,admin.,single,basic.9y,unknown,yes,yes
5825,51,46-55,services,divorced,unknown,unknown,yes,no
5826,56,56-65,retired,married,basic.6y,no,yes,yes
5827,44,36-45,self-employed,married,professional.course,no,yes,yes
5828,51,46-55,services,married,basic.9y,no,yes,no
5829,30,26-35,services,single,high.school,no,unknown,unknown
5830,37,36-45,technician,single,professional.course,unknown,no,no
5831,58,56-65,technician,married,professional.course,unknown,yes,no
5832,38,36-45,self-employed,single,basic.9y,unknown,yes,yes
5833,60,56-65,self-employed,married,professional.course,unknown,yes,no
5834,52,46-55,retired,married,university.degree,no,yes,no
5835,44,36-45,blue-collar,married,basic.9y,no,no,no
5836,46,46-55,admin.,married,basic.9y,unknown,no,yes
5837,27,26-35,blue-collar,married,university.degree,no,no,no
5838,57,56-65,self-employed,married,basic.9y,unknown,yes,no
5839,33,26-35,admin.,single,high.school,no,yes,yes
5840,58,56-65,technician,single,professional.course,no,yes,yes
5841,31,26-35,admin.,divorced,high.school,unknown,no,yes
5842,52,46-55,services,unknown,professional.course,no,yes,no
5843,49,46-55,management,married,high.school,unknown,no,no
5844,29,26-35,admin.,married,unknown,no,unknown,unknown
5845,58,56-65,admin.,married,university.degree,no,unknown,unknown
5846,55,46-55,blue-collar,married,basic.4y,unknown,unknown,unknown
5847,40,36-45,admin.,single,professional.course,unknown,no,yes
5848,42,36-45,management,married,high.school,no,no,no
5849,37,36-45,blue-collar,single,unknown,unknown,no,yes
5850,47,46-55,blue-collar,divorced,basic.4y,no,yes,yes
5851,31,26-35,services,single,professional.course,no,yes,no
5852,46,46-55,blue-collar,single,high.school,no,no,no
5853,39,36-45,unemployed,divorced,basic.9y,unknown,no,no
5854,56,56-65,technician,married,unknown,no,no,yes
5855,29,26-35,services,single,high.school,unknown,no,no
5856,54,46-55,blue-collar,married,professional.course,no,no,no
5857,40,36-45,management,divorced,university.degree,unknown,unknown,unknown
5858,52,46-55,management,married,basic.4y,no,no,no
5859,34,26-35,blue-collar,single,high.school,no,yes,no
5860,58,56-65,services,married,high.school,no,yes,no
5861,43,36-45,self-employed,divorced,university.degree,unknown,yes,no
5862,42,36-45,self-employed,married,professional.course,no,yes,no
5863,51,46-55,admin.,divorced,unknown,no,yes,no
5864,29,26-35,entrepreneur,single,university.degree,no,no,no
5865,44,36-45,blue-collar,married,unknown,no,yes,no
5866,42,36-45,self-employed,married,university.degree,unknown,yes,no
5867,52,46-55,technician,married,basic.9y,no,no,yes
5868,39,36-45,technician,married,basic.9y,unknown,yes,no
5869,33,26-35,unknown,married,unknown,unknown,yes,no
5870,39,36-45,services,married,basic.6y,unknown,yes,no
5871,30,26-35,services,married,unknown,unknown,no,no
5872,29,26-35,blue-collar,divorced,basic.4y,unknown,no,no
5873,41,36-45,admin.,single,basic.6y,no,no,no
5874,31,26-35,housemaid,married,basic.4y,no,no,no
5875,46,46-55,services,divorced,professional.course,unknown,yes,no
5876,28,26-35,services,single,basic.9y,no,no,no
5877,59,56-65,retired,married,basic.9y,no,no,yes
5878,42,36-45,services,single,unknown,no,yes,no
5879,31,26-35,blue-collar,married,basic.4y,unknown,yes,yes
5880,49,46-55,unemployed,married,basic.9y,no,yes,yes
5881,48,46-55,blue-collar,married,high.school,no,yes,yes
5882,52,46-55,technician,married,basic.9y,no,yes,yes
5883,60,56-65,self-employed,married,professional.course,no,yes,no
5884,28,26-35,admin.,single,professional.course,no,no,yes
5885,30,26-35,admin.,married,high.school,no,unknown,unknown
5886,29,26-35,blue-collar,married,basic.9y,no,no,yes
5887,45,36-45,technician,single,professional.course,unknown,yes,yes
5888,35,26-35,self-employed,married,professional.course,unknown,yes,no
5889,30,26-35,services,divorced,high.school,unknown,yes,no
5890,25,18-25,technician,single,professional.course,no,no,yes
5891,38,36-45,blue-collar,single,high.school,unknown,no,no
5892,36,36-45,blue-collar,single,basic.9y,no,yes,yes
5893,37,36-45,admin.,single,university.degree,unknown,yes,no
5894,42,36-45,admin.,divorced,high.school,unknown,no,no
5895,58,56-65,retired,single,professional.course,no,yes,no
5896,55,46-55,technician,unknown,unknown,unknown,no,no
5897,27,26-35,technician,single,unknown,no,yes,no
5898,39,36-45,self-employed,divorced,professional.course,no,yes,no
5899,39,36-45,services,married,basic.9y,unknown,no,no
5900,59,56-65,housemaid,married,basic.6y,no,no,no
5901,39,36-45,self-employed,married,basic.6y,unknown,no,yes
5902,24,18-25,technician,single,basic.9y,no,no,no
5903,30,26-35,technician,married,high.school,no,no,no
5904,58,56-65,services,married,high.school,no,no,no
5905,40,36-45,management,married,basic.9y,no,yes,yes
5906,34,26-35,admin.,single,basic.9y,no,yes,no
5907,27,26-35,admin.,single,professional.course,no,yes,yes
5908,27,26-35,self-employed,single,university.degree,no,yes,no
5909,51,46-55,services,married,high.school,no,unknown,unknown
5910,58,56-65,technician,married,basic.4y,unknown,yes,yes
5911,41,36-45,blue-collar,married,professional.course,unknown,no,yes
5912,59,56-65,technician,divorced,basic.4y,no,yes,no
5913,30,26-35,entrepreneur,married,basic.9y,no,no,no
5914,49,46-55,housemaid,married,basic.4y,no,no,yes
5915,45,36-45,technician,single,professional.course,unknown,yes,no
5916,30,26-35,entrepreneur,divorced,university.degree,no,no,no
5917,44,36-45,blue-collar,single,basic.6y,no,no,no
5918,28,26-35,technician,single,university.degree,no,no,no
5919,40,36-45,blue-collar,married,basic.4y,no,yes,yes
5920,52,46-55,self-employed,married,professional.course,no,no,no
5921,40,36-45,entrepreneur,divorced,university.degree,no,no,no
5922,33,26-35,self-employed,married,professional.course,no,yes,no
5923,23,18-25,admin.,married,professional.course,no,no,yes
5924,39,36-45,unemployed,married,basic.4y,no,no,no
5925,32,26-35,self-employed,divorced,professional.course,no,yes,no
5926,41,36-45,blue-collar,single,unknown,unknown,no,no
5927,39,36-45,admin.,single,high.school,no,yes,yes
5928,39,36-45,admin.,single,high.school,no,no,yes
5929,54,46-55,technician,divorced,basic.9y,no,yes,no
5930,29,26-35,admin.,single,high.school,no,unknown,unknown
5931,37,36-45,self-employed,single,university.degree,unknown,no,yes
5932,53,46-55,technician,married,basic.9y,no,no,no
5933,41,36-45,entrepreneur,married,university.degree,no,yes,yes
5934,53,46-55,management,married,university.degree,no,no,yes
5935,41,36-45,services,single,high.school,no,yes,no
5936,54,46-55,blue-collar,married,basic.6y,unknown,yes,no
5937,26,26-35,unemployed,single,high.school,no,no,no
5938,44,36-45,admin.,divorced,unknown,no,no,no
5939,27,26-35,unemployed,married,basic.9y,unknown,no,no
5940,56,56-65,services,divorced,high.school,no,no,yes
5941,52,46-55,technician,married,professional.course,unknown,no,no
5942,42,36-45,unemployed,married,basic.9y,unknown,yes,no
5943,41,36-45,housemaid,married,high.school,no,no,yes
5944,43,36-45,technician,single,professional.course,no,yes,yes
5945,55,46-55,blue-collar,married,basic.4y,no,yes,no
5946,37,36-45,services,divorced,high.school,no,no,no
5947,47,46-55,retired,married,basic.4y,no,no,no
5948,47,46-55,blue-collar,divorced,basic.9y,no,no,no
5949,57,56-65,retired,divorced,university.degree,no,no,no
5950,57,56-65,self-employed,married,professional.course,no,yes,yes
5951,54,46-55,retired,married,high.school,no,yes,yes
5952,41,36-45,services,single,professional.course,no,yes,no
5953,40,36-45,admin.,married,high.school,no,no,yes
5954,53,46-55,services,married,basic.9y,no,yes,no
5955,42,36-45,management,married,university.degree,no,no,yes
5956,26,26-35,blue-collar,married,university.degree,no,no,no
5957,39,36-45,blue-collar,married,unknown,unknown,no,no
5958,36,36-45,technician,single,high.school,no,no,no
5959,49,46-55,technician,single,high.school,no,yes,no
5960,28,26-35,unemployed,single,high.school,no,yes,no
5961,38,36-45,services,divorced,basic.9y,no,yes,no
5962,30,26-35,self-employed,married,university.degree,no,yes,yes
5963,40,36-45,admin.,divorced,professional.course,unknown,no,no
5964,45,36-45,management,single,university.degree,no,no,yes
5965,36,36-45,retired,married,unknown,no,no,no
5966,48,46-55,entrepreneur,married,basic.6y,no,yes,no
5967,32,26-35,housemaid,married,basic.9y,no,no,no
5968,30,26-35,blue-collar,divorced,basic.4y,no,yes,yes
5969,52,46-55,retired,divorced,professional.course,no,no,no
5970,28,26-35,blue-collar,married,high.school,no,yes,no
5971,58,56-65,technician,married,university.degree,no,no,no
5972,38,36-45,technician,single,university.degree,unknown,yes,yes
5973,55,46-55,admin.,married,basic.9y,unknown,yes,no
5974,50,46-55,blue-collar,married,basic.9y,unknown,unknown,unknown
5975,57,56-65,housemaid,divorced,basic.6y,no,yes,no
5976,43,36-45,management,married,university.degree,no,no,yes
5977,35,26-35,admin.,divorced,university.degree,unknown,no,no
5978,37,36-45,technician,married,basic.9y,no,yes,no
5979,29,26-35,blue-collar,divorced,high.school,no,yes,no
5980,52,46-55,housemaid,single,basic.4y,no,yes,no
5981,24,18-25,admin.,single,high.school,no,yes,yes
5982,27,26-35,services,married,basic.9y,no,no,no
5983,41,36-45,services,single,high.school,unknown,no,yes
5984,50,46-55,entrepreneur,married,professional.course,no,yes,no
5985,30,26-35,services,married,basic.9y,no,no,yes
5986,29,26-35,entrepreneur,single,university.degree,no,yes,no
5987,23,18-25,technician,single,professional.course,no,yes,no
5988,36,36-45,management,married,basic.6y,unknown,yes,no
5989,46,46-55,self-employed,married,high.school,unknown,yes,no
5990,56,56-65,self-employed,married,basic.9y,unknown,no,no
5991,32,26-35,blue-collar,married,basic.6y,unknown,no,yes
5992,45,36-45,management,married,university.degree,unknown,no,yes
5993,32,26-35,technician,divorced,professional.course,no,yes,yes
5994,43,36-45,management,married,high.school,no,no,yes
5995,32,26-35,housemaid,married,basic.6y,no,no,no
5996,40,36-45,blue-collar,single,high.school,no,no,no
5997,57,56-65,admin.,single,university.degree,unknown,no,no
5998,37,36-45,unemployed,married,university.degree,no,no,yes
5999,38,36-45,services,single,high.school,no,no,no
6000,34,26-35,technician,single,high.school,no,yes,no
6001,32,26-35,admin.,divorced,university.degree,no,no,yes
6002,53,46-55,housemaid,married,basic.4y,no,no,no
6003,33,26-35,technician,married,university.degree,no,unknown,unknown
6004,34,26-35,technician,single,professional.course,unknown,yes,no
6005,29,26-35,entrepreneur,married,basic.6y,no,yes,yes
6006,27,26-35,admin.,married,university.degree,no,yes,yes
6007,28,26-35,blue-collar,divorced,basic.4y,no,no,no
6008,29,26-35,admin.,single,university.degree,no,unknown,unknown
6009,29,26-35,entrepreneur,married,high.school,no,yes,no
6010,33,26-35,technician,married,basic.9y,unknown,yes,no
6011,30,26-35,services,divorced,high.school,no,yes,yes
6012,58,56-65,retired,married,professional.course,unknown,yes,no
6013,40,36-45,blue-collar,divorced,basic.6y,unknown,unknown,unknown
6014,51,46-55,retired,married,basic.9y,unknown,no,no
6015,51,46-55,retired,married,basic.9y,unknown,yes,no
6016,34,26-35,technician,married,high.school,unknown,yes,no
6017,34,26-35,unemployed,married,high.school,no,no,no
6018,47,46-55,admin.,married,university.degree,unknown,unknown,unknown
6019,38,36-45,admin.,divorced,high.school,no,no,yes
6020,51,46-55,admin.,married,illiterate,unknown,no,no
6021,57,56-65,admin.,divorced,basic.9y,no,yes,yes
6022,34,26-35,technician,single,university.degree,no,no,yes
6023,53,46-55,self-employed,divorced,university.degree,no,no,no
6024,56,56-65,technician,married,university.degree,unknown,no,no
6025,29,26-35,unemployed,divorced,university.degree,no,yes,no
6026,30,26-35,technician,single,professional.course,no,yes,yes
6027,43,36-45,unemployed,married,high.school,unknown,yes,no
6028,43,36-45,management,married,unknown,no,no,yes
6029,57,56-65,management,divorced,university.degree,unknown,no,yes
6030,52,46-55,services,married,basic.6y,no,no,yes
6031,40,36-45,technician,married,basic.9y,unknown,no,no
6032,42,36-45,blue-collar,single,basic.4y,unknown,no,no
6033,31,26-35,entrepreneur,married,basic.6y,no,yes,yes
6034,26,26-35,admin.,single,university.degree,no,yes,yes
6035,47,46-55,services,single,basic.9y,no,no,no
6036,56,56-65,blue-collar,single,basic.4y,no,yes,no
6037,37,36-45,self-employed,single,basic.4y,no,unknown,unknown
6038,41,36-45,blue-collar,single,basic.4y,no,unknown,unknown
6039,42,36-45,housemaid,divorced,basic.4y,unknown,no,no
6040,56,56-65,admin.,divorced,basic.6y,no,yes,no
6041,39,36-45,housemaid,married,basic.4y,no,no,no
6042,43,36-45,management,married,university.degree,unknown,no,no
6043,39,36-45,technician,married,basic.9y,no,no,no
6044,47,46-55,blue-collar,single,basic.9y,no,yes,yes
6045,40,36-45,unemployed,single,high.school,no,yes,no
6046,50,46-55,blue-collar,divorced,high.school,no,yes,yes
6047,46,46-55,entrepreneur,married,university.degree,unknown,no,yes
6048,31,26-35,technician,married,university.degree,no,yes,yes
6049,28,26-35,housemaid,single,basic.6y,no,no,no
6050,23,18-25,admin.,single,university.degree,no,yes,yes
6051,49,46-55,unemployed,divorced,basic.9y,unknown,no,no
6052,45,36-45,services,single,basic.9y,unknown,no,yes
6053,47,46-55,services,married,basic.6y,no,yes,no
6054,33,26-35,unemployed,divorced,basic.9y,no,unknown,unknown
6055,36,36-45,housemaid,married,university.degree,no,yes,no
6056,42,36-45,entrepreneur,married,high.school,no,no,no
6057,28,26-35,technician,married,university.degree,no,no,no
6058,37,36-45,services,divorced,high.school,no,unknown,unknown
6059,48,46-55,blue-collar,divorced,basic.4y,unknown,yes,yes
6060,43,36-45,services,single,high.school,no,no,no
6061,28,26-35,admin.,single,university.degree,unknown,yes,no
6062,49,46-55,blue-collar,married,basic.4y,no,no,yes
6063,52,46-55,management,married,university.degree,no,yes,yes
6064,35,26-35,self-employed,married,high.school,no,no,no
6065,39,36-45,technician,married,basic.9y,unknown,unknown,unknown
6066,42,36-45,self-employed,divorced,university.degree,unknown,yes,no
6067,56,56-65,retired,married,basic.4y,unknown,no,no
6068,41,36-45,technician,married,high.school,no,unknown,unknown
6069,60,56-65,blue-collar,married,basic.9y,unknown,unknown,unknown
6070,47,46-55,admin.,divorced,high.school,unknown,no,no
6071,37,36-45,entrepreneur,married,basic.6y,no,yes,no
6072,44,36-45,housemaid,married,high.school,unknown,yes,no
6073,57,56-65,entrepreneur,married,university.degree,unknown,unknown,unknown
6074,49,46-55,admin.,married,unknown,unknown,no,no
6075,52,46-55,entrepreneur,married,university.degree,no,yes,no
6076,34,26-35,services,married,basic.9y,unknown,no,no
6077,55,46-55,retired,divorced,high.school,unknown,no,no
6078,30,26-35,technician,single,high.school,no,yes,no
6079,37,36-45,management,married,high.school,no,yes,no
6080,55,46-55,admin.,divorced,university.degree,unknown,yes,no
6081,34,26-35,blue-collar,divorced,basic.4y,unknown,yes,no
6082,43,36-45,entrepreneur,married,university.degree,no,yes,no
6083,36,36-45,entrepreneur,married,high.school,no,no,no
6084,42,36-45,admin.,married,university.degree,no,yes,yes
6085,45,36-45,technician,married,unknown,unknown,yes,no
6086,44,36-45,entrepreneur,married,basic.6y,unknown,no,no
6087,41,36-45,admin.,divorced,basic.6y,no,no,no
6088,39,36-45,self-employed,single,basic.9y,unknown,yes,no
6089,50,46-55,unknown,married,basic.4y,unknown,yes,no
6090,50,46-55,entrepreneur,married,university.degree,no,yes,no
6091,49,46-55,blue-collar,married,unknown,unknown,unknown,unknown
6092,38,36-45,housemaid,single,basic.4y,unknown,no,no
6093,36,36-45,self-employed,married,professional.course,unknown,no,yes
6094,44,36-45,unknown,single,basic.9y,unknown,no,no
6095,25,18-25,admin.,divorced,professional.course,no,no,no
6096,28,26-35,technician,divorced,university.degree,no,yes,no
6097,33,26-35,entrepreneur,single,professional.course,no,no,no
6098,38,36-45,unemployed,married,high.school,no,no,no
6099,34,26-35,management,single,high.school,no,no,no
6100,31,26-35,admin.,single,university.degree,no,unknown,unknown
6101,54,46-55,services,married,high.school,unknown,yes,no
6102,33,26-35,services,divorced,unknown,no,no,yes
6103,56,56-65,housemaid,married,basic.4y,no,no,yes
6104,37,36-45,blue-collar,single,basic.6y,no,yes,yes
6105,36,36-45,blue-collar,married,professional.course,no,yes,no
6106,46,46-55,unemployed,divorced,professional.course,unknown,yes,no
6107,39,36-45,services,married,basic.9y,no,no,yes
6108,38,36-45,blue-collar,married,unknown,unknown,no,no
6109,42,36-45,management,divorced,university.degree,unknown,no,no
6110,26,26-35,unemployed,single,basic.9y,no,yes,yes
6111,35,26-35,management,divorced,university.degree,no,no,no
6112,31,26-35,blue-collar,married,high.school,no,yes,no
6113,29,26-35,admin.,single,unknown,no,yes,no
6114,33,26-35,blue-collar,single,basic.6y,no,no,yes
6115,39,36-45,admin.,divorced,basic.9y,no,yes,no
6116,44,36-45,blue-collar,single,high.school,no,yes,yes
6117,44,36-45,blue-collar,divorced,basic.6y,unknown,no,yes
6118,24,18-25,unemployed,single,high.school,no,yes,no
6119,41,36-45,blue-collar,married,unknown,unknown,yes,no
6120,52,46-55,housemaid,married,basic.4y,no,yes,no
6121,50,46-55,housemaid,divorced,high.school,no,yes,no
6122,45,36-45,management,married,university.degree,unknown,no,no
6123,25,18-25,admin.,single,high.school,unknown,no,no
6124,31,26-35,admin.,married,university.degree,no,no,yes
6125,44,36-45,housemaid,married,high.school,no,yes,yes
6126,48,46-55,technician,married,unknown,unknown,yes,no
6127,52,46-55,admin.,divorced,university.degree,unknown,no,no
6128,57,56-65,admin.,married,basic.4y,unknown,yes,no
6129,25,18-25,services,married,high.school,no,no,no
6130,55,46-55,services,divorced,high.school,unknown,yes,yes
6131,50,46-55,entrepreneur,married,unknown,unknown,yes,yes
6132,52,46-55,admin.,divorced,university.degree,unknown,yes,no
6133,56,56-65,unemployed,divorced,professional.course,no,no,no
6134,31,26-35,services,divorced,high.school,no,no,no
6135,49,46-55,services,divorced,high.school,no,yes,no
6136,33,26-35,technician,married,professional.course,unknown,yes,no
6137,31,26-35,admin.,single,basic.9y,unknown,yes,no
6138,48,46-55,services,divorced,high.school,no,yes,yes
6139,42,36-45,unemployed,married,university.degree,unknown,yes,no
6140,33,26-35,blue-collar,married,basic.6y,unknown,yes,no
6141,60,56-65,admin.,married,high.school,unknown,yes,no
6142,35,26-35,technician,married,high.school,unknown,yes,no
6143,60,56-65,admin.,married,high.school,unknown,no,no
6144,57,56-65,admin.,married,professional.course,no,yes,no
6145,29,26-35,entrepreneur,married,university.degree,no,no,no
6146,55,46-55,services,married,basic.6y,unknown,no,no
6147,34,26-35,admin.,married,professional.course,no,no,yes
6148,32,26-35,blue-collar,single,basic.4y,unknown,no,no
6149,33,26-35,self-employed,single,professional.course,no,yes,no
6150,24,18-25,admin.,married,high.school,no,no,no
6151,34,26-35,management,single,unknown,no,yes,no
6152,43,36-45,management,married,basic.9y,no,no,no
6153,53,46-55,retired,divorced,high.school,unknown,yes,no
6154,38,36-45,entrepreneur,married,basic.9y,unknown,no,yes
6155,36,36-45,technician,single,unknown,no,yes,no
6156,48,46-55,technician,married,high.school,unknown,no,no
6157,48,46-55,management,married,high.school,no,no,no
6158,43,36-45,technician,single,professional.course,unknown,yes,no
6159,35,26-35,services,divorced,high.school,no,unknown,unknown
6160,26,26-35,management,single,university.degree,no,yes,no
6161,59,56-65,housemaid,married,basic.4y,unknown,unknown,unknown
6162,27,26-35,admin.,single,professional.course,no,no,no
6163,52,46-55,admin.,divorced,university.degree,unknown,yes,yes
6164,43,36-45,admin.,single,high.school,no,yes,no
6165,43,36-45,management,single,university.degree,unknown,yes,yes
6166,26,26-35,entrepreneur,married,professional.course,no,yes,no
6167,56,56-65,technician,divorced,professional.course,no,no,no
6168,30,26-35,services,married,basic.9y,no,no,no
6169,48,46-55,technician,divorced,professional.course,no,yes,no
6170,47,46-55,blue-collar,divorced,basic.9y,no,yes,no
6171,30,26-35,unemployed,single,basic.4y,unknown,no,yes
6172,27,26-35,admin.,single,professional.course,no,yes,no
6173,37,36-45,services,married,basic.6y,no,yes,no
6174,34,26-35,technician,single,university.degree,no,yes,yes
6175,29,26-35,self-employed,married,unknown,no,no,no
6176,44,36-45,blue-collar,single,university.degree,unknown,yes,yes
6177,31,26-35,management,single,basic.9y,no,yes,no
6178,40,36-45,technician,divorced,professional.course,no,yes,no
6179,37,36-45,blue-collar,single,basic.6y,no,no,no
6180,32,26-35,blue-collar,married,university.degree,no,no,no
6181,43,36-45,technician,single,professional.course,unknown,no,no
6182,31,26-35,services,married,high.school,no,unknown,unknown
6183,34,26-35,self-employed,divorced,professional.course,unknown,no,no
6184,29,26-35,technician,single,university.degree,no,no,yes
6185,23,18-25,admin.,single,high.school,no,no,no
6186,54,46-55,retired,divorced,basic.4y,unknown,yes,no
6187,20,18-25,blue-collar,married,basic.4y,no,no,yes
6188,24,18-25,student,single,high.school,unknown,yes,no
6189,33,26-35,admin.,married,university.degree,unknown,yes,no
6190,32,26-35,services,divorced,high.school,unknown,yes,no
6191,36,36-45,blue-collar,married,basic.4y,unknown,yes,yes
6192,33,26-35,services,married,basic.9y,no,yes,no
6193,34,26-35,services,single,high.school,no,yes,no
6194,27,26-35,entrepreneur,married,high.school,no,no,no
6195,26,26-35,entrepreneur,married,basic.4y,unknown,no,no
6196,45,36-45,management,married,university.degree,unknown,unknown,unknown
6197,37,36-45,services,divorced,basic.6y,no,yes,yes
6198,23,18-25,entrepreneur,married,professional.course,no,no,no
6199,37,36-45,entrepreneur,single,basic.9y,unknown,yes,no
6200,43,36-45,management,single,university.degree,unknown,no,no
6201,23,18-25,entrepreneur,married,professional.course,no,yes,no
6202,27,26-35,management,single,university.degree,no,yes,yes
6203,41,36-45,blue-collar,married,unknown,no,yes,yes
6204,41,36-45,blue-collar,married,unknown,no,yes,no
6205,33,26-35,blue-collar,single,basic.9y,no,no,yes
6206,41,36-45,blue-collar,married,unknown,no,no,yes
6207,52,46-55,retired,married,basic.6y,no,no,no
6208,43,36-45,admin.,single,high.school,no,yes,yes
6209,55,46-55,retired,married,basic.6y,unknown,yes,yes
6210,27,26-35,admin.,single,high.school,no,yes,yes
6211,50,46-55,admin.,married,professional.course,no,yes,yes
6212,49,46-55,management,married,university.degree,unknown,no,yes
6213,28,26-35,blue-collar,divorced,high.school,no,yes,yes
6214,57,56-65,retired,married,professional.course,unknown,no,yes
6215,27,26-35,admin.,single,professional.course,no,no,yes
6216,55,46-55,services,married,basic.6y,unknown,yes,no
6217,41,36-45,services,divorced,high.school,unknown,yes,no
6218,59,56-65,housemaid,married,basic.4y,unknown,no,no
6219,31,26-35,self-employed,married,university.degree,no,yes,no
6220,43,36-45,blue-collar,divorced,high.school,no,yes,no
6221,32,26-35,blue-collar,single,basic.4y,no,yes,no
6222,37,36-45,entrepreneur,married,basic.9y,no,unknown,unknown
6223,28,26-35,services,married,high.school,no,no,yes
6224,26,26-35,blue-collar,single,professional.course,unknown,unknown,unknown
6225,26,26-35,admin.,single,basic.9y,no,yes,yes
6226,25,18-25,services,married,high.school,no,unknown,unknown
6227,45,36-45,entrepreneur,married,university.degree,unknown,yes,yes
6228,34,26-35,management,single,unknown,no,no,no
6229,55,46-55,retired,married,basic.6y,unknown,yes,no
6230,48,46-55,management,married,high.school,no,yes,no
6231,34,26-35,entrepreneur,single,basic.9y,no,yes,no
6232,23,18-25,admin.,single,high.school,no,yes,no
6233,27,26-35,self-employed,single,professional.course,no,yes,no
6234,30,26-35,blue-collar,married,basic.6y,no,yes,yes
6235,24,18-25,technician,married,unknown,no,yes,no
6236,50,46-55,entrepreneur,married,unknown,unknown,yes,no
6237,56,56-65,unemployed,divorced,professional.course,no,yes,no
6238,55,46-55,technician,divorced,professional.course,no,no,no
6239,32,26-35,entrepreneur,married,basic.9y,unknown,yes,no
6240,31,26-35,admin.,single,professional.course,no,no,no
6241,32,26-35,admin.,married,basic.9y,no,no,no
6242,32,26-35,management,married,university.degree,unknown,yes,yes
6243,29,26-35,admin.,single,basic.9y,no,no,no
6244,35,26-35,self-employed,single,university.degree,no,no,no
6245,59,56-65,retired,divorced,university.degree,unknown,unknown,unknown
6246,45,36-45,technician,divorced,basic.9y,unknown,no,no
6247,52,46-55,retired,married,professional.course,no,yes,no
6248,38,36-45,blue-collar,married,unknown,no,no,no
6249,42,36-45,entrepreneur,married,basic.9y,no,yes,no
6250,40,36-45,blue-collar,divorced,basic.9y,no,yes,no
6251,57,56-65,retired,married,basic.4y,unknown,yes,yes
6252,32,26-35,services,single,high.school,unknown,yes,no
6253,34,26-35,admin.,single,university.degree,unknown,yes,no
6254,53,46-55,admin.,married,university.degree,unknown,no,no
6255,53,46-55,admin.,married,university.degree,no,yes,yes
6256,40,36-45,technician,married,professional.course,no,yes,yes
6257,57,56-65,blue-collar,married,basic.6y,no,yes,no
6258,30,26-35,technician,single,university.degree,no,yes,yes
6259,35,26-35,self-employed,single,university.degree,no,yes,no
6260,43,36-45,housemaid,married,basic.4y,no,yes,no
6261,43,36-45,housemaid,married,basic.4y,no,no,no
6262,43,36-45,housemaid,married,basic.4y,no,no,yes
6263,52,46-55,blue-collar,divorced,basic.9y,no,yes,no
6264,51,46-55,management,married,university.degree,no,no,yes
6265,27,26-35,unemployed,married,basic.6y,unknown,yes,no
6266,27,26-35,unemployed,married,basic.6y,unknown,no,no
6267,41,36-45,technician,single,university.degree,no,yes,yes
6268,42,36-45,technician,married,high.school,no,yes,no
6269,24,18-25,blue-collar,married,basic.9y,no,unknown,unknown
6270,26,26-35,services,single,high.school,no,unknown,unknown
6271,59,56-65,blue-collar,divorced,basic.9y,no,no,no
6272,51,46-55,technician,married,university.degree,unknown,yes,yes
6273,51,46-55,technician,married,university.degree,unknown,yes,no
6274,32,26-35,blue-collar,married,basic.4y,unknown,no,yes
6275,31,26-35,management,single,university.degree,no,yes,yes
6276,39,36-45,entrepreneur,divorced,basic.4y,no,no,no
6277,44,36-45,unemployed,married,basic.9y,unknown,no,no
6278,40,36-45,admin.,married,professional.course,no,no,no
6279,30,26-35,blue-collar,married,high.school,unknown,yes,no
6280,30,26-35,blue-collar,married,high.school,unknown,no,no
6281,31,26-35,technician,divorced,professional.course,no,unknown,unknown
6282,31,26-35,technician,divorced,professional.course,no,no,no
6283,44,36-45,unemployed,married,basic.9y,unknown,no,yes
6284,31,26-35,technician,divorced,professional.course,no,yes,no
6285,28,26-35,technician,married,university.degree,no,yes,no
6286,44,36-45,unemployed,married,basic.9y,unknown,yes,no
6287,55,46-55,admin.,divorced,high.school,no,yes,no
6288,28,26-35,blue-collar,single,professional.course,no,yes,no
6289,23,18-25,blue-collar,married,basic.9y,unknown,yes,no
6290,37,36-45,blue-collar,single,basic.4y,no,yes,yes
6291,26,26-35,technician,married,university.degree,no,yes,no
6292,49,46-55,blue-collar,single,basic.4y,unknown,no,no
6293,31,26-35,housemaid,married,basic.9y,no,yes,no
6294,50,46-55,admin.,single,high.school,no,yes,no
6295,22,18-25,student,single,high.school,no,no,yes
6296,32,26-35,technician,single,university.degree,no,no,yes
6297,41,36-45,blue-collar,single,basic.4y,unknown,unknown,unknown
6298,40,36-45,unemployed,married,university.degree,unknown,yes,no
6299,55,46-55,retired,married,basic.9y,unknown,unknown,unknown
6300,23,18-25,unemployed,single,university.degree,no,yes,no
6301,25,18-25,housemaid,single,high.school,no,no,no
6302,51,46-55,management,married,university.degree,unknown,yes,no
6303,41,36-45,self-employed,married,basic.4y,unknown,no,no
6304,26,26-35,services,married,high.school,no,unknown,unknown
6305,51,46-55,housemaid,married,basic.4y,no,no,no
6306,55,46-55,management,divorced,basic.6y,unknown,yes,yes
6307,28,26-35,blue-collar,married,basic.4y,unknown,no,yes
6308,44,36-45,housemaid,married,basic.4y,unknown,yes,no
6309,45,36-45,self-employed,married,basic.9y,no,yes,no
6310,28,26-35,services,single,university.degree,no,yes,no
6311,45,36-45,self-employed,married,basic.9y,no,yes,yes
6312,37,36-45,entrepreneur,divorced,university.degree,no,yes,no
6313,34,26-35,blue-collar,single,high.school,no,no,no
6314,37,36-45,entrepreneur,divorced,university.degree,no,no,yes
6315,29,26-35,management,single,high.school,no,yes,no
6316,26,26-35,management,single,university.degree,unknown,yes,no
6317,39,36-45,admin.,divorced,high.school,unknown,yes,no
6318,33,26-35,services,married,high.school,unknown,yes,yes
6319,45,36-45,blue-collar,divorced,professional.course,unknown,no,no
6320,45,36-45,blue-collar,divorced,professional.course,unknown,yes,no
6321,26,26-35,services,single,university.degree,no,yes,no
6322,39,36-45,admin.,married,basic.9y,unknown,no,no
6323,39,36-45,entrepreneur,divorced,basic.4y,no,yes,yes
6324,60,56-65,unknown,married,basic.4y,unknown,yes,no
6325,42,36-45,unemployed,married,high.school,no,no,no
6326,29,26-35,entrepreneur,married,professional.course,no,no,no
6327,38,36-45,blue-collar,single,university.degree,no,yes,no
6328,32,26-35,self-employed,single,university.degree,no,no,no
6329,57,56-65,housemaid,married,university.degree,no,yes,no
6330,21,18-25,blue-collar,single,basic.9y,no,no,no
6331,21,18-25,blue-collar,single,basic.9y,no,unknown,unknown
6332,57,56-65,housemaid,married,university.degree,no,no,no
6333,27,26-35,blue-collar,single,basic.4y,no,yes,no
6334,60,56-65,blue-collar,married,basic.4y,unknown,no,no
6335,60,56-65,blue-collar,married,basic.4y,unknown,no,yes
6336,34,26-35,admin.,married,high.school,no,no,yes
6337,20,18-25,admin.,single,high.school,no,no,no
6338,41,36-45,unemployed,single,high.school,no,no,no
6339,24,18-25,management,married,university.degree,no,unknown,unknown
6340,41,36-45,unemployed,single,high.school,no,yes,no
6341,27,26-35,unemployed,married,basic.6y,unknown,no,yes
6342,28,26-35,admin.,single,university.degree,unknown,yes,yes
6343,25,18-25,technician,married,university.degree,no,unknown,unknown
6344,46,46-55,technician,married,university.degree,no,unknown,unknown
6345,46,46-55,technician,married,university.degree,no,no,no
6346,52,46-55,retired,married,basic.9y,no,no,no
6347,27,26-35,technician,divorced,professional.course,no,yes,no
6348,57,56-65,entrepreneur,married,university.degree,no,no,no
6349,48,46-55,technician,single,professional.course,no,yes,yes
6350,28,26-35,blue-collar,single,professional.course,no,no,no
6351,55,46-55,management,divorced,basic.6y,unknown,no,no
6352,32,26-35,technician,single,university.degree,no,yes,yes
6353,31,26-35,admin.,single,high.school,unknown,no,no
6354,31,26-35,admin.,single,high.school,unknown,unknown,unknown
6355,36,36-45,technician,divorced,basic.9y,no,no,no
6356,36,36-45,technician,divorced,basic.9y,no,yes,no
6357,25,18-25,services,single,university.degree,no,yes,no
6358,53,46-55,services,divorced,basic.4y,unknown,yes,no
6359,52,46-55,blue-collar,divorced,basic.9y,no,no,no
6360,26,26-35,services,married,high.school,no,yes,yes
6361,27,26-35,retired,single,basic.9y,no,no,no
6362,40,36-45,blue-collar,married,basic.4y,unknown,yes,yes
6363,27,26-35,admin.,married,high.school,no,no,no
6364,51,46-55,unemployed,married,professional.course,unknown,yes,yes
6365,57,56-65,technician,divorced,professional.course,no,yes,yes
6366,57,56-65,retired,divorced,high.school,no,yes,no
6367,28,26-35,admin.,single,university.degree,no,no,yes
6368,46,46-55,admin.,divorced,university.degree,unknown,yes,yes
6369,48,46-55,technician,married,basic.9y,no,no,no
6370,37,36-45,technician,divorced,university.degree,no,no,no
6371,55,46-55,services,married,high.school,no,no,yes
6372,56,56-65,admin.,married,basic.4y,unknown,yes,no
6373,35,26-35,admin.,single,university.degree,unknown,no,no
6374,34,26-35,blue-collar,divorced,basic.9y,no,yes,no
6375,38,36-45,housemaid,married,high.school,no,no,no
6376,23,18-25,blue-collar,single,high.school,no,no,no
6377,29,26-35,student,single,university.degree,no,no,no
6378,59,56-65,management,married,university.degree,unknown,no,no
6379,54,46-55,unemployed,married,university.degree,unknown,no,no
6380,30,26-35,self-employed,married,university.degree,no,yes,no
6381,25,18-25,technician,married,professional.course,no,no,no
6382,27,26-35,technician,married,professional.course,no,yes,no
6383,46,46-55,management,married,high.school,unknown,no,no
6384,46,46-55,management,married,high.school,unknown,yes,no
6385,36,36-45,admin.,divorced,university.degree,unknown,yes,no
6386,36,36-45,admin.,divorced,university.degree,unknown,no,no
6387,31,26-35,student,married,high.school,no,no,no
6388,58,56-65,services,married,high.school,unknown,no,no
6389,38,36-45,blue-collar,single,basic.6y,no,yes,yes
6390,32,26-35,blue-collar,married,basic.4y,no,yes,no
6391,34,26-35,student,divorced,basic.6y,no,yes,no
6392,57,56-65,management,married,basic.4y,unknown,no,yes
6393,45,36-45,management,married,university.degree,no,no,yes
6394,34,26-35,technician,married,high.school,no,yes,no
6395,39,36-45,unemployed,married,basic.4y,unknown,no,no
6396,39,36-45,blue-collar,married,basic.6y,unknown,no,yes
6397,51,46-55,admin.,married,professional.course,no,no,no
6398,34,26-35,technician,married,high.school,no,yes,yes
6399,54,46-55,blue-collar,divorced,basic.4y,unknown,yes,yes
6400,27,26-35,blue-collar,married,high.school,no,yes,no
6401,29,26-35,admin.,married,university.degree,unknown,no,yes
6402,25,18-25,technician,married,university.degree,no,no,no
6403,26,26-35,admin.,married,university.degree,no,yes,no
6404,31,26-35,blue-collar,single,basic.4y,no,yes,no
6405,41,36-45,admin.,married,unknown,no,no,no
6406,39,36-45,self-employed,married,basic.9y,no,no,no
6407,39,36-45,blue-collar,married,university.degree,no,no,no
6408,40,36-45,retired,divorced,basic.4y,no,no,no
6409,39,36-45,blue-collar,married,university.degree,no,yes,no
6410,33,26-35,self-employed,married,basic.9y,unknown,no,no
6411,33,26-35,self-employed,married,basic.9y,unknown,yes,no
6412,32,26-35,technician,married,basic.6y,unknown,yes,no
6413,31,26-35,blue-collar,single,basic.4y,no,yes,yes
6414,27,26-35,technician,single,university.degree,no,no,no
6415,41,36-45,blue-collar,single,basic.4y,no,yes,no
6416,45,36-45,blue-collar,divorced,high.school,unknown,yes,yes
6417,45,36-45,blue-collar,divorced,high.school,unknown,no,no
6418,54,46-55,blue-collar,married,high.school,no,no,yes
6419,31,26-35,technician,single,university.degree,no,yes,yes
6420,30,26-35,entrepreneur,single,university.degree,no,no,no
6421,30,26-35,admin.,single,basic.9y,no,yes,no
6422,49,46-55,housemaid,married,professional.course,no,yes,no
6423,32,26-35,unknown,single,professional.course,no,yes,no
6424,22,18-25,technician,single,basic.9y,no,no,no
6425,29,26-35,admin.,married,university.degree,unknown,yes,yes
6426,54,46-55,blue-collar,married,high.school,no,yes,no
6427,23,18-25,technician,single,professional.course,no,no,no
6428,32,26-35,admin.,married,university.degree,no,unknown,unknown
6429,46,46-55,blue-collar,single,basic.9y,unknown,no,no
6430,46,46-55,blue-collar,single,basic.9y,unknown,yes,no
6431,26,26-35,self-employed,single,professional.course,no,yes,no
6432,30,26-35,self-employed,married,university.degree,no,no,no
6433,32,26-35,unknown,single,professional.course,no,no,no
6434,35,26-35,technician,married,unknown,no,yes,no
6435,48,46-55,technician,married,basic.9y,no,no,yes
6436,41,36-45,entrepreneur,divorced,professional.course,no,no,no
6437,50,46-55,retired,divorced,basic.4y,unknown,yes,no
6438,28,26-35,services,single,basic.6y,no,yes,no
6439,41,36-45,entrepreneur,divorced,professional.course,no,yes,no
6440,27,26-35,blue-collar,single,basic.4y,unknown,yes,no
6441,28,26-35,services,single,university.degree,no,no,no
6442,47,46-55,management,married,unknown,no,no,no
6443,42,36-45,admin.,single,high.school,no,yes,no
6444,30,26-35,technician,single,professional.course,no,no,yes
6445,22,18-25,blue-collar,single,basic.9y,no,yes,yes
6446,26,26-35,housemaid,single,high.school,unknown,yes,yes
6447,26,26-35,housemaid,single,high.school,unknown,yes,no
6448,51,46-55,housemaid,divorced,high.school,no,yes,yes
6449,29,26-35,technician,married,professional.course,no,unknown,unknown
6450,48,46-55,technician,married,basic.6y,no,no,no
6451,32,26-35,technician,married,high.school,no,no,no
6452,41,36-45,entrepreneur,divorced,professional.course,no,no,yes
6453,24,18-25,services,single,university.degree,no,no,no
6454,41,36-45,entrepreneur,divorced,professional.course,no,yes,yes
6455,40,36-45,technician,married,university.degree,no,yes,no
6456,60,56-65,management,married,university.degree,unknown,no,yes
6457,26,26-35,entrepreneur,single,university.degree,no,no,no
6458,32,26-35,blue-collar,divorced,professional.course,no,yes,no
6459,52,46-55,services,married,basic.4y,no,yes,no
6460,52,46-55,admin.,divorced,high.school,unknown,no,no
6461,27,26-35,student,single,basic.9y,no,no,no
6462,30,26-35,blue-collar,single,basic.6y,no,no,no
6463,51,46-55,services,single,basic.6y,no,yes,no
6464,24,18-25,student,single,basic.4y,no,no,no
6465,42,36-45,blue-collar,married,basic.4y,no,unknown,unknown
6466,24,18-25,student,single,basic.4y,no,yes,yes
6467,51,46-55,services,single,basic.6y,no,no,no
6468,24,18-25,student,single,basic.4y,no,unknown,unknown
6469,34,26-35,services,divorced,basic.9y,no,no,no
6470,49,46-55,retired,single,basic.4y,unknown,no,no
6471,44,36-45,entrepreneur,divorced,basic.4y,no,no,no
6472,40,36-45,services,married,university.degree,no,yes,no
6473,22,18-25,blue-collar,married,basic.9y,no,no,no
6474,56,56-65,technician,married,professional.course,no,no,no
6475,41,36-45,services,married,professional.course,no,yes,no
6476,32,26-35,management,single,high.school,no,no,no
6477,52,46-55,housemaid,married,basic.4y,no,no,yes
6478,53,46-55,retired,married,basic.9y,unknown,yes,no
6479,55,46-55,entrepreneur,married,professional.course,unknown,yes,no
6480,32,26-35,blue-collar,single,professional.course,no,yes,no
6481,55,46-55,retired,married,university.degree,no,yes,no
6482,32,26-35,technician,married,basic.9y,no,yes,no
6483,53,46-55,retired,married,basic.9y,unknown,no,no
6484,43,36-45,blue-collar,divorced,basic.4y,no,yes,no
6485,28,26-35,blue-collar,single,basic.4y,unknown,yes,no
6486,27,26-35,technician,married,basic.9y,no,yes,yes
6487,29,26-35,admin.,single,high.school,unknown,yes,no
6488,50,46-55,technician,divorced,professional.course,no,yes,no
6489,50,46-55,blue-collar,divorced,basic.9y,no,unknown,unknown
6490,26,26-35,student,single,university.degree,unknown,no,yes
6491,32,26-35,blue-collar,married,basic.9y,no,no,yes
6492,40,36-45,housemaid,married,basic.4y,unknown,no,no
6493,35,26-35,admin.,married,high.school,unknown,no,yes
6494,38,36-45,entrepreneur,married,basic.9y,no,yes,no
6495,54,46-55,blue-collar,divorced,high.school,unknown,no,no
6496,36,36-45,services,single,high.school,no,yes,no
6497,37,36-45,services,married,basic.9y,no,no,no
6498,55,46-55,retired,married,university.degree,no,no,no
6499,31,26-35,entrepreneur,divorced,university.degree,no,no,no
6500,31,26-35,blue-collar,married,professional.course,unknown,no,no
6501,56,56-65,management,married,high.school,no,yes,no
6502,35,26-35,admin.,single,basic.9y,no,yes,no
6503,25,18-25,unemployed,married,high.school,unknown,unknown,unknown
6504,34,26-35,services,single,high.school,unknown,no,no
6505,29,26-35,admin.,single,high.school,unknown,no,no
6506,33,26-35,blue-collar,single,basic.6y,unknown,yes,yes
6507,41,36-45,services,married,professional.course,no,yes,yes
6508,40,36-45,retired,married,basic.4y,unknown,yes,no
6509,32,26-35,unemployed,married,university.degree,no,yes,no
6510,44,36-45,technician,single,university.degree,no,no,yes
6511,43,36-45,entrepreneur,divorced,professional.course,no,no,yes
6512,41,36-45,services,married,professional.course,no,no,yes
6513,38,36-45,blue-collar,divorced,basic.9y,no,no,no
6514,51,46-55,entrepreneur,divorced,high.school,no,no,no
6515,38,36-45,blue-collar,divorced,basic.9y,no,unknown,unknown
6516,57,56-65,retired,single,basic.9y,unknown,unknown,unknown
6517,32,26-35,technician,married,unknown,no,yes,no
6518,38,36-45,blue-collar,divorced,basic.9y,no,yes,no
6519,55,46-55,entrepreneur,married,professional.course,unknown,no,no
6520,32,26-35,technician,married,unknown,no,yes,yes
6521,32,26-35,technician,married,unknown,no,no,no
6522,42,36-45,technician,divorced,university.degree,no,no,yes
6523,25,18-25,student,single,university.degree,no,no,no
6524,31,26-35,student,single,high.school,unknown,no,no
6525,25,18-25,unemployed,married,university.degree,no,no,no
6526,53,46-55,management,married,basic.9y,unknown,yes,yes
6527,25,18-25,unemployed,married,high.school,unknown,no,no
6528,45,36-45,management,married,unknown,no,yes,no
6529,40,36-45,technician,single,professional.course,no,yes,yes
6530,46,46-55,admin.,married,university.degree,unknown,no,yes
6531,40,36-45,technician,single,professional.course,no,no,no
6532,58,56-65,admin.,divorced,high.school,no,no,no
6533,55,46-55,admin.,married,university.degree,no,no,yes
6534,27,26-35,housemaid,married,high.school,no,yes,no
6535,30,26-35,unemployed,married,basic.9y,no,no,no
6536,28,26-35,housemaid,married,high.school,no,no,no
6537,41,36-45,self-employed,married,basic.9y,no,no,no
6538,52,46-55,unemployed,married,university.degree,unknown,no,yes
6539,33,26-35,blue-collar,single,basic.6y,unknown,no,yes
6540,53,46-55,management,married,basic.9y,unknown,no,yes
6541,22,18-25,blue-collar,married,professional.course,no,yes,no
6542,41,36-45,self-employed,divorced,professional.course,no,no,no
6543,29,26-35,blue-collar,married,basic.9y,no,yes,yes
6544,36,36-45,admin.,married,university.degree,unknown,no,no
6545,32,26-35,blue-collar,divorced,professional.course,no,no,no
6546,52,46-55,technician,married,professional.course,no,no,yes
6547,43,36-45,technician,divorced,basic.9y,no,no,no
6548,28,26-35,admin.,married,professional.course,no,no,no
6549,45,36-45,unemployed,married,university.degree,no,yes,no
6550,54,46-55,blue-collar,single,unknown,no,yes,no
6551,56,56-65,management,married,basic.6y,unknown,no,no
6552,58,56-65,management,married,university.degree,unknown,yes,no
6553,26,26-35,technician,married,high.school,no,no,no
6554,24,18-25,self-employed,single,professional.course,no,yes,no
6555,30,26-35,admin.,single,university.degree,unknown,yes,no
6556,56,56-65,unknown,single,basic.9y,no,no,no
6557,31,26-35,entrepreneur,married,university.degree,unknown,no,no
6558,31,26-35,technician,single,basic.9y,no,yes,no
6559,45,36-45,management,married,university.degree,unknown,yes,yes
6560,27,26-35,unemployed,single,university.degree,no,yes,no
6561,45,36-45,blue-collar,divorced,basic.9y,no,no,yes
6562,56,56-65,unknown,single,basic.9y,no,no,yes
6563,39,36-45,blue-collar,single,high.school,no,yes,yes
6564,51,46-55,admin.,divorced,university.degree,unknown,unknown,unknown
6565,33,26-35,entrepreneur,married,university.degree,no,no,no
6566,26,26-35,blue-collar,divorced,high.school,no,no,no
6567,26,26-35,blue-collar,single,high.school,no,yes,yes
6568,39,36-45,services,married,professional.course,no,yes,no
6569,31,26-35,housemaid,married,high.school,no,yes,no
6570,48,46-55,blue-collar,single,basic.6y,unknown,yes,no
6571,31,26-35,entrepreneur,married,university.degree,unknown,yes,no
6572,22,18-25,housemaid,single,high.school,no,yes,yes
6573,23,18-25,blue-collar,single,basic.9y,no,no,yes
6574,40,36-45,services,married,basic.6y,no,yes,no
6575,49,46-55,technician,married,university.degree,unknown,yes,no
6576,40,36-45,entrepreneur,married,university.degree,no,yes,no
6577,33,26-35,blue-collar,single,basic.4y,no,unknown,unknown
6578,27,26-35,blue-collar,single,basic.9y,no,yes,yes
6579,28,26-35,admin.,single,high.school,no,no,yes
6580,40,36-45,services,married,basic.6y,no,no,no
6581,30,26-35,admin.,single,university.degree,no,yes,yes
6582,35,26-35,blue-collar,married,high.school,unknown,yes,yes
6583,50,46-55,admin.,divorced,basic.9y,no,yes,yes
6584,26,26-35,blue-collar,single,high.school,no,no,yes
6585,43,36-45,admin.,married,high.school,no,yes,yes
6586,26,26-35,blue-collar,single,professional.course,no,no,no
6587,35,26-35,blue-collar,single,basic.9y,no,no,no
6588,24,18-25,blue-collar,single,high.school,no,yes,no
6589,27,26-35,management,married,basic.9y,no,no,yes
6590,27,26-35,admin.,married,high.school,no,yes,yes
6591,23,18-25,admin.,married,basic.9y,no,yes,no
6592,45,36-45,management,married,basic.9y,unknown,yes,no
6593,56,56-65,blue-collar,married,basic.9y,no,yes,no
6594,43,36-45,services,divorced,high.school,no,no,no
6595,29,26-35,admin.,married,high.school,unknown,no,no
6596,30,26-35,services,married,basic.6y,no,yes,no
6597,34,26-35,self-employed,divorced,university.degree,no,yes,no
6598,47,46-55,retired,single,basic.6y,unknown,yes,no
6599,27,26-35,blue-collar,single,basic.9y,no,unknown,unknown
6600,51,46-55,admin.,married,university.degree,no,no,yes
6601,32,26-35,unemployed,married,high.school,unknown,yes,no
6602,47,46-55,management,married,basic.4y,no,yes,no
6603,46,46-55,blue-collar,single,basic.6y,unknown,yes,yes
6604,52,46-55,services,married,high.school,unknown,no,no
6605,57,56-65,retired,married,university.degree,no,yes,yes
6606,36,36-45,admin.,single,high.school,unknown,yes,yes
6607,49,46-55,blue-collar,divorced,basic.6y,unknown,yes,no
6608,54,46-55,blue-collar,single,unknown,no,no,no
6609,41,36-45,housemaid,single,basic.4y,unknown,yes,no
6610,45,36-45,unemployed,married,high.school,no,yes,no
6611,47,46-55,retired,single,basic.6y,unknown,no,no
6612,50,46-55,blue-collar,married,professional.course,unknown,yes,no
6613,46,46-55,blue-collar,single,basic.6y,unknown,no,yes
6614,27,26-35,admin.,married,basic.9y,unknown,yes,yes
6615,47,46-55,retired,single,basic.6y,unknown,yes,yes
6616,34,26-35,blue-collar,single,professional.course,no,no,yes
6617,28,26-35,admin.,single,basic.9y,no,yes,no
6618,52,46-55,blue-collar,married,unknown,no,no,yes
6619,44,36-45,unemployed,married,high.school,no,yes,no
6620,55,46-55,management,single,unknown,no,no,yes
6621,46,46-55,blue-collar,married,basic.9y,unknown,yes,yes
6622,31,26-35,blue-collar,married,high.school,no,no,yes
6623,51,46-55,housemaid,married,basic.4y,no,yes,no
6624,51,46-55,housemaid,married,university.degree,no,no,no
6625,36,36-45,technician,divorced,professional.course,no,yes,yes
6626,32,26-35,management,married,professional.course,unknown,no,no
6627,48,46-55,blue-collar,divorced,high.school,unknown,no,yes
6628,23,18-25,blue-collar,single,high.school,unknown,yes,no
6629,35,26-35,admin.,divorced,high.school,no,yes,yes
6630,42,36-45,housemaid,married,high.school,no,yes,no
6631,57,56-65,blue-collar,married,basic.4y,no,yes,no
6632,35,26-35,management,single,university.degree,no,no,no
6633,28,26-35,student,single,high.school,no,yes,no
6634,44,36-45,entrepreneur,married,high.school,no,no,no
6635,26,26-35,technician,single,high.school,no,yes,yes
6636,59,56-65,blue-collar,divorced,basic.4y,unknown,no,yes
6637,29,26-35,entrepreneur,single,basic.9y,no,no,no
6638,54,46-55,admin.,married,basic.9y,no,no,yes
6639,47,46-55,self-employed,married,basic.9y,unknown,yes,no
6640,46,46-55,blue-collar,single,basic.6y,unknown,no,no
6641,59,56-65,blue-collar,divorced,basic.4y,unknown,yes,no
6642,57,56-65,blue-collar,married,basic.9y,unknown,yes,no
6643,42,36-45,services,married,basic.6y,no,no,no
6644,28,26-35,blue-collar,married,basic.9y,unknown,yes,yes
6645,28,26-35,blue-collar,single,basic.4y,unknown,no,no
6646,44,36-45,services,divorced,basic.9y,no,no,no
6647,35,26-35,blue-collar,single,basic.9y,unknown,yes,no
6648,45,36-45,blue-collar,single,basic.4y,unknown,yes,yes
6649,38,36-45,retired,single,basic.6y,unknown,no,no
6650,50,46-55,technician,single,university.degree,no,yes,no
6651,25,18-25,management,single,university.degree,no,no,no
6652,35,26-35,admin.,divorced,high.school,unknown,no,no
6653,50,46-55,technician,single,university.degree,no,no,no
6654,55,46-55,blue-collar,married,illiterate,no,yes,no
6655,26,26-35,services,single,basic.6y,no,no,no
6656,51,46-55,retired,married,university.degree,unknown,no,no
6657,37,36-45,housemaid,married,basic.4y,no,no,no
6658,35,26-35,admin.,married,basic.9y,no,yes,no
6659,48,46-55,blue-collar,married,basic.9y,no,unknown,unknown
6660,32,26-35,blue-collar,single,basic.6y,unknown,unknown,unknown
6661,32,26-35,management,divorced,university.degree,no,no,no
6662,42,36-45,self-employed,divorced,basic.6y,unknown,yes,no
6663,35,26-35,blue-collar,single,basic.9y,no,no,yes
6664,57,56-65,blue-collar,married,basic.9y,unknown,no,no
6665,48,46-55,admin.,single,university.degree,no,yes,yes
6666,34,26-35,services,divorced,high.school,no,no,yes
6667,32,26-35,housemaid,single,university.degree,unknown,yes,no
6668,54,46-55,retired,married,basic.4y,no,yes,yes
6669,30,26-35,entrepreneur,single,high.school,no,yes,no
6670,30,26-35,blue-collar,divorced,basic.6y,no,no,no
6671,57,56-65,self-employed,married,professional.course,no,yes,no
6672,34,26-35,services,divorced,high.school,no,yes,no
6673,55,46-55,blue-collar,married,illiterate,no,no,no
6674,36,36-45,self-employed,divorced,professional.course,unknown,yes,yes
6675,30,26-35,entrepreneur,single,high.school,no,no,yes
6676,53,46-55,blue-collar,married,basic.6y,no,yes,yes
6677,25,18-25,entrepreneur,single,university.degree,no,no,yes
6678,38,36-45,services,single,university.degree,no,no,no
6679,29,26-35,entrepreneur,married,basic.4y,no,no,no
6680,28,26-35,admin.,married,high.school,unknown,no,no
6681,33,26-35,admin.,married,high.school,unknown,no,no
6682,57,56-65,blue-collar,divorced,basic.6y,unknown,yes,no
6683,27,26-35,services,single,high.school,no,unknown,unknown
6684,45,36-45,services,married,basic.4y,no,no,no
6685,39,36-45,blue-collar,married,unknown,unknown,yes,no
6686,24,18-25,entrepreneur,single,university.degree,no,yes,no
6687,24,18-25,blue-collar,single,basic.9y,unknown,yes,no
6688,39,36-45,blue-collar,married,unknown,unknown,yes,yes
6689,48,46-55,unemployed,married,university.degree,no,yes,yes
6690,40,36-45,blue-collar,single,basic.4y,no,no,no
6691,37,36-45,services,married,high.school,no,no,yes
6692,37,36-45,admin.,single,university.degree,unknown,no,yes
6693,34,26-35,management,divorced,university.degree,no,no,yes
6694,53,46-55,technician,divorced,high.school,no,yes,no
6695,38,36-45,admin.,divorced,university.degree,no,no,yes
6696,57,56-65,blue-collar,married,unknown,no,no,no
6697,48,46-55,unemployed,married,university.degree,no,no,no
6698,45,36-45,retired,divorced,university.degree,no,yes,no
6699,33,26-35,housemaid,married,basic.9y,no,no,no
6700,49,46-55,blue-collar,divorced,basic.4y,unknown,yes,no
6701,47,46-55,admin.,married,basic.6y,no,unknown,unknown
6702,56,56-65,housemaid,married,basic.4y,unknown,no,no
6703,47,46-55,admin.,married,basic.6y,no,yes,no
6704,23,18-25,student,single,high.school,unknown,unknown,unknown
6705,36,36-45,admin.,single,basic.9y,no,yes,no
6706,35,26-35,blue-collar,married,basic.6y,no,no,yes
6707,26,26-35,admin.,married,basic.9y,no,no,no
6708,35,26-35,housemaid,married,basic.9y,no,no,no
6709,40,36-45,admin.,divorced,high.school,no,yes,no
6710,30,26-35,services,single,high.school,no,no,yes
6711,32,26-35,services,single,unknown,unknown,yes,no
6712,32,26-35,services,single,unknown,unknown,no,no
6713,28,26-35,admin.,married,high.school,unknown,yes,yes
6714,29,26-35,management,single,high.school,no,no,yes
6715,50,46-55,admin.,married,professional.course,no,no,no
6716,26,26-35,technician,divorced,professional.course,no,no,yes
6717,26,26-35,technician,divorced,professional.course,no,yes,no
6718,32,26-35,technician,single,professional.course,no,no,yes
6719,25,18-25,blue-collar,married,high.school,unknown,yes,no
6720,38,36-45,admin.,single,high.school,no,no,yes
6721,39,36-45,housemaid,single,university.degree,unknown,no,no
6722,52,46-55,blue-collar,divorced,unknown,no,no,no
6723,23,18-25,technician,single,university.degree,no,yes,yes
6724,33,26-35,unemployed,single,unknown,no,no,no
6725,52,46-55,housemaid,married,basic.4y,no,yes,yes
6726,39,36-45,admin.,divorced,high.school,no,yes,no
6727,36,36-45,housemaid,single,high.school,no,yes,no
6728,51,46-55,admin.,divorced,professional.course,no,yes,no
6729,57,56-65,blue-collar,divorced,basic.6y,unknown,yes,yes
6730,47,46-55,housemaid,married,basic.4y,unknown,yes,no
6731,30,26-35,management,divorced,basic.4y,no,yes,no
6732,48,46-55,unemployed,married,university.degree,no,yes,no
6733,34,26-35,technician,divorced,basic.6y,no,yes,no
6734,36,36-45,services,single,high.school,no,no,yes
6735,32,26-35,management,divorced,university.degree,no,yes,no
6736,36,36-45,admin.,single,basic.9y,no,no,yes
6737,37,36-45,admin.,single,university.degree,unknown,no,no
6738,25,18-25,entrepreneur,single,university.degree,no,no,no
6739,43,36-45,blue-collar,married,basic.6y,no,no,yes
6740,28,26-35,blue-collar,single,basic.6y,unknown,no,no
6741,58,56-65,admin.,married,university.degree,no,yes,no
6742,39,36-45,blue-collar,married,basic.4y,unknown,yes,yes
6743,32,26-35,blue-collar,divorced,basic.9y,no,yes,no
6744,32,26-35,services,single,unknown,unknown,yes,yes
6745,32,26-35,blue-collar,single,basic.6y,no,unknown,unknown
6746,25,18-25,blue-collar,married,high.school,unknown,no,no
6747,30,26-35,blue-collar,divorced,high.school,no,no,no
6748,45,36-45,blue-collar,single,basic.4y,unknown,yes,no
6749,56,56-65,unknown,divorced,basic.4y,no,no,no
6750,46,46-55,housemaid,single,university.degree,unknown,no,yes
6751,28,26-35,technician,single,high.school,no,yes,no
6752,48,46-55,admin.,divorced,basic.9y,no,no,no
6753,27,26-35,blue-collar,single,high.school,no,unknown,unknown
6754,34,26-35,management,married,high.school,no,yes,no
6755,55,46-55,retired,married,basic.4y,unknown,no,yes
6756,51,46-55,technician,divorced,high.school,no,no,no
6757,40,36-45,admin.,divorced,high.school,no,no,yes
6758,56,56-65,admin.,married,basic.4y,no,yes,no
6759,33,26-35,blue-collar,married,high.school,unknown,yes,no
6760,57,56-65,blue-collar,divorced,basic.6y,unknown,no,no
6761,48,46-55,unemployed,married,basic.4y,unknown,no,no
6762,44,36-45,services,divorced,basic.9y,no,yes,no
6763,53,46-55,blue-collar,divorced,unknown,no,yes,no
6764,37,36-45,entrepreneur,divorced,high.school,unknown,yes,no
6765,58,56-65,management,divorced,university.degree,no,yes,no
6766,56,56-65,admin.,married,high.school,unknown,yes,no
6767,33,26-35,admin.,single,unknown,no,no,yes
6768,38,36-45,self-employed,married,professional.course,no,no,no
6769,27,26-35,services,single,professional.course,no,unknown,unknown
6770,29,26-35,student,married,university.degree,no,yes,no
6771,33,26-35,blue-collar,divorced,basic.9y,unknown,yes,yes
6772,49,46-55,blue-collar,married,basic.6y,unknown,no,no
6773,26,26-35,technician,single,professional.course,no,unknown,unknown
6774,37,36-45,entrepreneur,divorced,high.school,unknown,no,no
6775,37,36-45,technician,single,university.degree,unknown,yes,no
6776,31,26-35,admin.,married,university.degree,no,yes,yes
6777,30,26-35,blue-collar,married,unknown,no,yes,no
6778,43,36-45,housemaid,married,basic.9y,unknown,no,no
6779,43,36-45,blue-collar,single,basic.6y,no,yes,yes
6780,49,46-55,blue-collar,divorced,unknown,unknown,no,no
6781,49,46-55,blue-collar,divorced,unknown,unknown,yes,no
6782,39,36-45,technician,married,unknown,no,yes,no
6783,28,26-35,admin.,married,basic.9y,unknown,no,no
6784,29,26-35,technician,divorced,high.school,no,no,no
6785,39,36-45,technician,married,high.school,unknown,no,no
6786,45,36-45,unknown,unknown,unknown,no,yes,yes
6787,45,36-45,unknown,unknown,unknown,no,yes,no
6788,55,46-55,management,married,basic.9y,no,yes,no
6789,29,26-35,services,married,unknown,no,yes,yes
6790,45,36-45,management,married,high.school,unknown,no,no
6791,58,56-65,retired,divorced,basic.4y,unknown,no,no
6792,56,56-65,admin.,married,high.school,unknown,no,no
6793,49,46-55,retired,married,high.school,no,yes,no
6794,23,18-25,blue-collar,single,high.school,no,yes,no
6795,47,46-55,blue-collar,single,basic.9y,unknown,yes,no
6796,24,18-25,blue-collar,divorced,high.school,no,yes,no
6797,41,36-45,blue-collar,single,basic.6y,no,yes,no
6798,37,36-45,services,divorced,basic.9y,no,no,no
6799,37,36-45,services,divorced,basic.9y,no,yes,no
6800,31,26-35,unemployed,single,high.school,no,yes,yes
6801,31,26-35,unemployed,single,high.school,no,yes,no
6802,50,46-55,retired,married,basic.4y,no,no,no
6803,50,46-55,retired,married,basic.4y,no,unknown,unknown
6804,42,36-45,technician,married,high.school,unknown,yes,no
6805,47,46-55,technician,divorced,professional.course,no,yes,no
6806,29,26-35,self-employed,single,university.degree,no,yes,no
6807,55,46-55,housemaid,married,university.degree,no,no,no
6808,21,18-25,admin.,single,high.school,no,yes,no
6809,34,26-35,admin.,married,high.school,unknown,no,no
6810,46,46-55,blue-collar,single,basic.4y,unknown,yes,no
6811,49,46-55,management,single,basic.4y,unknown,yes,no
6812,25,18-25,services,married,basic.9y,no,no,no
6813,26,26-35,technician,married,basic.9y,unknown,yes,no
6814,25,18-25,management,married,basic.6y,no,no,no
6815,43,36-45,blue-collar,single,basic.6y,no,no,no
6816,43,36-45,technician,married,high.school,no,no,no
6817,21,18-25,services,single,high.school,no,yes,no
6818,33,26-35,entrepreneur,married,professional.course,no,yes,no
6819,43,36-45,blue-collar,single,basic.6y,no,yes,no
6820,59,56-65,retired,married,university.degree,unknown,yes,yes
6821,27,26-35,housemaid,single,high.school,no,no,no
6822,34,26-35,blue-collar,single,basic.6y,no,unknown,unknown
6823,35,26-35,blue-collar,single,high.school,unknown,yes,no
6824,29,26-35,technician,divorced,high.school,no,yes,no
6825,35,26-35,student,married,basic.9y,no,no,no
6826,58,56-65,admin.,divorced,basic.9y,no,no,no
6827,47,46-55,technician,married,unknown,unknown,yes,no
6828,42,36-45,technician,married,high.school,unknown,no,no
6829,33,26-35,management,married,basic.6y,no,no,no
6830,26,26-35,technician,single,professional.course,no,no,yes
6831,46,46-55,management,divorced,basic.4y,no,no,no
6832,28,26-35,services,married,basic.9y,no,no,no
6833,24,18-25,management,married,basic.9y,no,no,no
6834,43,36-45,technician,married,basic.9y,no,no,yes
6835,23,18-25,blue-collar,single,unknown,unknown,no,no
6836,55,46-55,admin.,single,high.school,no,no,yes
6837,32,26-35,admin.,single,basic.9y,no,no,no
6838,23,18-25,retired,single,professional.course,no,yes,no
6839,28,26-35,self-employed,single,high.school,no,no,no
6840,30,26-35,admin.,married,basic.6y,no,yes,yes
6841,24,18-25,student,single,university.degree,unknown,yes,no
6842,26,26-35,technician,single,university.degree,no,yes,no
6843,30,26-35,admin.,married,basic.6y,no,yes,no
6844,25,18-25,blue-collar,married,basic.4y,no,yes,no
6845,35,26-35,entrepreneur,single,university.degree,no,no,no
6846,35,26-35,unemployed,married,high.school,no,no,yes
6847,25,18-25,blue-collar,married,basic.4y,no,no,yes
6848,26,26-35,technician,divorced,unknown,unknown,no,no
6849,40,36-45,services,married,basic.9y,no,yes,no
6850,49,46-55,services,single,high.school,no,yes,yes
6851,49,46-55,self-employed,married,university.degree,no,no,no
6852,40,36-45,services,married,basic.9y,no,no,no
6853,35,26-35,blue-collar,single,high.school,unknown,no,no
6854,48,46-55,admin.,married,high.school,unknown,yes,yes
6855,45,36-45,admin.,single,university.degree,no,yes,no
6856,49,46-55,technician,divorced,high.school,no,no,no
6857,31,26-35,services,single,basic.9y,no,yes,no
6858,49,46-55,services,single,high.school,no,yes,no
6859,31,26-35,student,single,university.degree,no,no,no
6860,31,26-35,student,single,university.degree,no,yes,no
6861,49,46-55,technician,divorced,high.school,no,yes,no
6862,32,26-35,entrepreneur,married,basic.9y,no,yes,no
6863,43,36-45,technician,married,basic.9y,no,yes,no
6864,26,26-35,technician,single,high.school,no,no,no
6865,49,46-55,self-employed,married,basic.9y,unknown,yes,no
6866,31,26-35,self-employed,divorced,university.degree,no,unknown,unknown
6867,49,46-55,admin.,single,university.degree,no,yes,no
6868,24,18-25,technician,single,basic.6y,no,yes,no
6869,42,36-45,entrepreneur,married,basic.4y,unknown,yes,no
6870,41,36-45,entrepreneur,married,professional.course,no,yes,no
6871,33,26-35,management,single,basic.9y,no,yes,no
6872,30,26-35,unemployed,married,professional.course,no,unknown,unknown
6873,39,36-45,admin.,divorced,high.school,no,yes,yes
6874,42,36-45,housemaid,married,basic.9y,no,yes,no
6875,30,26-35,entrepreneur,single,university.degree,no,yes,no
6876,59,56-65,retired,single,high.school,no,yes,no
6877,24,18-25,admin.,single,high.school,unknown,unknown,unknown
6878,24,18-25,admin.,single,high.school,unknown,yes,no
6879,30,26-35,technician,married,basic.9y,no,no,yes
6880,24,18-25,admin.,single,high.school,unknown,yes,yes
6881,29,26-35,unemployed,married,university.degree,no,yes,no
6882,42,36-45,housemaid,married,basic.9y,no,yes,yes
6883,29,26-35,unemployed,married,university.degree,no,no,no
6884,23,18-25,management,single,university.degree,no,no,yes
6885,23,18-25,management,single,university.degree,no,yes,no
6886,27,26-35,unemployed,single,university.degree,no,yes,yes
6887,41,36-45,entrepreneur,divorced,basic.9y,no,yes,yes
6888,41,36-45,entrepreneur,divorced,basic.9y,no,yes,no
6889,34,26-35,blue-collar,married,basic.4y,unknown,yes,yes
6890,38,36-45,management,married,university.degree,no,yes,yes
6891,23,18-25,management,single,university.degree,no,no,no
6892,39,36-45,housemaid,divorced,basic.9y,no,no,no
6893,33,26-35,technician,divorced,university.degree,no,yes,yes
6894,34,26-35,admin.,unknown,university.degree,no,yes,no
6895,27,26-35,student,single,university.degree,no,unknown,unknown
6896,45,36-45,services,married,basic.9y,unknown,yes,no
6897,45,36-45,services,married,basic.9y,unknown,yes,yes
6898,45,36-45,services,married,basic.9y,unknown,no,yes
6899,29,26-35,technician,married,high.school,unknown,no,no
6900,32,26-35,self-employed,single,university.degree,no,yes,no
6901,50,46-55,entrepreneur,married,basic.4y,unknown,no,no
6902,50,46-55,blue-collar,single,basic.4y,unknown,yes,no
6903,23,18-25,management,single,university.degree,no,yes,yes
6904,41,36-45,blue-collar,divorced,high.school,no,yes,no
6905,25,18-25,blue-collar,married,basic.4y,no,yes,yes
6906,40,36-45,housemaid,divorced,high.school,unknown,yes,yes
6907,57,56-65,entrepreneur,married,unknown,unknown,no,no
6908,29,26-35,unemployed,married,university.degree,no,unknown,unknown
6909,24,18-25,technician,single,basic.6y,no,yes,yes
6910,32,26-35,management,divorced,university.degree,unknown,yes,no
6911,56,56-65,admin.,divorced,basic.6y,no,no,yes
6912,26,26-35,housemaid,married,basic.4y,no,no,no
6913,49,46-55,blue-collar,single,basic.6y,unknown,yes,no
6914,55,46-55,housemaid,divorced,unknown,unknown,no,no
6915,26,26-35,housemaid,married,basic.4y,no,yes,no
6916,40,36-45,housemaid,divorced,high.school,unknown,no,yes
6917,28,26-35,admin.,single,basic.9y,unknown,no,no
6918,31,26-35,self-employed,unknown,professional.course,no,no,yes
6919,25,18-25,admin.,single,university.degree,no,yes,no
6920,52,46-55,blue-collar,divorced,basic.4y,unknown,no,no
6921,33,26-35,management,married,university.degree,no,yes,yes
6922,28,26-35,blue-collar,single,unknown,no,no,no
6923,50,46-55,admin.,divorced,university.degree,no,yes,no
6924,28,26-35,blue-collar,single,unknown,no,yes,no
6925,56,56-65,admin.,divorced,basic.6y,no,no,no
6926,31,26-35,technician,married,basic.9y,no,no,yes
6927,24,18-25,services,single,basic.9y,unknown,yes,no
6928,25,18-25,blue-collar,married,basic.6y,unknown,no,no
6929,31,26-35,self-employed,divorced,university.degree,no,yes,no
6930,43,36-45,admin.,married,basic.9y,unknown,no,no
6931,25,18-25,blue-collar,married,basic.6y,unknown,yes,no
6932,35,26-35,unknown,single,high.school,unknown,yes,no
6933,27,26-35,blue-collar,divorced,unknown,no,no,no
6934,37,36-45,blue-collar,single,basic.4y,no,no,yes
6935,45,36-45,admin.,divorced,university.degree,no,yes,no
6936,42,36-45,self-employed,single,professional.course,no,yes,no
6937,25,18-25,services,single,basic.6y,unknown,yes,no
6938,25,18-25,services,single,basic.6y,unknown,no,no
6939,23,18-25,technician,married,professional.course,no,no,no
6940,57,56-65,technician,married,basic.9y,unknown,yes,yes
6941,32,26-35,admin.,single,basic.9y,no,yes,no
6942,50,46-55,entrepreneur,married,basic.4y,unknown,yes,no
6943,38,36-45,entrepreneur,married,basic.6y,unknown,no,no
6944,38,36-45,services,divorced,high.school,no,yes,no
6945,24,18-25,technician,single,basic.6y,no,no,no
6946,48,46-55,unemployed,married,basic.4y,unknown,yes,no
6947,35,26-35,unemployed,divorced,basic.9y,no,no,no
6948,24,18-25,admin.,single,high.school,unknown,no,no
6949,31,26-35,self-employed,unknown,professional.course,no,no,no
6950,52,46-55,housemaid,single,university.degree,no,no,no
6951,57,56-65,admin.,married,high.school,no,no,no
6952,39,36-45,admin.,married,high.school,unknown,no,yes
6953,22,18-25,admin.,single,high.school,no,yes,no
6954,53,46-55,services,divorced,basic.9y,no,yes,no
6955,22,18-25,blue-collar,single,basic.6y,no,no,no
6956,32,26-35,self-employed,married,university.degree,unknown,no,no
6957,39,36-45,housemaid,married,basic.6y,no,yes,no
6958,31,26-35,blue-collar,single,basic.9y,no,yes,yes
6959,37,36-45,management,married,university.degree,no,no,yes
6960,53,46-55,management,married,high.school,no,no,no
6961,42,36-45,entrepreneur,married,university.degree,unknown,no,no
6962,31,26-35,self-employed,single,university.degree,no,yes,no
6963,51,46-55,housemaid,married,high.school,unknown,yes,yes
6964,53,46-55,services,divorced,basic.9y,no,no,no
6965,40,36-45,services,divorced,basic.9y,no,yes,no
6966,57,56-65,blue-collar,married,high.school,unknown,yes,no
6967,32,26-35,blue-collar,single,basic.9y,unknown,yes,no
6968,32,26-35,blue-collar,single,basic.9y,unknown,unknown,unknown
6969,29,26-35,management,single,basic.9y,no,yes,no
6970,52,46-55,retired,married,basic.4y,unknown,yes,no
6971,56,56-65,admin.,married,university.degree,no,yes,yes
6972,37,36-45,entrepreneur,single,professional.course,no,no,no
6973,29,26-35,management,single,basic.9y,no,no,yes
6974,29,26-35,technician,single,professional.course,no,yes,no
6975,53,46-55,blue-collar,married,basic.4y,unknown,yes,yes
6976,50,46-55,self-employed,married,basic.9y,no,no,no
6977,45,36-45,blue-collar,divorced,basic.4y,unknown,yes,no
6978,31,26-35,services,divorced,high.school,unknown,yes,no
6979,24,18-25,blue-collar,single,high.school,no,no,no
6980,56,56-65,admin.,married,university.degree,no,no,yes
6981,30,26-35,unemployed,divorced,high.school,no,no,no
6982,28,26-35,services,divorced,high.school,unknown,no,yes
6983,31,26-35,technician,single,unknown,no,unknown,unknown
6984,37,36-45,blue-collar,divorced,basic.9y,no,yes,no
6985,22,18-25,blue-collar,single,basic.9y,no,no,no
6986,56,56-65,admin.,married,university.degree,no,unknown,unknown
6987,56,56-65,admin.,married,university.degree,no,yes,no
6988,41,36-45,self-employed,married,basic.9y,unknown,no,no
6989,29,26-35,services,single,university.degree,no,yes,no
6990,57,56-65,retired,single,university.degree,no,yes,no
6991,26,26-35,services,single,high.school,unknown,yes,yes
6992,35,26-35,blue-collar,single,basic.4y,no,no,no
6993,22,18-25,blue-collar,single,basic.4y,unknown,yes,no
6994,49,46-55,unemployed,divorced,university.degree,no,yes,yes
6995,26,26-35,blue-collar,married,basic.9y,no,no,yes
6996,44,36-45,services,married,basic.4y,unknown,no,no
6997,45,36-45,housemaid,married,university.degree,unknown,yes,no
6998,45,36-45,housemaid,divorced,basic.4y,unknown,no,no
6999,25,18-25,entrepreneur,single,basic.9y,no,no,no
7000,25,18-25,entrepreneur,single,basic.9y,no,yes,no
7001,37,36-45,entrepreneur,married,basic.9y,unknown,yes,no
7002,36,36-45,housemaid,divorced,basic.4y,unknown,no,no
7003,30,26-35,unemployed,divorced,high.school,no,yes,no
7004,49,46-55,services,divorced,basic.6y,unknown,yes,yes
7005,51,46-55,services,married,basic.4y,no,yes,no
7006,50,46-55,admin.,divorced,high.school,no,yes,no
7007,49,46-55,services,divorced,basic.6y,unknown,no,no
7008,57,56-65,retired,divorced,basic.4y,unknown,no,no
7009,59,56-65,management,married,basic.9y,unknown,yes,no
7010,60,56-65,admin.,divorced,high.school,no,yes,no
7011,31,26-35,technician,divorced,high.school,no,no,no
7012,27,26-35,technician,single,basic.9y,unknown,no,no
7013,53,46-55,self-employed,married,university.degree,unknown,no,no
7014,26,26-35,services,single,high.school,unknown,yes,no
7015,29,26-35,management,single,basic.9y,no,no,no
7016,46,46-55,management,divorced,university.degree,no,yes,no
7017,37,36-45,entrepreneur,single,professional.course,no,yes,no
7018,43,36-45,blue-collar,married,high.school,no,no,no
7019,47,46-55,admin.,single,university.degree,no,no,yes
7020,20,18-25,student,single,university.degree,no,yes,no
7021,33,26-35,entrepreneur,married,basic.6y,no,yes,no
7022,25,18-25,blue-collar,single,basic.6y,no,no,yes
7023,38,36-45,entrepreneur,married,basic.9y,no,no,yes
7024,29,26-35,management,single,basic.9y,no,yes,yes
7025,41,36-45,self-employed,married,basic.9y,unknown,yes,no
7026,25,18-25,technician,single,high.school,no,no,no
7027,39,36-45,blue-collar,single,basic.4y,unknown,yes,no
7028,45,36-45,housemaid,divorced,basic.4y,unknown,yes,no
7029,44,36-45,self-employed,married,high.school,unknown,no,no
7030,60,56-65,admin.,divorced,high.school,no,no,no
7031,44,36-45,services,married,basic.4y,unknown,no,yes
7032,26,26-35,blue-collar,married,basic.9y,no,yes,yes
7033,31,26-35,services,single,university.degree,no,no,yes
7034,32,26-35,entrepreneur,single,university.degree,no,no,no
7035,36,36-45,services,divorced,basic.4y,unknown,no,no
7036,24,18-25,technician,single,unknown,no,no,no
7037,36,36-45,housemaid,single,basic.4y,unknown,no,no
7038,25,18-25,services,single,unknown,no,no,no
7039,31,26-35,blue-collar,single,university.degree,no,no,no
7040,38,36-45,entrepreneur,divorced,university.degree,no,yes,no
7041,29,26-35,admin.,single,university.degree,unknown,yes,no
7042,21,18-25,admin.,married,unknown,no,yes,no
7043,31,26-35,blue-collar,divorced,unknown,no,yes,no
7044,57,56-65,admin.,married,basic.9y,no,no,no
7045,44,36-45,blue-collar,divorced,basic.6y,unknown,no,no
7046,44,36-45,admin.,single,basic.9y,no,no,no
7047,30,26-35,blue-collar,married,basic.4y,unknown,no,no
7048,39,36-45,blue-collar,single,basic.9y,unknown,yes,no
7049,33,26-35,blue-collar,married,unknown,no,yes,no
7050,52,46-55,housemaid,divorced,basic.9y,unknown,no,no
7051,55,46-55,entrepreneur,married,university.degree,no,yes,no
7052,48,46-55,services,divorced,high.school,no,yes,no
7053,60,56-65,retired,married,university.degree,no,yes,no
7054,26,26-35,admin.,divorced,basic.9y,no,no,no
7055,33,26-35,blue-collar,married,unknown,no,no,yes
7056,20,18-25,student,single,high.school,no,yes,no
7057,24,18-25,admin.,single,professional.course,no,yes,no
7058,48,46-55,services,divorced,high.school,no,no,yes
7059,32,26-35,admin.,divorced,basic.9y,no,yes,no
7060,32,26-35,admin.,single,high.school,unknown,no,yes
7061,28,26-35,technician,married,basic.9y,no,unknown,unknown
7062,50,46-55,entrepreneur,married,basic.9y,unknown,no,no
7063,35,26-35,blue-collar,married,basic.4y,unknown,no,yes
7064,27,26-35,self-employed,single,professional.course,no,no,no
7065,38,36-45,blue-collar,divorced,high.school,no,yes,no
7066,40,36-45,self-employed,married,high.school,no,no,no
7067,59,56-65,blue-collar,married,basic.4y,unknown,unknown,unknown
7068,46,46-55,management,single,university.degree,no,yes,no
7069,29,26-35,blue-collar,married,basic.4y,no,yes,yes
7070,25,18-25,admin.,single,basic.9y,no,no,no
7071,36,36-45,services,divorced,high.school,no,yes,no
7072,41,36-45,blue-collar,single,university.degree,no,no,no
7073,46,46-55,blue-collar,single,basic.6y,unknown,yes,no
7074,28,26-35,blue-collar,married,basic.4y,no,yes,no
7075,54,46-55,blue-collar,married,basic.4y,no,yes,yes
7076,53,46-55,entrepreneur,married,university.degree,no,no,no
7077,57,56-65,admin.,married,university.degree,no,no,no
7078,41,36-45,admin.,married,university.degree,no,no,yes
7079,35,26-35,self-employed,divorced,basic.9y,no,no,no
7080,42,36-45,blue-collar,single,high.school,unknown,yes,no
7081,50,46-55,blue-collar,married,basic.4y,no,no,yes
7082,38,36-45,management,married,high.school,no,yes,no
7083,29,26-35,services,single,professional.course,no,yes,no
7084,34,26-35,blue-collar,married,high.school,no,no,yes
7085,36,36-45,technician,married,basic.4y,no,no,no
7086,35,26-35,services,divorced,high.school,unknown,no,yes
7087,60,56-65,admin.,married,high.school,unknown,no,yes
7088,48,46-55,entrepreneur,married,basic.9y,no,no,no
7089,37,36-45,technician,divorced,professional.course,no,no,yes
7090,55,46-55,admin.,married,university.degree,unknown,no,no
7091,46,46-55,services,married,high.school,unknown,no,yes
7092,29,26-35,services,married,high.school,unknown,no,yes
7093,32,26-35,admin.,divorced,basic.9y,no,no,no
7094,45,36-45,admin.,married,university.degree,unknown,no,yes
7095,29,26-35,technician,married,high.school,no,no,no
7096,32,26-35,admin.,single,high.school,unknown,yes,no
7097,44,36-45,admin.,single,basic.9y,no,yes,yes
7098,47,46-55,services,divorced,basic.9y,unknown,no,no
7099,41,36-45,technician,divorced,high.school,no,yes,no
7100,40,36-45,self-employed,married,high.school,no,yes,no
7101,24,18-25,blue-collar,single,basic.9y,no,no,yes
7102,24,18-25,blue-collar,single,basic.9y,no,yes,yes
7103,38,36-45,entrepreneur,married,professional.course,no,yes,no
7104,56,56-65,technician,married,professional.course,no,yes,no
7105,41,36-45,technician,single,university.degree,no,yes,no
7106,43,36-45,blue-collar,married,high.school,unknown,no,no
7107,43,36-45,services,married,high.school,no,yes,yes
7108,19,18-25,student,single,basic.9y,unknown,yes,no
7109,39,36-45,self-employed,married,high.school,no,no,no
7110,48,46-55,services,divorced,high.school,no,no,no
7111,47,46-55,housemaid,divorced,basic.4y,unknown,no,no
7112,32,26-35,services,married,basic.4y,unknown,no,no
7113,22,18-25,blue-collar,single,unknown,unknown,no,no
7114,31,26-35,blue-collar,single,basic.4y,unknown,yes,no
7115,36,36-45,technician,married,unknown,unknown,yes,no
7116,52,46-55,blue-collar,divorced,basic.9y,unknown,yes,yes
7117,32,26-35,services,married,university.degree,no,no,no
7118,33,26-35,admin.,married,basic.9y,no,yes,yes
7119,28,26-35,blue-collar,divorced,basic.9y,no,yes,yes
7120,35,26-35,entrepreneur,single,university.degree,no,yes,no
7121,44,36-45,admin.,single,basic.9y,no,yes,no
7122,48,46-55,blue-collar,married,basic.6y,unknown,yes,yes
7123,23,18-25,services,single,high.school,no,yes,yes
7124,25,18-25,services,single,high.school,no,yes,yes
7125,41,36-45,technician,married,unknown,no,no,no
7126,22,18-25,services,married,high.school,unknown,yes,no
7127,35,26-35,services,married,high.school,no,yes,yes
7128,54,46-55,retired,married,basic.4y,unknown,yes,yes
7129,42,36-45,housemaid,divorced,basic.4y,no,yes,no
7130,56,56-65,blue-collar,married,unknown,unknown,yes,yes
7131,57,56-65,blue-collar,married,professional.course,unknown,yes,no
7132,56,56-65,blue-collar,married,unknown,unknown,no,no
7133,30,26-35,services,single,university.degree,no,yes,no
7134,40,36-45,admin.,single,basic.9y,no,yes,no
7135,40,36-45,admin.,single,basic.9y,no,no,no
7136,44,36-45,management,single,high.school,no,no,no
7137,46,46-55,blue-collar,divorced,basic.9y,unknown,no,no
7138,41,36-45,entrepreneur,divorced,high.school,unknown,yes,no
7139,31,26-35,services,divorced,high.school,no,yes,no
7140,25,18-25,entrepreneur,single,professional.course,no,yes,no
7141,48,46-55,admin.,divorced,university.degree,no,no,yes
7142,30,26-35,management,married,university.degree,no,no,yes
7143,39,36-45,technician,single,professional.course,no,no,yes
7144,35,26-35,services,divorced,high.school,unknown,yes,no
7145,46,46-55,unemployed,married,basic.9y,no,yes,no
7146,22,18-25,blue-collar,single,unknown,unknown,unknown,unknown
7147,22,18-25,student,single,university.degree,no,yes,no
7148,30,26-35,blue-collar,single,basic.9y,no,no,yes
7149,35,26-35,admin.,married,unknown,unknown,yes,no
7150,33,26-35,blue-collar,married,unknown,no,no,no
7151,37,36-45,technician,divorced,professional.course,unknown,yes,no
7152,38,36-45,housemaid,married,unknown,unknown,yes,no
7153,36,36-45,blue-collar,single,basic.6y,unknown,no,no
7154,26,26-35,admin.,single,unknown,no,no,yes
7155,29,26-35,blue-collar,married,unknown,no,no,no
7156,39,36-45,management,married,university.degree,unknown,yes,no
7157,46,46-55,housemaid,married,basic.4y,unknown,yes,no
7158,25,18-25,housemaid,single,basic.9y,no,yes,no
7159,32,26-35,blue-collar,married,basic.4y,unknown,yes,yes
7160,33,26-35,blue-collar,married,basic.6y,unknown,no,yes
7161,29,26-35,retired,single,basic.4y,unknown,no,no
7162,51,46-55,technician,married,basic.6y,no,yes,no
7163,37,36-45,management,married,unknown,no,yes,no
7164,53,46-55,retired,divorced,basic.4y,unknown,no,yes
7165,37,36-45,admin.,single,high.school,unknown,no,no
7166,38,36-45,blue-collar,divorced,basic.4y,no,yes,no
7167,44,36-45,blue-collar,married,professional.course,unknown,no,no
7168,30,26-35,unemployed,married,high.school,no,yes,no
7169,48,46-55,technician,single,high.school,no,no,yes
7170,30,26-35,services,single,high.school,unknown,yes,no
7171,54,46-55,retired,divorced,university.degree,no,yes,no
7172,28,26-35,technician,married,professional.course,no,no,no
7173,35,26-35,admin.,divorced,high.school,no,unknown,unknown
7174,31,26-35,blue-collar,married,professional.course,no,yes,no
7175,56,56-65,entrepreneur,married,university.degree,unknown,no,yes
7176,29,26-35,technician,married,professional.course,no,yes,yes
7177,38,36-45,self-employed,single,unknown,no,yes,no
7178,59,56-65,retired,married,basic.4y,no,no,no
7179,22,18-25,blue-collar,single,basic.6y,unknown,yes,no
7180,24,18-25,blue-collar,married,professional.course,no,no,no
7181,35,26-35,blue-collar,divorced,basic.4y,no,yes,no
7182,46,46-55,housemaid,divorced,basic.4y,unknown,yes,no
7183,27,26-35,admin.,single,university.degree,unknown,yes,yes
7184,46,46-55,housemaid,divorced,basic.4y,unknown,no,yes
7185,35,26-35,blue-collar,married,unknown,unknown,yes,no
7186,35,26-35,blue-collar,married,unknown,unknown,no,no
7187,39,36-45,blue-collar,single,high.school,unknown,yes,no
7188,32,26-35,technician,single,unknown,no,yes,no
7189,60,56-65,retired,married,basic.6y,no,no,no
7190,59,56-65,retired,married,basic.6y,no,yes,no
7191,35,26-35,services,single,high.school,unknown,no,no
7192,35,26-35,services,single,high.school,unknown,yes,yes
7193,26,26-35,blue-collar,married,basic.4y,unknown,no,no
7194,38,36-45,self-employed,single,unknown,no,no,no
7195,37,36-45,admin.,single,unknown,no,no,no
7196,48,46-55,blue-collar,single,basic.4y,no,no,yes
7197,24,18-25,blue-collar,single,basic.6y,no,no,no
7198,55,46-55,admin.,married,unknown,no,yes,yes
7199,30,26-35,admin.,single,university.degree,no,no,yes
7200,37,36-45,blue-collar,married,high.school,unknown,yes,no
7201,41,36-45,management,single,university.degree,no,no,no
7202,26,26-35,blue-collar,single,basic.6y,unknown,no,no
7203,38,36-45,housemaid,married,basic.4y,unknown,no,no
7204,44,36-45,blue-collar,married,basic.6y,unknown,yes,yes
7205,32,26-35,blue-collar,married,basic.4y,no,no,yes
7206,31,26-35,self-employed,single,high.school,no,yes,no
7207,56,56-65,admin.,married,unknown,unknown,no,no
7208,35,26-35,services,divorced,university.degree,no,no,yes
7209,30,26-35,management,single,high.school,no,no,no
7210,35,26-35,services,divorced,basic.9y,no,yes,no
7211,49,46-55,admin.,married,basic.9y,no,yes,no
7212,46,46-55,technician,married,basic.9y,unknown,yes,no
7213,32,26-35,admin.,married,basic.9y,no,yes,no
7214,58,56-65,retired,married,basic.4y,no,no,yes
7215,36,36-45,services,divorced,professional.course,no,yes,no
7216,26,26-35,blue-collar,single,basic.6y,unknown,yes,no
7217,35,26-35,blue-collar,married,university.degree,no,unknown,unknown
7218,46,46-55,self-employed,married,university.degree,no,no,yes
7219,55,46-55,entrepreneur,divorced,unknown,no,no,no
7220,53,46-55,technician,divorced,professional.course,no,yes,yes
7221,35,26-35,services,divorced,university.degree,no,yes,no
7222,48,46-55,entrepreneur,single,university.degree,no,yes,no
7223,31,26-35,self-employed,single,high.school,no,no,no
7224,31,26-35,self-employed,single,high.school,no,no,yes
7225,45,36-45,entrepreneur,divorced,professional.course,no,yes,no
7226,35,26-35,blue-collar,divorced,unknown,no,yes,no
7227,27,26-35,blue-collar,single,basic.6y,no,no,yes
7228,36,36-45,admin.,single,unknown,no,no,no
7229,49,46-55,unemployed,married,basic.4y,unknown,yes,yes
7230,51,46-55,entrepreneur,married,university.degree,unknown,yes,yes
7231,41,36-45,blue-collar,married,unknown,unknown,yes,yes
7232,49,46-55,unemployed,married,basic.4y,unknown,yes,no
7233,46,46-55,unemployed,married,professional.course,no,no,no
7234,27,26-35,admin.,single,university.degree,unknown,no,no
7235,53,46-55,admin.,single,unknown,unknown,no,no
7236,35,26-35,blue-collar,divorced,basic.4y,no,no,yes
7237,51,46-55,housemaid,married,basic.9y,no,yes,no
7238,38,36-45,housemaid,married,basic.4y,unknown,yes,no
7239,48,46-55,technician,single,professional.course,unknown,yes,no
7240,27,26-35,admin.,single,university.degree,unknown,yes,no
7241,37,36-45,student,single,unknown,no,yes,no
7242,35,26-35,admin.,married,university.degree,unknown,no,no
7243,41,36-45,blue-collar,divorced,unknown,no,yes,no
7244,26,26-35,services,married,high.school,no,yes,no
7245,24,18-25,admin.,single,high.school,no,unknown,unknown
7246,43,36-45,services,divorced,unknown,unknown,yes,yes
7247,49,46-55,services,divorced,high.school,unknown,yes,no
7248,49,46-55,admin.,married,basic.9y,no,yes,yes
7249,43,36-45,entrepreneur,married,university.degree,unknown,yes,no
7250,25,18-25,services,single,unknown,no,yes,no
7251,29,26-35,management,married,university.degree,no,yes,no
7252,53,46-55,management,married,university.degree,no,no,no
7253,48,46-55,housemaid,divorced,basic.4y,no,yes,no
7254,27,26-35,technician,married,university.degree,no,yes,no
7255,37,36-45,blue-collar,divorced,professional.course,no,no,no
7256,27,26-35,admin.,single,university.degree,unknown,no,yes
7257,60,56-65,housemaid,married,illiterate,unknown,yes,no
7258,43,36-45,services,divorced,unknown,unknown,yes,no
7259,33,26-35,services,single,high.school,unknown,yes,no
7260,37,36-45,services,single,high.school,no,no,yes
7261,48,46-55,entrepreneur,single,university.degree,no,no,yes
7262,38,36-45,self-employed,single,unknown,no,yes,yes
7263,27,26-35,blue-collar,single,unknown,no,unknown,unknown
7264,34,26-35,blue-collar,married,unknown,no,no,yes
7265,47,46-55,blue-collar,single,unknown,unknown,yes,no
7266,33,26-35,blue-collar,married,basic.6y,no,no,yes
7267,41,36-45,services,single,unknown,unknown,no,no
7268,48,46-55,entrepreneur,single,university.degree,no,no,no
7269,29,26-35,blue-collar,single,basic.9y,unknown,yes,no
7270,29,26-35,self-employed,married,university.degree,no,yes,no
7271,24,18-25,blue-collar,single,unknown,no,no,no
7272,20,18-25,services,single,high.school,no,no,no
7273,36,36-45,management,divorced,university.degree,no,yes,no
7274,51,46-55,housemaid,married,basic.9y,no,no,no
7275,24,18-25,admin.,single,high.school,no,no,yes
7276,37,36-45,self-employed,divorced,professional.course,no,yes,no
7277,55,46-55,admin.,married,university.degree,no,yes,no
7278,38,36-45,technician,married,high.school,no,yes,no
7279,22,18-25,services,married,basic.9y,no,yes,no
7280,20,18-25,student,single,high.school,no,yes,yes
7281,57,56-65,technician,divorced,professional.course,no,no,no
7282,35,26-35,housemaid,married,basic.4y,no,yes,no
7283,35,26-35,housemaid,married,basic.4y,no,no,yes
7284,32,26-35,blue-collar,single,basic.9y,no,yes,yes
7285,29,26-35,blue-collar,single,basic.9y,unknown,no,no
7286,35,26-35,services,married,unknown,unknown,yes,yes
7287,29,26-35,blue-collar,single,basic.9y,unknown,yes,yes
7288,53,46-55,admin.,single,unknown,unknown,yes,no
7289,31,26-35,blue-collar,married,unknown,unknown,no,no
7290,27,26-35,blue-collar,single,basic.9y,unknown,no,no
7291,59,56-65,technician,divorced,basic.9y,no,yes,no
7292,24,18-25,services,single,basic.9y,no,no,no
7293,24,18-25,admin.,married,unknown,no,yes,no
7294,21,18-25,services,single,basic.9y,no,yes,no
7295,21,18-25,blue-collar,married,basic.9y,no,no,yes
7296,32,26-35,blue-collar,divorced,basic.6y,unknown,yes,no
7297,42,36-45,housemaid,married,basic.4y,unknown,no,yes
7298,49,46-55,blue-collar,divorced,basic.9y,no,yes,no
7299,35,26-35,admin.,married,professional.course,no,yes,no
7300,41,36-45,blue-collar,single,basic.6y,unknown,no,no
7301,48,46-55,services,married,basic.9y,no,yes,yes
7302,56,56-65,housemaid,single,basic.4y,unknown,no,yes
7303,31,26-35,technician,married,basic.9y,no,no,no
7304,58,56-65,entrepreneur,married,university.degree,no,no,no
7305,58,56-65,entrepreneur,married,university.degree,no,no,yes
7306,32,26-35,self-employed,married,university.degree,no,yes,no
7307,45,36-45,retired,married,basic.4y,no,no,no
7308,24,18-25,services,single,basic.9y,no,yes,no
7309,23,18-25,admin.,single,professional.course,no,no,no
7310,23,18-25,admin.,single,professional.course,no,yes,no
7311,23,18-25,admin.,single,professional.course,no,no,yes
7312,38,36-45,management,divorced,university.degree,no,yes,no
7313,40,36-45,services,married,basic.4y,unknown,yes,no
7314,30,26-35,technician,married,basic.9y,no,yes,no
7315,24,18-25,technician,single,basic.9y,no,yes,no
7316,39,36-45,admin.,married,basic.6y,unknown,yes,no
7317,55,46-55,retired,married,basic.4y,no,yes,no
7318,50,46-55,admin.,married,basic.6y,no,yes,no
7319,55,46-55,retired,married,basic.4y,no,no,no
7320,42,36-45,admin.,married,university.degree,no,unknown,unknown
7321,21,18-25,blue-collar,married,basic.9y,no,yes,no
7322,40,36-45,admin.,divorced,university.degree,no,unknown,unknown
7323,26,26-35,blue-collar,married,unknown,no,yes,no
7324,21,18-25,blue-collar,married,basic.9y,no,no,no
7325,37,36-45,unemployed,single,basic.9y,unknown,yes,yes
7326,44,36-45,management,married,university.degree,no,yes,yes
7327,39,36-45,services,married,unknown,unknown,yes,no
7328,30,26-35,services,single,high.school,no,yes,yes
7329,31,26-35,blue-collar,divorced,basic.9y,unknown,yes,no
7330,37,36-45,unemployed,married,professional.course,unknown,yes,no
7331,48,46-55,services,married,basic.9y,no,yes,no
7332,31,26-35,housemaid,single,high.school,no,yes,yes
7333,38,36-45,technician,married,unknown,no,yes,no
7334,46,46-55,services,married,high.school,no,yes,yes
7335,48,46-55,unknown,married,basic.6y,no,no,no
7336,28,26-35,management,single,university.degree,no,yes,no
7337,57,56-65,admin.,married,basic.9y,no,no,yes
7338,31,26-35,housemaid,single,high.school,no,no,yes
7339,57,56-65,admin.,single,basic.9y,no,yes,no
7340,44,36-45,admin.,married,basic.6y,no,no,no
7341,25,18-25,blue-collar,single,basic.6y,no,no,no
7342,22,18-25,blue-collar,single,high.school,no,yes,no
7343,29,26-35,admin.,divorced,unknown,no,no,no
7344,51,46-55,blue-collar,single,basic.4y,unknown,yes,no
7345,47,46-55,self-employed,single,unknown,no,yes,no
7346,55,46-55,unemployed,married,university.degree,no,yes,no
7347,39,36-45,blue-collar,single,university.degree,no,no,no
7348,28,26-35,admin.,married,university.degree,no,no,yes
7349,53,46-55,services,married,high.school,no,no,yes
7350,26,26-35,student,single,high.school,no,no,yes
7351,25,18-25,technician,single,university.degree,no,no,yes
7352,24,18-25,admin.,married,unknown,no,yes,yes
7353,53,46-55,entrepreneur,divorced,university.degree,no,yes,no
7354,49,46-55,unemployed,married,high.school,no,yes,no
7355,39,36-45,services,married,unknown,unknown,unknown,unknown
7356,56,56-65,retired,married,professional.course,no,no,no
7357,24,18-25,admin.,married,university.degree,no,no,no
7358,27,26-35,management,single,university.degree,no,no,no
7359,49,46-55,self-employed,divorced,university.degree,no,no,yes
7360,40,36-45,admin.,divorced,university.degree,no,no,no
7361,52,46-55,admin.,divorced,university.degree,no,no,yes
7362,30,26-35,blue-collar,married,basic.6y,no,no,yes
7363,49,46-55,self-employed,divorced,university.degree,no,yes,no
7364,26,26-35,admin.,single,university.degree,no,no,yes
7365,49,46-55,unknown,married,university.degree,no,yes,no
7366,34,26-35,blue-collar,married,high.school,unknown,yes,no
7367,29,26-35,blue-collar,married,unknown,no,yes,no
7368,24,18-25,admin.,married,university.degree,no,yes,no
7369,53,46-55,entrepreneur,divorced,university.degree,no,no,no
7370,29,26-35,self-employed,married,professional.course,unknown,no,no
7371,59,56-65,retired,divorced,unknown,no,no,no
7372,27,26-35,services,single,university.degree,no,no,no
7373,31,26-35,blue-collar,single,basic.6y,no,no,no
7374,24,18-25,technician,married,high.school,unknown,no,no
7375,48,46-55,services,married,basic.9y,no,no,no
7376,33,26-35,entrepreneur,married,basic.9y,no,yes,yes
7377,27,26-35,services,single,university.degree,no,unknown,unknown
7378,43,36-45,management,married,unknown,no,yes,no
7379,50,46-55,self-employed,divorced,university.degree,unknown,yes,no
7380,32,26-35,services,single,basic.9y,no,no,no
7381,56,56-65,management,divorced,high.school,no,no,yes
7382,53,46-55,admin.,married,university.degree,unknown,no,yes
7383,35,26-35,entrepreneur,married,university.degree,no,yes,no
7384,53,46-55,services,married,professional.course,no,yes,no
7385,46,46-55,admin.,divorced,high.school,no,no,yes
7386,30,26-35,management,married,university.degree,no,yes,yes
7387,31,26-35,technician,married,basic.9y,no,yes,no
7388,42,36-45,unknown,married,university.degree,no,no,yes
7389,30,26-35,technician,divorced,professional.course,no,no,yes
7390,54,46-55,housemaid,unknown,basic.4y,no,yes,no
7391,25,18-25,services,single,basic.9y,no,no,no
7392,32,26-35,services,divorced,basic.9y,unknown,no,no
7393,57,56-65,blue-collar,married,basic.6y,unknown,yes,no
7394,56,56-65,retired,married,professional.course,no,yes,no
7395,44,36-45,services,married,unknown,no,yes,yes
7396,39,36-45,services,married,unknown,unknown,yes,yes
7397,35,26-35,management,single,unknown,no,yes,yes
7398,39,36-45,housemaid,single,basic.4y,unknown,no,no
7399,23,18-25,services,single,high.school,no,unknown,unknown
7400,52,46-55,housemaid,married,high.school,unknown,yes,no
7401,30,26-35,admin.,divorced,basic.6y,no,no,no
7402,47,46-55,self-employed,married,basic.9y,no,yes,no
7403,60,56-65,self-employed,married,university.degree,no,yes,no
7404,50,46-55,admin.,single,university.degree,no,unknown,unknown
7405,26,26-35,blue-collar,single,basic.4y,no,no,no
7406,36,36-45,services,divorced,high.school,no,no,no
7407,27,26-35,blue-collar,single,basic.9y,unknown,yes,yes
7408,26,26-35,blue-collar,single,professional.course,no,yes,no
7409,58,56-65,technician,married,unknown,unknown,no,no
7410,29,26-35,self-employed,married,professional.course,unknown,yes,yes
7411,24,18-25,admin.,married,university.degree,no,yes,yes
7412,29,26-35,services,single,basic.6y,no,yes,no
7413,58,56-65,blue-collar,married,basic.4y,no,no,yes
7414,42,36-45,entrepreneur,married,university.degree,no,unknown,unknown
7415,52,46-55,retired,married,basic.4y,unknown,unknown,unknown
7416,41,36-45,blue-collar,married,high.school,no,yes,yes
7417,41,36-45,entrepreneur,single,high.school,no,yes,yes
7418,44,36-45,entrepreneur,married,university.degree,unknown,no,yes
7419,51,46-55,technician,married,high.school,no,no,no
7420,43,36-45,housemaid,divorced,basic.6y,unknown,no,yes
7421,27,26-35,services,single,university.degree,no,no,yes
7422,39,36-45,services,divorced,high.school,no,no,yes
7423,50,46-55,management,married,professional.course,no,no,no
7424,35,26-35,management,single,university.degree,unknown,yes,no
7425,41,36-45,entrepreneur,single,high.school,no,no,no
7426,41,36-45,entrepreneur,single,high.school,no,yes,no
7427,55,46-55,entrepreneur,married,university.degree,unknown,no,no
7428,43,36-45,housemaid,divorced,basic.6y,unknown,yes,yes
7429,59,56-65,technician,married,university.degree,unknown,no,yes
7430,54,46-55,services,married,high.school,unknown,no,no
7431,32,26-35,student,single,high.school,no,yes,no
7432,43,36-45,entrepreneur,married,high.school,no,yes,no
7433,54,46-55,services,married,high.school,unknown,no,yes
7434,54,46-55,technician,married,professional.course,unknown,no,yes
7435,59,56-65,technician,married,professional.course,no,no,no
7436,57,56-65,self-employed,married,university.degree,no,yes,yes
7437,57,56-65,self-employed,married,university.degree,no,no,no
7438,33,26-35,technician,single,high.school,no,yes,no
7439,49,46-55,technician,married,basic.4y,no,yes,no
7440,31,26-35,entrepreneur,single,university.degree,no,yes,no
7441,46,46-55,blue-collar,married,high.school,unknown,yes,no
7442,33,26-35,technician,single,basic.9y,no,no,no
7443,54,46-55,technician,married,high.school,unknown,yes,yes
7444,53,46-55,technician,married,basic.9y,no,yes,no
7445,59,56-65,admin.,married,basic.4y,unknown,yes,no
7446,59,56-65,admin.,married,basic.4y,unknown,no,no
7447,54,46-55,services,married,basic.9y,unknown,yes,no
7448,52,46-55,retired,single,basic.9y,no,no,no
7449,54,46-55,technician,married,high.school,unknown,no,no
7450,54,46-55,services,single,basic.9y,no,no,yes
7451,57,56-65,self-employed,married,university.degree,no,no,yes
7452,53,46-55,blue-collar,married,unknown,unknown,unknown,unknown
7453,46,46-55,technician,divorced,university.degree,no,yes,no
7454,36,36-45,management,married,unknown,unknown,yes,no
7455,44,36-45,services,married,high.school,unknown,unknown,unknown
7456,57,56-65,self-employed,married,basic.4y,no,yes,yes
7457,43,36-45,blue-collar,single,basic.9y,no,no,no
7458,52,46-55,services,married,high.school,unknown,yes,yes
7459,45,36-45,admin.,married,unknown,unknown,yes,no
7460,45,36-45,admin.,married,unknown,unknown,no,no
7461,39,36-45,self-employed,single,high.school,no,no,no
7462,34,26-35,services,divorced,high.school,no,no,no
7463,46,46-55,blue-collar,married,unknown,no,no,yes
7464,46,46-55,blue-collar,married,basic.6y,no,yes,yes
7465,57,56-65,blue-collar,married,unknown,no,yes,no
7466,34,26-35,blue-collar,divorced,basic.6y,no,yes,no
7467,53,46-55,blue-collar,married,unknown,no,no,no
7468,53,46-55,unknown,single,unknown,no,yes,no
7469,55,46-55,services,divorced,high.school,no,yes,yes
7470,35,26-35,retired,married,basic.4y,unknown,no,no
7471,53,46-55,blue-collar,married,unknown,no,no,yes
7472,50,46-55,unemployed,married,professional.course,unknown,yes,yes
7473,53,46-55,management,married,unknown,unknown,yes,no
7474,40,36-45,blue-collar,single,professional.course,no,yes,no
7475,55,46-55,blue-collar,married,basic.6y,unknown,unknown,unknown
7476,55,46-55,services,divorced,high.school,no,no,no
7477,40,36-45,entrepreneur,divorced,unknown,no,no,yes
7478,51,46-55,admin.,married,university.degree,unknown,no,no
7479,45,36-45,admin.,divorced,high.school,no,no,no
7480,38,36-45,self-employed,married,university.degree,no,yes,no
7481,53,46-55,retired,married,basic.9y,no,yes,yes
7482,35,26-35,blue-collar,divorced,basic.9y,unknown,yes,no
7483,55,46-55,unknown,married,basic.4y,no,yes,no
7484,21,18-25,unemployed,married,high.school,no,yes,yes
7485,59,56-65,technician,married,basic.4y,unknown,yes,yes
7486,55,46-55,unknown,married,basic.4y,no,no,yes
7487,43,36-45,blue-collar,married,unknown,no,yes,no
7488,34,26-35,admin.,single,unknown,unknown,yes,no
7489,40,36-45,services,married,basic.9y,unknown,yes,no
7490,47,46-55,technician,divorced,high.school,no,no,yes
7491,59,56-65,unknown,married,unknown,no,yes,no
7492,36,36-45,blue-collar,married,basic.6y,unknown,no,yes
7493,54,46-55,technician,married,basic.6y,no,yes,no
7494,50,46-55,management,married,professional.course,no,unknown,unknown
7495,54,46-55,technician,married,basic.6y,no,no,no
7496,56,56-65,management,divorced,university.degree,unknown,no,no
7497,53,46-55,technician,married,unknown,unknown,yes,no
7498,25,18-25,blue-collar,single,basic.9y,no,no,yes
7499,54,46-55,unemployed,married,university.degree,no,yes,no
7500,48,46-55,unemployed,married,basic.6y,no,yes,no
7501,53,46-55,entrepreneur,married,university.degree,no,yes,yes
7502,35,26-35,technician,single,professional.course,no,no,yes
7503,48,46-55,unemployed,married,basic.6y,no,no,no
7504,50,46-55,management,married,basic.9y,no,yes,yes
7505,42,36-45,services,divorced,high.school,no,yes,yes
7506,22,18-25,blue-collar,married,basic.9y,no,yes,no
7507,59,56-65,retired,single,professional.course,unknown,yes,no
7508,31,26-35,services,married,basic.9y,unknown,yes,no
7509,59,56-65,entrepreneur,married,basic.4y,no,yes,no
7510,48,46-55,blue-collar,married,unknown,no,no,no
7511,58,56-65,blue-collar,married,unknown,unknown,yes,no
7512,51,46-55,housemaid,divorced,high.school,no,yes,no
7513,33,26-35,technician,single,basic.9y,no,yes,no
7514,38,36-45,technician,divorced,university.degree,no,yes,no
7515,35,26-35,services,single,basic.9y,no,yes,no
7516,48,46-55,admin.,married,basic.9y,no,yes,no
7517,57,56-65,unemployed,married,university.degree,no,yes,no
7518,56,56-65,unemployed,married,unknown,no,no,no
7519,28,26-35,unemployed,married,university.degree,no,yes,no
7520,34,26-35,technician,divorced,university.degree,no,no,no
7521,54,46-55,retired,single,high.school,no,yes,no
7522,25,18-25,technician,divorced,high.school,no,yes,no
7523,50,46-55,unemployed,married,professional.course,unknown,no,no
7524,59,56-65,unemployed,married,basic.4y,unknown,yes,no
7525,37,36-45,admin.,married,basic.6y,no,yes,yes
7526,37,36-45,technician,married,basic.6y,unknown,no,no
7527,49,46-55,technician,married,professional.course,unknown,no,no
7528,48,46-55,admin.,single,high.school,no,no,no
7529,45,36-45,technician,divorced,unknown,unknown,no,no
7530,43,36-45,entrepreneur,single,university.degree,no,no,yes
7531,60,56-65,retired,married,high.school,unknown,no,no
7532,52,46-55,blue-collar,married,basic.4y,unknown,no,yes
7533,32,26-35,entrepreneur,divorced,university.degree,no,yes,yes
7534,56,56-65,technician,divorced,professional.course,no,yes,no
7535,56,56-65,services,married,high.school,no,yes,yes
7536,50,46-55,technician,married,university.degree,no,no,no
7537,47,46-55,technician,divorced,professional.course,no,no,yes
7538,35,26-35,admin.,single,university.degree,unknown,yes,no
7539,56,56-65,retired,single,professional.course,unknown,yes,no
7540,27,26-35,admin.,married,university.degree,no,no,yes
7541,51,46-55,entrepreneur,married,basic.6y,unknown,no,no
7542,27,26-35,services,single,high.school,no,no,yes
7543,42,36-45,admin.,single,high.school,no,no,yes
7544,55,46-55,technician,married,unknown,no,no,no
7545,42,36-45,blue-collar,single,basic.4y,no,yes,yes
7546,34,26-35,blue-collar,single,unknown,no,no,yes
7547,50,46-55,retired,married,professional.course,no,yes,no
7548,52,46-55,blue-collar,single,unknown,unknown,no,yes
7549,55,46-55,unemployed,married,high.school,no,yes,yes
7550,50,46-55,technician,married,university.degree,no,no,yes
7551,38,36-45,technician,single,unknown,no,yes,no
7552,25,18-25,technician,single,high.school,no,no,yes
7553,42,36-45,blue-collar,single,basic.4y,no,yes,no
7554,56,56-65,technician,married,unknown,unknown,yes,no
7555,48,46-55,admin.,divorced,university.degree,unknown,yes,no
7556,35,26-35,services,single,basic.9y,no,no,no
7557,39,36-45,self-employed,married,basic.6y,no,yes,no
7558,53,46-55,retired,married,high.school,no,no,no
7559,42,36-45,technician,single,professional.course,no,yes,no
7560,45,36-45,admin.,married,professional.course,no,no,no
7561,48,46-55,admin.,single,high.school,no,no,yes
7562,46,46-55,technician,divorced,university.degree,unknown,yes,no
7563,60,56-65,retired,married,basic.6y,unknown,no,no
7564,51,46-55,technician,divorced,unknown,unknown,yes,no
7565,59,56-65,blue-collar,married,unknown,no,no,no
7566,43,36-45,blue-collar,married,high.school,no,yes,yes
7567,54,46-55,unemployed,married,high.school,unknown,no,no
7568,57,56-65,retired,single,basic.4y,no,no,no
7569,45,36-45,admin.,divorced,high.school,no,yes,no
7570,58,56-65,retired,married,professional.course,no,yes,no
7571,46,46-55,technician,divorced,university.degree,no,no,yes
7572,40,36-45,blue-collar,married,basic.9y,unknown,no,yes
7573,51,46-55,housemaid,married,basic.4y,unknown,yes,no
7574,28,26-35,blue-collar,single,basic.9y,no,yes,yes
7575,57,56-65,admin.,single,unknown,no,yes,no
7576,38,36-45,technician,single,unknown,no,no,no
7577,48,46-55,admin.,single,high.school,no,yes,yes
7578,34,26-35,technician,married,university.degree,no,yes,yes
7579,58,56-65,retired,married,professional.course,no,yes,yes
7580,54,46-55,retired,married,professional.course,no,no,yes
7581,54,46-55,unemployed,married,high.school,unknown,yes,no
7582,51,46-55,technician,divorced,unknown,unknown,no,no
7583,28,26-35,technician,single,unknown,no,yes,no
7584,55,46-55,retired,married,basic.4y,unknown,yes,yes
7585,48,46-55,self-employed,divorced,professional.course,no,no,no
7586,49,46-55,technician,married,professional.course,unknown,yes,yes
7587,58,56-65,admin.,married,basic.9y,no,no,no
7588,50,46-55,housemaid,married,basic.4y,unknown,unknown,unknown
7589,45,36-45,admin.,married,basic.6y,no,no,yes
7590,57,56-65,entrepreneur,divorced,high.school,no,unknown,unknown
7591,46,46-55,technician,married,professional.course,no,unknown,unknown
7592,36,36-45,unknown,single,unknown,no,no,no
7593,42,36-45,blue-collar,single,basic.4y,no,unknown,unknown
7594,51,46-55,entrepreneur,married,basic.6y,unknown,yes,no
7595,53,46-55,retired,married,professional.course,no,no,no
7596,60,56-65,technician,married,high.school,no,no,no
7597,46,46-55,student,single,unknown,no,yes,no
7598,35,26-35,unemployed,single,basic.9y,no,no,no
7599,58,56-65,technician,married,basic.4y,unknown,no,yes
7600,59,56-65,admin.,married,unknown,unknown,yes,no
7601,54,46-55,admin.,married,university.degree,unknown,no,no
7602,51,46-55,entrepreneur,married,basic.6y,unknown,yes,yes
7603,57,56-65,retired,single,basic.4y,no,no,yes
7604,53,46-55,retired,married,high.school,no,yes,no
7605,59,56-65,retired,married,high.school,no,yes,no
7606,52,46-55,blue-collar,married,basic.9y,unknown,no,yes
7607,35,26-35,unemployed,single,basic.9y,no,yes,yes
7608,42,36-45,self-employed,married,basic.4y,unknown,yes,no
7609,44,36-45,blue-collar,married,basic.9y,no,no,yes
7610,53,46-55,technician,married,professional.course,unknown,no,yes
7611,57,56-65,admin.,single,unknown,no,no,no
7612,58,56-65,unemployed,divorced,high.school,unknown,no,no
7613,25,18-25,management,single,university.degree,no,yes,yes
7614,42,36-45,management,married,high.school,no,yes,no
7615,46,46-55,technician,divorced,university.degree,unknown,no,no
7616,53,46-55,blue-collar,married,unknown,unknown,yes,no
7617,56,56-65,technician,married,unknown,unknown,yes,yes
7618,56,56-65,technician,married,basic.9y,unknown,no,no
7619,40,36-45,admin.,divorced,basic.9y,no,yes,yes
7620,50,46-55,retired,married,professional.course,no,yes,yes
7621,55,46-55,admin.,divorced,professional.course,unknown,no,no
7622,44,36-45,management,married,high.school,unknown,yes,no
7623,42,36-45,unknown,single,university.degree,unknown,yes,no
7624,48,46-55,services,married,high.school,no,yes,yes
7625,42,36-45,unknown,married,unknown,no,yes,no
7626,54,46-55,housemaid,divorced,university.degree,unknown,yes,no
7627,42,36-45,entrepreneur,single,university.degree,no,no,no
7628,59,56-65,admin.,divorced,high.school,no,yes,yes
7629,50,46-55,management,divorced,university.degree,no,no,no
7630,44,36-45,technician,divorced,university.degree,unknown,yes,yes
7631,40,36-45,admin.,divorced,high.school,no,yes,yes
7632,37,36-45,student,married,unknown,no,yes,no
7633,51,46-55,technician,married,basic.9y,unknown,yes,yes
7634,49,46-55,unknown,unknown,unknown,unknown,yes,yes
7635,44,36-45,admin.,married,high.school,unknown,no,no
7636,47,46-55,technician,single,professional.course,no,yes,no
7637,41,36-45,services,married,high.school,no,yes,yes
7638,56,56-65,admin.,divorced,basic.6y,unknown,no,yes
7639,47,46-55,management,single,university.degree,unknown,no,no
7640,51,46-55,retired,divorced,professional.course,no,yes,no
7641,42,36-45,admin.,married,basic.9y,unknown,yes,no
7642,45,36-45,admin.,married,high.school,unknown,yes,no
7643,43,36-45,admin.,single,university.degree,no,yes,no
7644,42,36-45,self-employed,married,university.degree,unknown,no,yes
7645,44,36-45,blue-collar,single,high.school,unknown,no,no
7646,59,56-65,retired,married,university.degree,no,yes,no
7647,40,36-45,blue-collar,married,professional.course,no,yes,no
7648,46,46-55,services,married,high.school,unknown,no,no
7649,37,36-45,admin.,divorced,high.school,no,no,yes
7650,43,36-45,services,married,basic.6y,unknown,no,no
7651,43,36-45,services,married,basic.6y,unknown,yes,yes
7652,45,36-45,services,married,professional.course,no,yes,yes
7653,47,46-55,management,single,university.degree,unknown,yes,no
7654,58,56-65,retired,married,unknown,unknown,yes,no
7655,43,36-45,services,married,basic.6y,unknown,unknown,unknown
7656,45,36-45,admin.,divorced,university.degree,no,yes,yes
7657,57,56-65,technician,married,professional.course,unknown,yes,no
7658,44,36-45,technician,divorced,university.degree,unknown,no,no
7659,58,56-65,retired,divorced,basic.4y,unknown,yes,no
7660,43,36-45,management,married,university.degree,unknown,yes,yes
7661,59,56-65,admin.,divorced,basic.4y,unknown,yes,yes
7662,43,36-45,technician,divorced,high.school,no,yes,yes
7663,51,46-55,technician,married,basic.9y,unknown,no,no
7664,40,36-45,blue-collar,married,professional.course,no,no,no
7665,57,56-65,self-employed,married,university.degree,unknown,unknown,unknown
7666,59,56-65,blue-collar,married,basic.6y,unknown,yes,no
7667,56,56-65,services,married,university.degree,no,no,no
7668,57,56-65,admin.,married,basic.9y,unknown,no,no
7669,47,46-55,blue-collar,married,professional.course,no,yes,yes
7670,58,56-65,admin.,single,unknown,unknown,no,no
7671,53,46-55,services,married,unknown,unknown,yes,no
7672,55,46-55,unknown,unknown,unknown,unknown,yes,no
7673,47,46-55,housemaid,married,basic.4y,unknown,no,no
7674,58,56-65,admin.,single,unknown,unknown,no,yes
7675,44,36-45,management,married,high.school,unknown,no,no
7676,44,36-45,management,married,high.school,unknown,no,yes
7677,50,46-55,unknown,married,unknown,unknown,no,no
7678,44,36-45,services,divorced,high.school,no,yes,yes
7679,42,36-45,admin.,married,high.school,no,yes,yes
7680,53,46-55,unemployed,married,basic.6y,unknown,no,no
7681,59,56-65,housemaid,divorced,unknown,unknown,no,no
7682,40,36-45,blue-collar,married,professional.course,no,yes,yes
7683,49,46-55,admin.,married,high.school,no,yes,yes
7684,40,36-45,self-employed,married,unknown,unknown,no,no
7685,45,36-45,admin.,married,high.school,unknown,no,yes
7686,43,36-45,services,married,basic.6y,unknown,yes,no
7687,45,36-45,admin.,divorced,basic.6y,no,no,yes
7688,51,46-55,technician,married,basic.9y,unknown,yes,no
7689,59,56-65,admin.,divorced,high.school,no,yes,no
7690,47,46-55,self-employed,married,university.degree,no,no,yes
7691,54,46-55,management,divorced,professional.course,no,no,no
7692,26,26-35,blue-collar,single,high.school,unknown,yes,no
7693,59,56-65,admin.,divorced,high.school,unknown,no,yes
7694,53,46-55,unemployed,married,basic.6y,unknown,yes,no
7695,40,36-45,unemployed,married,basic.9y,unknown,yes,no
7696,56,56-65,admin.,divorced,basic.6y,unknown,no,no
7697,59,56-65,blue-collar,married,basic.6y,unknown,no,no
7698,49,46-55,technician,single,university.degree,unknown,no,no
7699,47,46-55,blue-collar,married,professional.course,no,no,no
7700,41,36-45,technician,divorced,professional.course,no,yes,no
7701,40,36-45,self-employed,married,unknown,unknown,yes,no
7702,42,36-45,management,divorced,university.degree,unknown,yes,no
7703,44,36-45,services,divorced,high.school,no,yes,no
7704,42,36-45,self-employed,married,university.degree,no,unknown,unknown
7705,43,36-45,unemployed,divorced,basic.9y,no,no,no
7706,54,46-55,housemaid,divorced,basic.4y,no,yes,yes
7707,45,36-45,services,married,university.degree,unknown,yes,no
7708,53,46-55,management,married,unknown,no,yes,yes
7709,56,56-65,services,divorced,university.degree,no,yes,no
7710,30,26-35,admin.,married,unknown,no,no,no
7711,43,36-45,unemployed,divorced,basic.9y,no,yes,yes
7712,48,46-55,unknown,married,unknown,unknown,yes,no
7713,48,46-55,self-employed,married,high.school,unknown,yes,yes
7714,42,36-45,admin.,single,basic.9y,unknown,yes,no
7715,45,36-45,self-employed,divorced,university.degree,no,no,no
7716,53,46-55,management,divorced,high.school,no,no,no
7717,56,56-65,blue-collar,divorced,unknown,no,no,no
7718,41,36-45,services,married,high.school,unknown,no,yes
7719,42,36-45,technician,divorced,professional.course,no,yes,yes
7720,54,46-55,admin.,divorced,high.school,no,no,no
7721,50,46-55,self-employed,married,professional.course,no,yes,yes
7722,39,36-45,technician,single,university.degree,unknown,no,no
7723,54,46-55,admin.,divorced,unknown,no,yes,yes
7724,39,36-45,technician,single,university.degree,unknown,yes,no
7725,32,26-35,blue-collar,single,basic.4y,no,no,no
7726,56,56-65,technician,divorced,basic.6y,no,yes,no
7727,38,36-45,student,single,unknown,unknown,no,no
7728,42,36-45,services,married,basic.4y,no,no,no
7729,56,56-65,blue-collar,divorced,unknown,no,no,yes
7730,36,36-45,technician,divorced,university.degree,no,no,yes
7731,46,46-55,admin.,divorced,professional.course,no,no,yes
7732,58,56-65,unemployed,divorced,high.school,no,no,no
7733,58,56-65,housemaid,married,university.degree,unknown,yes,no
7734,58,56-65,admin.,married,university.degree,unknown,no,no
7735,49,46-55,blue-collar,divorced,basic.6y,unknown,no,no
7736,55,46-55,services,divorced,high.school,no,yes,no
7737,55,46-55,blue-collar,divorced,basic.4y,no,yes,no
7738,56,56-65,blue-collar,divorced,basic.6y,unknown,no,no
7739,46,46-55,self-employed,married,university.degree,no,no,no
7740,53,46-55,management,married,unknown,no,no,no
7741,47,46-55,blue-collar,divorced,basic.9y,no,yes,yes
7742,53,46-55,retired,divorced,basic.9y,no,no,no
7743,57,56-65,retired,single,unknown,unknown,no,no
7744,38,36-45,student,single,unknown,unknown,yes,yes
7745,48,46-55,retired,married,basic.4y,unknown,no,yes
7746,52,46-55,entrepreneur,married,basic.9y,no,yes,no
7747,48,46-55,housemaid,married,university.degree,no,yes,no
7748,52,46-55,housemaid,married,basic.9y,no,yes,no
7749,58,56-65,technician,divorced,unknown,unknown,yes,no
7750,51,46-55,entrepreneur,divorced,university.degree,no,unknown,unknown
7751,45,36-45,self-employed,divorced,university.degree,no,no,yes
7752,58,56-65,technician,married,professional.course,no,no,yes
7753,56,56-65,services,divorced,high.school,no,no,no
7754,54,46-55,self-employed,divorced,high.school,unknown,no,no
7755,46,46-55,admin.,divorced,professional.course,no,yes,no
7756,60,56-65,retired,divorced,professional.course,no,no,no
7757,56,56-65,blue-collar,divorced,basic.9y,no,yes,yes
7758,50,46-55,admin.,divorced,university.degree,unknown,no,yes
7759,41,36-45,unknown,unknown,unknown,no,yes,no
7760,53,46-55,blue-collar,married,high.school,no,yes,no
7761,42,36-45,housemaid,married,basic.9y,unknown,no,no
7762,46,46-55,management,married,basic.9y,unknown,yes,yes
7763,43,36-45,unemployed,divorced,basic.9y,no,yes,no
7764,57,56-65,retired,single,unknown,unknown,yes,yes
7765,53,46-55,blue-collar,married,high.school,no,no,yes
7766,53,46-55,blue-collar,married,high.school,no,yes,yes
7767,36,36-45,housemaid,married,basic.4y,no,yes,yes
7768,57,56-65,admin.,married,professional.course,no,unknown,unknown
7769,44,36-45,technician,divorced,professional.course,no,yes,yes
7770,48,46-55,retired,married,basic.4y,unknown,yes,yes
7771,50,46-55,technician,single,professional.course,no,no,yes
7772,43,36-45,blue-collar,married,basic.9y,no,yes,yes
7773,53,46-55,retired,divorced,university.degree,no,yes,no
7774,38,36-45,self-employed,married,high.school,no,yes,no
7775,55,46-55,entrepreneur,divorced,university.degree,no,no,no
7776,53,46-55,technician,married,professional.course,no,no,yes
7777,50,46-55,self-employed,married,high.school,no,yes,no
7778,35,26-35,admin.,single,unknown,no,yes,no
7779,46,46-55,admin.,single,university.degree,no,yes,yes
7780,47,46-55,technician,single,unknown,no,no,no
7781,38,36-45,unemployed,married,basic.4y,unknown,yes,no
7782,42,36-45,services,single,unknown,unknown,yes,no
7783,47,46-55,admin.,married,high.school,unknown,yes,yes
7784,57,56-65,admin.,married,university.degree,unknown,yes,yes
7785,53,46-55,technician,single,professional.course,no,no,no
7786,45,36-45,management,divorced,university.degree,no,yes,yes
7787,31,26-35,blue-collar,single,professional.course,no,no,yes
7788,50,46-55,management,divorced,high.school,no,no,no
7789,54,46-55,housemaid,married,professional.course,no,no,no
7790,60,56-65,retired,divorced,basic.4y,no,yes,no
7791,54,46-55,management,married,university.degree,no,yes,yes
7792,43,36-45,management,divorced,university.degree,no,yes,no
7793,54,46-55,management,married,university.degree,no,no,yes
7794,47,46-55,technician,married,basic.9y,no,unknown,unknown
7795,57,56-65,admin.,divorced,high.school,unknown,yes,no
7796,54,46-55,housemaid,divorced,basic.4y,no,unknown,unknown
7797,42,36-45,management,married,high.school,unknown,no,no
7798,54,46-55,blue-collar,married,illiterate,unknown,yes,yes
7799,59,56-65,retired,divorced,university.degree,unknown,yes,no
7800,47,46-55,services,divorced,professional.course,no,yes,no
7801,44,36-45,blue-collar,married,unknown,unknown,no,yes
7802,47,46-55,services,divorced,professional.course,no,no,no
7803,46,46-55,admin.,married,university.degree,unknown,yes,no
7804,45,36-45,housemaid,married,basic.4y,no,yes,no
7805,52,46-55,entrepreneur,divorced,high.school,unknown,yes,no
7806,55,46-55,blue-collar,divorced,basic.9y,no,yes,yes
7807,55,46-55,retired,divorced,high.school,no,yes,no
7808,50,46-55,technician,married,professional.course,unknown,no,yes
7809,49,46-55,housemaid,divorced,basic.4y,unknown,yes,no
7810,47,46-55,services,divorced,basic.4y,no,no,no
7811,60,56-65,retired,divorced,high.school,unknown,yes,yes
7812,42,36-45,admin.,married,basic.9y,unknown,no,no
7813,53,46-55,entrepreneur,married,university.degree,unknown,yes,no
7814,47,46-55,services,single,high.school,no,yes,no
7815,42,36-45,admin.,married,basic.9y,unknown,no,yes
7816,60,56-65,technician,married,professional.course,unknown,no,no
7817,43,36-45,services,married,university.degree,no,yes,no
7818,54,46-55,admin.,divorced,unknown,no,no,no
7819,46,46-55,housemaid,divorced,professional.course,unknown,no,no
7820,57,56-65,admin.,single,university.degree,no,yes,no
7821,57,56-65,admin.,single,university.degree,no,no,no
7822,50,46-55,technician,single,basic.4y,unknown,yes,no
7823,47,46-55,blue-collar,single,unknown,no,yes,no
7824,36,36-45,services,married,high.school,unknown,no,yes
7825,53,46-55,blue-collar,divorced,basic.4y,no,no,yes
7826,58,56-65,admin.,married,high.school,unknown,yes,no
7827,50,46-55,technician,single,university.degree,unknown,no,no
7828,38,36-45,housemaid,married,basic.4y,unknown,unknown,unknown
7829,56,56-65,services,divorced,university.degree,no,no,no
7830,48,46-55,housemaid,married,basic.4y,unknown,yes,yes
7831,56,56-65,retired,married,university.degree,unknown,no,no
7832,29,26-35,services,divorced,high.school,unknown,no,no
7833,30,26-35,admin.,married,unknown,no,no,yes
7834,56,56-65,admin.,divorced,university.degree,no,no,no
7835,52,46-55,housemaid,married,university.degree,no,no,yes
7836,57,56-65,technician,married,basic.9y,no,no,no
7837,59,56-65,retired,divorced,university.degree,unknown,no,no
7838,55,46-55,retired,married,high.school,no,yes,yes
7839,57,56-65,retired,single,unknown,unknown,yes,no
7840,54,46-55,technician,divorced,professional.course,no,yes,yes
7841,55,46-55,services,divorced,high.school,unknown,no,no
7842,55,46-55,blue-collar,divorced,basic.4y,no,no,yes
7843,47,46-55,technician,single,unknown,no,yes,yes
7844,37,36-45,blue-collar,divorced,high.school,no,yes,no
7845,51,46-55,blue-collar,divorced,basic.9y,no,yes,no
7846,54,46-55,admin.,divorced,high.school,no,no,yes
7847,47,46-55,blue-collar,married,high.school,no,yes,no
7848,53,46-55,admin.,divorced,high.school,no,no,no
7849,44,36-45,student,single,unknown,unknown,no,yes
7850,46,46-55,technician,single,professional.course,no,no,no
7851,56,56-65,admin.,divorced,university.degree,no,yes,no
7852,26,26-35,self-employed,married,university.degree,no,yes,yes
7853,59,56-65,housemaid,divorced,basic.4y,unknown,no,no
7854,42,36-45,blue-collar,single,basic.6y,unknown,yes,yes
7855,42,36-45,blue-collar,single,basic.6y,unknown,no,no
7856,57,56-65,housemaid,married,high.school,unknown,no,no
7857,46,46-55,services,divorced,high.school,no,no,yes
7858,58,56-65,housemaid,married,university.degree,no,yes,no
7859,39,36-45,technician,married,university.degree,no,no,no
7860,53,46-55,management,single,professional.course,unknown,no,no
7861,46,46-55,technician,divorced,professional.course,unknown,no,no
7862,50,46-55,services,single,high.school,no,yes,no
7863,59,56-65,housemaid,divorced,university.degree,no,yes,no
7864,59,56-65,housemaid,divorced,university.degree,no,no,no
7865,27,26-35,services,divorced,high.school,no,yes,no
7866,55,46-55,blue-collar,single,basic.9y,unknown,yes,no
7867,57,56-65,admin.,divorced,university.degree,unknown,yes,no
7868,55,46-55,blue-collar,single,basic.9y,unknown,no,yes
7869,43,36-45,housemaid,divorced,basic.9y,no,yes,no
7870,32,26-35,admin.,married,professional.course,unknown,yes,no
7871,57,56-65,admin.,divorced,university.degree,unknown,yes,yes
7872,54,46-55,entrepreneur,divorced,high.school,unknown,no,yes
7873,59,56-65,housemaid,divorced,unknown,no,unknown,unknown
7874,26,26-35,unemployed,married,high.school,no,unknown,unknown
7875,60,56-65,retired,married,basic.6y,unknown,yes,no
7876,39,36-45,blue-collar,married,unknown,no,yes,no
7877,52,46-55,admin.,divorced,high.school,unknown,yes,no
7878,48,46-55,services,married,basic.6y,unknown,yes,no
7879,55,46-55,entrepreneur,divorced,university.degree,no,no,yes
7880,55,46-55,housemaid,married,basic.4y,unknown,no,no
7881,43,36-45,retired,married,basic.9y,no,yes,no
7882,54,46-55,retired,divorced,basic.4y,unknown,no,yes
7883,37,36-45,admin.,single,high.school,no,no,yes
7884,44,36-45,housemaid,married,university.degree,unknown,no,yes
7885,26,26-35,unemployed,married,high.school,no,no,no
7886,41,36-45,housemaid,divorced,high.school,unknown,yes,yes
7887,30,26-35,admin.,divorced,university.degree,no,yes,no
7888,58,56-65,retired,divorced,professional.course,no,no,no
7889,47,46-55,housemaid,married,basic.4y,unknown,yes,yes
7890,55,46-55,management,married,basic.4y,unknown,no,yes
7891,44,36-45,unknown,married,high.school,unknown,no,no
7892,44,36-45,technician,divorced,unknown,no,no,no
7893,52,46-55,admin.,married,university.degree,no,yes,no
7894,47,46-55,retired,married,university.degree,no,no,no
7895,52,46-55,admin.,single,high.school,unknown,yes,no
7896,40,36-45,housemaid,married,basic.6y,no,yes,no
7897,27,26-35,services,single,basic.9y,no,yes,yes
7898,31,26-35,blue-collar,single,professional.course,no,yes,no
7899,56,56-65,technician,married,basic.4y,unknown,yes,yes
7900,48,46-55,entrepreneur,married,basic.9y,no,yes,no
7901,25,18-25,services,single,high.school,unknown,yes,yes
7902,55,46-55,services,married,basic.9y,no,yes,no
7903,28,26-35,management,married,university.degree,no,yes,yes
7904,31,26-35,housemaid,single,high.school,no,yes,no
7905,60,56-65,blue-collar,divorced,basic.4y,unknown,no,no
7906,53,46-55,housemaid,married,basic.4y,unknown,no,yes
7907,40,36-45,unemployed,divorced,university.degree,no,yes,no
7908,47,46-55,services,divorced,basic.4y,unknown,no,no
7909,49,46-55,admin.,divorced,basic.9y,no,no,no
7910,25,18-25,services,single,high.school,unknown,yes,no
7911,41,36-45,student,married,unknown,unknown,yes,yes
7912,50,46-55,services,divorced,basic.6y,no,no,yes
7913,33,26-35,technician,married,university.degree,no,yes,yes
7914,38,36-45,technician,married,university.degree,no,yes,yes
7915,58,56-65,technician,married,basic.9y,no,yes,no
7916,58,56-65,technician,married,basic.9y,no,no,no
7917,42,36-45,entrepreneur,single,unknown,no,no,no
7918,23,18-25,services,married,high.school,no,no,no
7919,24,18-25,blue-collar,single,basic.4y,no,yes,yes
7920,30,26-35,entrepreneur,single,university.degree,no,yes,yes
7921,55,46-55,entrepreneur,single,unknown,unknown,no,no
7922,41,36-45,blue-collar,married,basic.6y,no,yes,yes
7923,28,26-35,self-employed,married,university.degree,no,yes,no
7924,44,36-45,unknown,married,high.school,unknown,yes,no
7925,58,56-65,entrepreneur,married,university.degree,no,yes,no
7926,32,26-35,admin.,married,professional.course,no,yes,no
7927,55,46-55,entrepreneur,divorced,university.degree,no,yes,no
7928,22,18-25,services,married,basic.9y,unknown,no,no
7929,41,36-45,housemaid,divorced,basic.9y,unknown,no,no
7930,40,36-45,technician,single,unknown,no,yes,no
7931,52,46-55,blue-collar,divorced,basic.4y,no,yes,no
7932,36,36-45,unemployed,single,high.school,no,yes,no
7933,51,46-55,blue-collar,married,high.school,unknown,yes,no
7934,40,36-45,unemployed,divorced,university.degree,no,no,no
7935,34,26-35,admin.,married,university.degree,unknown,unknown,unknown
7936,47,46-55,unknown,married,unknown,no,yes,no
7937,41,36-45,housemaid,divorced,basic.9y,unknown,no,yes
7938,44,36-45,self-employed,married,basic.9y,unknown,yes,no
7939,28,26-35,self-employed,married,university.degree,no,no,no
7940,39,36-45,admin.,married,university.degree,unknown,yes,no
7941,33,26-35,student,married,high.school,no,no,no
7942,41,36-45,technician,divorced,professional.course,no,no,no
7943,53,46-55,blue-collar,married,basic.6y,no,no,no
7944,41,36-45,services,divorced,high.school,no,no,no
7945,32,26-35,blue-collar,single,university.degree,no,yes,yes
7946,25,18-25,services,single,basic.9y,no,yes,no
7947,40,36-45,management,single,high.school,no,no,no
7948,25,18-25,student,single,university.degree,no,yes,yes
7949,25,18-25,services,single,basic.9y,no,no,yes
7950,33,26-35,student,married,high.school,no,no,yes
7951,51,46-55,housemaid,married,high.school,no,yes,no
7952,52,46-55,admin.,married,basic.9y,no,no,no
7953,55,46-55,entrepreneur,divorced,professional.course,no,no,no
7954,28,26-35,self-employed,married,university.degree,no,yes,yes
7955,34,26-35,self-employed,single,university.degree,no,no,no
7956,48,46-55,services,married,basic.6y,no,no,no
7957,38,36-45,blue-collar,married,unknown,no,yes,yes
7958,48,46-55,technician,married,professional.course,no,no,yes
7959,57,56-65,management,married,unknown,no,no,no
7960,36,36-45,blue-collar,divorced,basic.9y,no,no,no
7961,39,36-45,admin.,single,basic.9y,unknown,no,yes
7962,55,46-55,blue-collar,married,professional.course,no,yes,no
7963,40,36-45,self-employed,married,university.degree,no,yes,no
7964,35,26-35,student,single,unknown,unknown,no,no
7965,42,36-45,admin.,single,high.school,unknown,yes,no
7966,39,36-45,technician,single,university.degree,no,no,no
7967,56,56-65,services,single,high.school,no,no,yes
7968,30,26-35,unemployed,single,university.degree,no,yes,yes
7969,39,36-45,technician,married,university.degree,no,yes,yes
7970,33,26-35,admin.,single,professional.course,no,yes,no
7971,24,18-25,technician,single,university.degree,no,no,yes
7972,34,26-35,unemployed,married,high.school,no,yes,yes
7973,36,36-45,blue-collar,married,professional.course,no,unknown,unknown
7974,33,26-35,admin.,divorced,high.school,no,unknown,unknown
7975,38,36-45,housemaid,married,high.school,no,yes,no
7976,56,56-65,retired,divorced,basic.4y,no,no,yes
7977,31,26-35,unemployed,divorced,university.degree,no,yes,yes
7978,57,56-65,admin.,married,university.degree,unknown,no,no
7979,31,26-35,blue-collar,single,basic.9y,no,no,yes
7980,43,36-45,management,married,unknown,no,yes,yes
7981,39,36-45,self-employed,married,professional.course,no,yes,no
7982,36,36-45,admin.,divorced,university.degree,unknown,yes,yes
7983,26,26-35,management,single,university.degree,no,no,yes
7984,30,26-35,services,single,basic.9y,no,yes,no
7985,37,36-45,entrepreneur,divorced,high.school,no,no,yes
7986,23,18-25,student,single,high.school,no,yes,no
7987,23,18-25,services,single,high.school,no,no,yes
7988,35,26-35,technician,married,high.school,unknown,no,no
7989,26,26-35,blue-collar,married,high.school,no,no,no
7990,44,36-45,admin.,divorced,high.school,no,yes,no
7991,48,46-55,services,married,professional.course,unknown,yes,yes
7992,40,36-45,self-employed,single,university.degree,no,yes,no
7993,33,26-35,unemployed,married,high.school,unknown,yes,no
7994,43,36-45,technician,divorced,professional.course,unknown,yes,yes
7995,45,36-45,unknown,single,high.school,no,yes,no
7996,24,18-25,technician,single,university.degree,no,no,no
7997,42,36-45,technician,married,basic.9y,unknown,yes,no
7998,43,36-45,housemaid,married,basic.6y,unknown,yes,no
7999,56,56-65,blue-collar,married,basic.9y,no,no,no
8000,58,56-65,unknown,married,high.school,unknown,no,no
8001,38,36-45,admin.,married,unknown,no,no,yes
8002,49,46-55,technician,married,basic.9y,unknown,yes,no
8003,51,46-55,management,married,basic.9y,no,no,no
8004,45,36-45,services,divorced,high.school,no,yes,yes
8005,33,26-35,services,married,professional.course,no,yes,no
8006,38,36-45,admin.,married,unknown,no,yes,no
8007,56,56-65,technician,divorced,university.degree,unknown,yes,yes
8008,33,26-35,unemployed,married,high.school,unknown,yes,yes
8009,54,46-55,housemaid,married,basic.4y,unknown,yes,no
8010,51,46-55,management,married,basic.9y,no,yes,no
8011,40,36-45,self-employed,single,university.degree,no,yes,yes
8012,44,36-45,admin.,single,basic.6y,unknown,no,no
8013,27,26-35,self-employed,married,university.degree,no,no,no
8014,37,36-45,housemaid,single,professional.course,no,yes,no
8015,39,36-45,technician,married,high.school,no,no,no
8016,22,18-25,unemployed,single,high.school,no,no,no
8017,43,36-45,services,married,high.school,unknown,no,yes
8018,40,36-45,admin.,married,basic.9y,no,yes,no
8019,27,26-35,admin.,single,professional.course,unknown,yes,no
8020,56,56-65,entrepreneur,married,basic.4y,unknown,yes,no
8021,41,36-45,self-employed,divorced,university.degree,no,no,no
8022,47,46-55,admin.,married,basic.9y,no,yes,yes
8023,40,36-45,unknown,married,unknown,no,yes,yes
8024,36,36-45,unemployed,married,university.degree,no,no,no
8025,58,56-65,blue-collar,divorced,basic.4y,unknown,no,no
8026,56,56-65,technician,divorced,university.degree,unknown,no,yes
8027,42,36-45,admin.,married,high.school,unknown,no,yes
8028,50,46-55,technician,single,high.school,unknown,no,no
8029,35,26-35,technician,married,professional.course,no,unknown,unknown
8030,37,36-45,entrepreneur,divorced,high.school,no,yes,no
8031,33,26-35,services,married,professional.course,no,yes,yes
8032,32,26-35,admin.,divorced,high.school,no,unknown,unknown
8033,48,46-55,services,married,professional.course,unknown,yes,no
8034,39,36-45,technician,married,high.school,no,yes,no
8035,46,46-55,admin.,single,high.school,unknown,no,no
8036,56,56-65,technician,divorced,university.degree,unknown,no,no
8037,52,46-55,blue-collar,married,unknown,no,no,no
8038,27,26-35,blue-collar,single,basic.4y,no,no,no
8039,38,36-45,admin.,married,high.school,no,no,yes
8040,28,26-35,services,married,high.school,no,unknown,unknown
8041,36,36-45,student,divorced,university.degree,no,no,yes
8042,56,56-65,entrepreneur,married,basic.4y,unknown,yes,yes
8043,44,36-45,admin.,single,basic.6y,unknown,yes,no
8044,33,26-35,services,married,professional.course,no,no,yes
8045,45,36-45,admin.,married,university.degree,no,no,yes
8046,59,56-65,housemaid,married,basic.4y,no,yes,yes
8047,43,36-45,blue-collar,single,basic.6y,unknown,no,no
8048,45,36-45,blue-collar,single,university.degree,no,yes,no
8049,42,36-45,technician,married,university.degree,no,no,yes
8050,45,36-45,blue-collar,single,university.degree,no,no,no
8051,39,36-45,self-employed,married,professional.course,no,no,no
8052,50,46-55,management,married,university.degree,unknown,yes,no
8053,45,36-45,entrepreneur,divorced,university.degree,no,no,yes
8054,44,36-45,services,married,high.school,unknown,no,no
8055,33,26-35,services,divorced,high.school,no,no,yes
8056,40,36-45,admin.,married,professional.course,no,yes,yes
8057,32,26-35,technician,single,professional.course,no,yes,yes
8058,31,26-35,entrepreneur,single,university.degree,unknown,no,yes
8059,37,36-45,unemployed,single,university.degree,no,yes,no
8060,35,26-35,technician,single,professional.course,unknown,yes,no
8061,42,36-45,management,married,basic.9y,no,no,no
8062,42,36-45,blue-collar,married,basic.9y,unknown,no,yes
8063,34,26-35,unemployed,married,high.school,no,unknown,unknown
8064,56,56-65,technician,divorced,university.degree,unknown,yes,no
8065,29,26-35,technician,married,university.degree,no,yes,yes
8066,43,36-45,admin.,married,basic.4y,no,yes,yes
8067,36,36-45,entrepreneur,married,university.degree,unknown,yes,no
8068,36,36-45,self-employed,single,basic.4y,no,no,no
8069,41,36-45,self-employed,divorced,university.degree,no,no,yes
8070,33,26-35,unemployed,married,high.school,unknown,unknown,unknown
8071,27,26-35,blue-collar,single,basic.4y,no,no,yes
8072,51,46-55,management,married,basic.9y,no,yes,yes
8073,37,36-45,housemaid,single,professional.course,no,no,yes
8074,39,36-45,management,married,high.school,no,no,yes
8075,33,26-35,admin.,divorced,high.school,no,no,yes
8076,58,56-65,self-employed,divorced,university.degree,no,yes,no
8077,32,26-35,services,single,high.school,no,no,yes
8078,57,56-65,admin.,single,high.school,unknown,yes,no
8079,38,36-45,self-employed,divorced,basic.9y,no,yes,yes
8080,37,36-45,blue-collar,married,basic.9y,unknown,no,yes
8081,47,46-55,technician,married,high.school,no,yes,no
8082,44,36-45,unknown,married,unknown,no,yes,no
8083,27,26-35,self-employed,married,university.degree,no,yes,no
8084,22,18-25,unemployed,single,high.school,no,yes,no
8085,59,56-65,services,married,high.school,no,yes,no
8086,38,36-45,admin.,married,basic.6y,no,no,no
8087,39,36-45,management,divorced,basic.9y,unknown,yes,no
8088,45,36-45,blue-collar,married,basic.9y,no,unknown,unknown
8089,28,26-35,blue-collar,married,basic.4y,unknown,no,no
8090,44,36-45,blue-collar,divorced,professional.course,no,yes,yes
8091,53,46-55,admin.,married,high.school,unknown,no,no
8092,60,56-65,management,married,professional.course,unknown,yes,no
8093,55,46-55,admin.,divorced,university.degree,no,yes,yes
8094,28,26-35,blue-collar,married,basic.4y,unknown,yes,no
8095,34,26-35,technician,divorced,unknown,no,yes,no
8096,48,46-55,technician,married,professional.course,unknown,no,yes
8097,44,36-45,blue-collar,divorced,professional.course,no,no,no
8098,25,18-25,admin.,single,basic.9y,no,yes,yes
8099,38,36-45,technician,married,high.school,no,yes,yes
8100,50,46-55,self-employed,married,professional.course,no,yes,no
8101,44,36-45,technician,single,unknown,unknown,no,yes
8102,36,36-45,technician,single,professional.course,no,yes,yes
8103,26,26-35,blue-collar,married,basic.4y,unknown,yes,no
8104,25,18-25,admin.,single,basic.9y,no,yes,no
8105,34,26-35,technician,divorced,unknown,no,yes,yes
8106,55,46-55,self-employed,married,university.degree,unknown,no,no
8107,55,46-55,retired,married,basic.9y,unknown,yes,no
8108,55,46-55,retired,married,basic.9y,unknown,no,no
8109,30,26-35,admin.,single,professional.course,no,yes,yes
8110,36,36-45,unemployed,single,unknown,unknown,no,no
8111,43,36-45,admin.,married,professional.course,unknown,yes,no
8112,59,56-65,retired,married,basic.4y,no,no,yes
8113,49,46-55,technician,married,unknown,unknown,yes,no
8114,34,26-35,technician,divorced,unknown,no,no,no
8115,41,36-45,housemaid,married,basic.4y,unknown,yes,no
8116,43,36-45,services,married,basic.6y,no,no,yes
8117,56,56-65,blue-collar,married,basic.6y,unknown,yes,no
8118,58,56-65,blue-collar,married,basic.6y,unknown,yes,no
8119,46,46-55,services,married,basic.9y,no,yes,no
8120,45,36-45,blue-collar,married,basic.6y,no,no,yes
8121,59,56-65,technician,married,high.school,unknown,no,no
8122,49,46-55,management,married,basic.9y,unknown,no,yes
8123,54,46-55,services,married,basic.6y,no,yes,no
8124,32,26-35,technician,married,university.degree,no,yes,yes
8125,29,26-35,self-employed,single,university.degree,no,yes,yes
8126,39,36-45,blue-collar,married,professional.course,no,yes,no
8127,34,26-35,blue-collar,married,unknown,no,yes,no
8128,58,56-65,blue-collar,married,basic.6y,unknown,yes,yes
8129,53,46-55,self-employed,married,professional.course,no,yes,no
8130,47,46-55,services,married,unknown,no,yes,no
8131,54,46-55,management,married,university.degree,unknown,yes,no
8132,50,46-55,self-employed,married,professional.course,no,no,no
8133,54,46-55,technician,married,basic.9y,no,no,yes
8134,43,36-45,admin.,married,professional.course,unknown,no,no
8135,48,46-55,housemaid,married,basic.4y,unknown,no,yes
8136,45,36-45,management,divorced,high.school,no,no,yes
8137,38,36-45,blue-collar,single,high.school,no,yes,no
8138,45,36-45,management,divorced,high.school,no,yes,no
8139,44,36-45,admin.,single,university.degree,no,no,no
8140,58,56-65,blue-collar,married,basic.9y,no,yes,no
8141,48,46-55,blue-collar,married,university.degree,no,no,no
8142,48,46-55,blue-collar,married,basic.9y,no,no,yes
8143,56,56-65,admin.,married,basic.6y,no,yes,no
8144,53,46-55,services,married,basic.9y,unknown,no,no
8145,37,36-45,student,married,professional.course,no,no,no
8146,56,56-65,blue-collar,married,basic.9y,no,unknown,unknown
8147,42,36-45,technician,divorced,professional.course,no,yes,no
8148,46,46-55,technician,married,university.degree,unknown,no,no
8149,46,46-55,housemaid,married,high.school,no,yes,no
8150,35,26-35,technician,divorced,university.degree,no,yes,yes
8151,57,56-65,admin.,married,high.school,unknown,yes,no
8152,47,46-55,entrepreneur,married,university.degree,no,yes,yes
8153,35,26-35,management,married,university.degree,unknown,yes,no
8154,31,26-35,technician,married,professional.course,unknown,no,no
8155,48,46-55,unknown,married,basic.9y,no,no,no
8156,44,36-45,services,married,professional.course,no,no,yes
8157,44,36-45,services,married,professional.course,no,no,no
8158,34,26-35,technician,single,professional.course,no,yes,yes
8159,41,36-45,unknown,married,unknown,no,yes,no
8160,33,26-35,technician,divorced,professional.course,no,no,yes
8161,33,26-35,technician,divorced,professional.course,no,yes,yes
8162,46,46-55,technician,single,professional.course,unknown,no,no
8163,33,26-35,student,divorced,professional.course,no,no,no
8164,46,46-55,blue-collar,married,high.school,no,no,no
8165,41,36-45,unknown,married,unknown,no,yes,yes
8166,41,36-45,technician,married,university.degree,no,yes,yes
8167,54,46-55,technician,divorced,high.school,no,no,no
8168,57,56-65,admin.,married,high.school,no,yes,no
8169,39,36-45,technician,single,university.degree,no,yes,no
8170,41,36-45,unknown,married,unknown,no,no,no
8171,54,46-55,blue-collar,married,unknown,no,no,no
8172,49,46-55,admin.,divorced,professional.course,no,yes,yes
8173,30,26-35,unknown,married,university.degree,no,yes,no
8174,45,36-45,technician,divorced,high.school,no,yes,yes
8175,60,56-65,retired,married,university.degree,unknown,yes,yes
8176,48,46-55,housemaid,married,basic.4y,unknown,yes,no
8177,50,46-55,technician,divorced,university.degree,unknown,no,no
8178,47,46-55,entrepreneur,married,university.degree,no,no,no
8179,52,46-55,technician,divorced,professional.course,no,yes,no
8180,57,56-65,retired,married,basic.6y,no,no,no
8181,58,56-65,admin.,married,high.school,no,yes,yes
8182,52,46-55,admin.,married,unknown,no,yes,no
8183,52,46-55,technician,divorced,university.degree,no,no,yes
8184,52,46-55,admin.,married,unknown,no,no,no
8185,52,46-55,technician,divorced,professional.course,no,no,no
8186,45,36-45,housemaid,married,basic.4y,unknown,no,no
8187,48,46-55,management,married,high.school,unknown,no,no
8188,57,56-65,retired,married,professional.course,unknown,yes,no
8189,34,26-35,admin.,married,university.degree,unknown,yes,no
8190,51,46-55,technician,divorced,high.school,unknown,no,no
8191,43,36-45,management,married,university.degree,unknown,yes,no
8192,58,56-65,services,married,unknown,unknown,yes,no
8193,45,36-45,technician,married,professional.course,unknown,yes,no
8194,55,46-55,admin.,married,professional.course,no,yes,yes
8195,48,46-55,admin.,married,university.degree,unknown,yes,no
8196,52,46-55,services,divorced,basic.6y,no,yes,no
8197,44,36-45,admin.,married,basic.4y,unknown,yes,no
8198,44,36-45,technician,married,university.degree,no,yes,no
8199,49,46-55,admin.,married,university.degree,no,no,yes
8200,37,36-45,admin.,single,professional.course,no,no,no
8201,32,26-35,housemaid,married,professional.course,no,yes,yes
8202,39,36-45,unemployed,divorced,university.degree,unknown,no,no
8203,57,56-65,housemaid,married,unknown,no,no,no
8204,36,36-45,self-employed,married,basic.9y,no,no,no
8205,54,46-55,technician,divorced,university.degree,no,no,no
8206,40,36-45,admin.,married,university.degree,no,no,yes
8207,45,36-45,technician,married,professional.course,unknown,yes,yes
8208,43,36-45,entrepreneur,married,professional.course,no,no,no
8209,37,36-45,admin.,divorced,university.degree,no,yes,yes
8210,34,26-35,blue-collar,married,professional.course,no,no,yes
8211,38,36-45,housemaid,married,university.degree,no,yes,no
8212,59,56-65,blue-collar,married,basic.9y,no,yes,no
8213,44,36-45,self-employed,married,professional.course,no,yes,no
8214,33,26-35,housemaid,single,university.degree,unknown,yes,no
8215,41,36-45,admin.,divorced,university.degree,no,yes,no
8216,46,46-55,blue-collar,divorced,professional.course,no,yes,no
8217,58,56-65,retired,married,university.degree,unknown,yes,yes
8218,53,46-55,services,married,high.school,no,yes,no
8219,58,56-65,housemaid,married,basic.4y,no,no,no
8220,31,26-35,management,married,university.degree,no,no,yes
8221,38,36-45,technician,married,professional.course,no,no,yes
8222,45,36-45,self-employed,married,basic.9y,no,no,no
8223,32,26-35,admin.,single,university.degree,unknown,yes,yes
8224,51,46-55,technician,married,high.school,unknown,unknown,unknown
8225,46,46-55,admin.,married,high.school,no,unknown,unknown
8226,31,26-35,technician,single,high.school,no,no,no
8227,31,26-35,admin.,married,professional.course,no,yes,no
8228,45,36-45,blue-collar,married,basic.6y,unknown,yes,yes
8229,44,36-45,unemployed,married,high.school,unknown,yes,no
8230,31,26-35,technician,single,high.school,no,yes,yes
8231,49,46-55,unemployed,married,professional.course,unknown,yes,no
8232,37,36-45,self-employed,married,university.degree,no,yes,yes
8233,40,36-45,admin.,divorced,university.degree,no,yes,yes
8234,40,36-45,admin.,divorced,university.degree,no,no,yes
8235,55,46-55,technician,married,university.degree,no,no,yes
8236,50,46-55,admin.,divorced,high.school,unknown,no,no
8237,50,46-55,admin.,divorced,high.school,unknown,no,yes
8238,32,26-35,technician,married,high.school,unknown,no,no
8239,37,36-45,technician,single,high.school,no,yes,no
8240,31,26-35,technician,married,professional.course,no,yes,yes
8241,31,26-35,admin.,married,university.degree,no,unknown,unknown
8242,50,46-55,unemployed,married,high.school,unknown,yes,yes
8243,38,36-45,admin.,single,high.school,no,yes,no
8244,38,36-45,admin.,single,high.school,no,no,no
8245,33,26-35,technician,married,high.school,unknown,no,yes
8246,48,46-55,unknown,married,unknown,no,yes,no
8247,31,26-35,technician,single,high.school,no,yes,no
8248,44,36-45,technician,married,professional.course,unknown,unknown,unknown
8249,59,56-65,housemaid,married,basic.4y,unknown,yes,no
8250,50,46-55,unemployed,married,high.school,unknown,yes,no
8251,51,46-55,admin.,single,university.degree,unknown,yes,no
8252,52,46-55,technician,divorced,university.degree,no,yes,yes
8253,31,26-35,technician,single,university.degree,no,unknown,unknown
8254,45,36-45,retired,married,basic.9y,no,yes,no
8255,52,46-55,technician,single,professional.course,no,yes,no
8256,51,46-55,entrepreneur,married,basic.9y,no,no,no
8257,55,46-55,admin.,married,university.degree,unknown,no,yes
8258,51,46-55,technician,married,high.school,unknown,no,no
8259,36,36-45,self-employed,married,basic.4y,unknown,yes,no
8260,48,46-55,blue-collar,married,unknown,no,yes,yes
8261,34,26-35,unknown,married,unknown,unknown,no,no
8262,37,36-45,technician,single,professional.course,no,no,yes
8263,45,36-45,admin.,divorced,high.school,no,yes,yes
8264,46,46-55,management,married,high.school,no,no,no
8265,43,36-45,technician,married,professional.course,unknown,no,no
8266,57,56-65,blue-collar,married,basic.6y,no,no,no
8267,43,36-45,admin.,single,university.degree,no,yes,yes
8268,59,56-65,retired,married,high.school,no,no,no
8269,34,26-35,admin.,divorced,high.school,no,no,no
8270,54,46-55,retired,married,high.school,no,no,no
8271,33,26-35,technician,married,high.school,no,yes,yes
8272,35,26-35,self-employed,married,basic.4y,unknown,unknown,unknown
8273,31,26-35,services,married,professional.course,unknown,no,yes
8274,49,46-55,management,married,university.degree,no,unknown,unknown
8275,29,26-35,management,married,university.degree,no,no,yes
8276,47,46-55,entrepreneur,married,basic.6y,unknown,no,no
8277,30,26-35,self-employed,single,university.degree,no,yes,yes
8278,39,36-45,technician,married,high.school,no,yes,yes
8279,49,46-55,housemaid,married,university.degree,no,yes,no
8280,42,36-45,technician,married,professional.course,no,yes,yes
8281,43,36-45,admin.,single,university.degree,no,no,yes
8282,46,46-55,management,married,high.school,no,yes,yes
8283,45,36-45,unemployed,married,high.school,no,no,no
8284,41,36-45,technician,married,unknown,unknown,yes,yes
8285,37,36-45,technician,married,high.school,unknown,no,no
8286,51,46-55,housemaid,married,basic.4y,unknown,no,yes
8287,34,26-35,student,single,university.degree,no,no,no
8288,30,26-35,student,single,university.degree,no,yes,yes
8289,46,46-55,self-employed,married,basic.4y,no,no,yes
8290,48,46-55,admin.,married,unknown,no,no,no
8291,48,46-55,blue-collar,married,basic.4y,unknown,no,yes
8292,54,46-55,blue-collar,married,basic.4y,unknown,yes,no
8293,31,26-35,self-employed,married,basic.4y,unknown,yes,no
8294,35,26-35,technician,single,university.degree,no,yes,yes
8295,45,36-45,blue-collar,married,professional.course,no,yes,no
8296,45,36-45,blue-collar,married,professional.course,no,no,no
8297,49,46-55,housemaid,married,university.degree,no,yes,yes
8298,34,26-35,technician,divorced,university.degree,no,yes,yes
8299,41,36-45,technician,divorced,university.degree,no,no,no
8300,41,36-45,technician,divorced,university.degree,no,yes,no
8301,40,36-45,housemaid,divorced,basic.9y,no,yes,no
8302,31,26-35,admin.,single,university.degree,unknown,no,yes
8303,31,26-35,admin.,single,university.degree,unknown,yes,no
8304,52,46-55,management,married,university.degree,unknown,yes,yes
8305,48,46-55,services,married,basic.4y,unknown,no,no
8306,48,46-55,services,married,basic.4y,unknown,yes,no
8307,39,36-45,admin.,single,high.school,no,unknown,unknown
8308,49,46-55,admin.,married,basic.9y,unknown,no,yes
8309,56,56-65,admin.,married,basic.6y,unknown,no,no
8310,47,46-55,admin.,single,university.degree,no,yes,no
8311,46,46-55,technician,single,university.degree,no,no,no
8312,41,36-45,unemployed,divorced,university.degree,unknown,yes,no
8313,45,36-45,self-employed,married,basic.4y,no,no,no
8314,59,56-65,retired,married,high.school,no,unknown,unknown
8315,36,36-45,technician,divorced,university.degree,no,yes,no
8316,38,36-45,housemaid,married,basic.4y,no,no,no
8317,33,26-35,admin.,married,university.degree,unknown,yes,yes
8318,31,26-35,services,married,professional.course,unknown,yes,no
8319,48,46-55,services,married,basic.4y,unknown,no,yes
8320,45,36-45,self-employed,married,basic.4y,no,yes,yes
8321,29,26-35,services,single,professional.course,no,yes,yes
8322,29,26-35,technician,single,high.school,no,yes,no
8323,47,46-55,management,married,high.school,no,no,no
8324,50,46-55,services,married,unknown,no,yes,no
8325,45,36-45,admin.,divorced,university.degree,no,no,yes
8326,56,56-65,blue-collar,married,basic.4y,unknown,no,yes
8327,54,46-55,admin.,single,university.degree,unknown,no,no
8328,46,46-55,admin.,married,basic.9y,no,no,no
8329,58,56-65,admin.,married,high.school,no,no,no
8330,44,36-45,unemployed,married,professional.course,unknown,no,no
8331,37,36-45,student,married,professional.course,unknown,yes,no
8332,37,36-45,student,married,professional.course,unknown,no,no
8333,33,26-35,unknown,married,unknown,unknown,no,no
8334,52,46-55,technician,divorced,high.school,no,yes,no
8335,37,36-45,housemaid,married,high.school,unknown,no,no
8336,37,36-45,housemaid,married,high.school,unknown,yes,no
8337,46,46-55,technician,married,professional.course,unknown,no,no
8338,54,46-55,self-employed,married,basic.9y,unknown,yes,no
8339,50,46-55,entrepreneur,married,professional.course,no,yes,yes
8340,31,26-35,housemaid,married,basic.4y,no,yes,no
8341,48,46-55,blue-collar,married,unknown,unknown,unknown,unknown
8342,50,46-55,admin.,married,basic.9y,no,yes,no
8343,55,46-55,admin.,married,unknown,unknown,yes,no
8344,44,36-45,self-employed,married,university.degree,no,no,no
8345,58,56-65,unemployed,married,professional.course,unknown,yes,no
8346,45,36-45,blue-collar,married,high.school,unknown,no,no
8347,50,46-55,entrepreneur,married,professional.course,unknown,yes,no
8348,51,46-55,technician,divorced,professional.course,no,yes,no
8349,38,36-45,housemaid,married,basic.6y,no,yes,no
8350,58,56-65,unemployed,married,professional.course,unknown,no,no
8351,36,36-45,admin.,married,high.school,unknown,yes,yes
8352,59,56-65,unemployed,married,professional.course,no,no,no
8353,56,56-65,admin.,married,basic.4y,no,no,no
8354,46,46-55,services,married,basic.6y,no,yes,no
8355,47,46-55,technician,married,high.school,unknown,yes,no
8356,31,26-35,entrepreneur,married,university.degree,no,no,no
8357,31,26-35,admin.,married,professional.course,unknown,yes,no
8358,51,46-55,technician,divorced,professional.course,no,no,yes
8359,50,46-55,unemployed,married,professional.course,unknown,yes,no
8360,57,56-65,retired,married,professional.course,no,yes,no
8361,33,26-35,technician,married,high.school,unknown,no,no
8362,33,26-35,housemaid,married,basic.9y,no,yes,no
8363,51,46-55,technician,married,university.degree,unknown,no,no
8364,52,46-55,blue-collar,married,high.school,no,no,no
8365,45,36-45,technician,married,high.school,no,yes,yes
8366,47,46-55,services,married,high.school,no,yes,yes
8367,51,46-55,admin.,divorced,high.school,no,no,no
8368,40,36-45,technician,single,university.degree,no,yes,yes
8369,36,36-45,blue-collar,married,professional.course,no,no,no
8370,48,46-55,technician,married,university.degree,unknown,no,no
8371,57,56-65,technician,married,high.school,unknown,no,yes
8372,33,26-35,admin.,married,professional.course,no,yes,no
8373,57,56-65,technician,married,high.school,unknown,no,no
8374,45,36-45,admin.,married,high.school,unknown,yes,yes
8375,35,26-35,housemaid,married,university.degree,unknown,no,yes
8376,47,46-55,entrepreneur,married,high.school,no,unknown,unknown
8377,50,46-55,services,married,basic.4y,no,no,no
8378,44,36-45,services,married,high.school,unknown,yes,yes
8379,29,26-35,admin.,single,university.degree,unknown,no,no
8380,30,26-35,admin.,divorced,university.degree,no,unknown,unknown
8381,60,56-65,admin.,married,university.degree,no,yes,yes
8382,54,46-55,self-employed,married,professional.course,no,no,no
8383,47,46-55,admin.,married,basic.9y,no,no,no
8384,55,46-55,admin.,married,professional.course,no,yes,no
8385,50,46-55,blue-collar,married,basic.6y,no,yes,no
8386,36,36-45,technician,married,university.degree,no,unknown,unknown
8387,51,46-55,housemaid,married,basic.4y,unknown,no,no
8388,45,36-45,admin.,married,high.school,unknown,unknown,unknown
8389,40,36-45,technician,single,university.degree,no,yes,no
8390,44,36-45,technician,divorced,high.school,unknown,yes,no
8391,30,26-35,admin.,divorced,university.degree,no,no,no
8392,34,26-35,technician,single,high.school,unknown,no,no
8393,52,46-55,services,married,professional.course,no,no,yes
8394,38,36-45,admin.,married,university.degree,unknown,yes,no
8395,34,26-35,admin.,divorced,high.school,no,yes,yes
8396,51,46-55,admin.,divorced,university.degree,no,yes,yes
8397,49,46-55,housemaid,married,basic.4y,no,yes,no
8398,52,46-55,blue-collar,married,basic.6y,unknown,no,no
8399,58,56-65,self-employed,married,university.degree,no,yes,no
8400,31,26-35,unemployed,married,university.degree,no,yes,no
8401,32,26-35,technician,divorced,university.degree,no,yes,yes
8402,48,46-55,housemaid,married,basic.6y,unknown,no,no
8403,57,56-65,retired,married,basic.9y,unknown,yes,no
8404,38,36-45,technician,married,professional.course,unknown,no,yes
8405,42,36-45,self-employed,married,university.degree,no,no,yes
8406,44,36-45,self-employed,married,professional.course,no,unknown,unknown
8407,38,36-45,entrepreneur,married,university.degree,no,unknown,unknown
8408,44,36-45,admin.,married,high.school,unknown,yes,no
8409,34,26-35,admin.,divorced,high.school,no,yes,no
8410,53,46-55,admin.,divorced,high.school,no,no,yes
8411,41,36-45,technician,divorced,university.degree,no,yes,yes
8412,52,46-55,retired,married,high.school,no,yes,no
8413,34,26-35,entrepreneur,married,university.degree,unknown,yes,no
8414,59,56-65,retired,married,basic.4y,no,yes,no
8415,38,36-45,technician,divorced,high.school,no,yes,no
8416,39,36-45,technician,single,high.school,no,no,no
8417,37,36-45,technician,married,high.school,unknown,yes,yes
8418,38,36-45,technician,divorced,high.school,no,no,no
8419,56,56-65,unknown,married,basic.4y,no,yes,no
8420,43,36-45,admin.,married,university.degree,no,unknown,unknown
8421,47,46-55,retired,married,basic.9y,unknown,no,yes
8422,55,46-55,services,married,high.school,unknown,no,no
8423,32,26-35,technician,married,high.school,no,yes,no
8424,37,36-45,housemaid,married,university.degree,unknown,no,yes
8425,35,26-35,unemployed,single,university.degree,no,no,no
8426,41,36-45,self-employed,married,professional.course,no,no,no
8427,41,36-45,self-employed,married,professional.course,no,yes,no
8428,37,36-45,admin.,married,university.degree,unknown,yes,yes
8429,50,46-55,admin.,married,basic.4y,unknown,yes,no
8430,36,36-45,housemaid,married,basic.6y,no,no,no
8431,51,46-55,technician,married,professional.course,unknown,yes,yes
8432,57,56-65,technician,single,high.school,no,yes,no
8433,39,36-45,admin.,single,university.degree,unknown,no,yes
8434,47,46-55,technician,single,high.school,no,no,no
8435,58,56-65,technician,married,professional.course,no,unknown,unknown
8436,37,36-45,technician,single,professional.course,no,yes,yes
8437,29,26-35,technician,married,university.degree,unknown,yes,no
8438,37,36-45,technician,single,professional.course,unknown,yes,no
8439,30,26-35,management,married,high.school,no,no,no
8440,33,26-35,technician,single,high.school,no,yes,yes
8441,52,46-55,blue-collar,married,basic.6y,unknown,yes,no
8442,36,36-45,self-employed,married,high.school,unknown,yes,no
8443,37,36-45,technician,divorced,professional.course,no,yes,yes
8444,31,26-35,unemployed,single,university.degree,no,yes,no
8445,49,46-55,blue-collar,married,basic.6y,no,yes,yes
8446,30,26-35,technician,single,university.degree,no,no,yes
8447,55,46-55,admin.,married,professional.course,no,no,no
8448,52,46-55,unemployed,married,university.degree,no,yes,no
8449,30,26-35,technician,single,high.school,unknown,no,no
8450,34,26-35,admin.,single,university.degree,unknown,yes,yes
8451,40,36-45,technician,married,professional.course,no,unknown,unknown
8452,38,36-45,technician,single,high.school,unknown,yes,yes
8453,56,56-65,blue-collar,married,basic.9y,unknown,yes,yes
8454,55,46-55,retired,married,basic.9y,no,no,no
8455,38,36-45,admin.,married,university.degree,unknown,no,no
8456,30,26-35,housemaid,married,basic.6y,no,yes,no
8457,39,36-45,technician,single,high.school,unknown,yes,no
8458,32,26-35,entrepreneur,married,university.degree,no,no,no
8459,37,36-45,technician,married,university.degree,unknown,yes,yes
8460,38,36-45,technician,single,high.school,unknown,no,no
8461,32,26-35,technician,married,university.degree,unknown,no,no
8462,33,26-35,housemaid,married,high.school,no,yes,no
8463,33,26-35,admin.,single,university.degree,no,unknown,unknown
8464,57,56-65,housemaid,married,basic.9y,unknown,yes,no
8465,40,36-45,self-employed,single,university.degree,no,no,no
8466,36,36-45,admin.,single,university.degree,unknown,yes,no
8467,55,46-55,blue-collar,married,basic.6y,no,yes,yes
8468,54,46-55,blue-collar,married,basic.4y,no,unknown,unknown
8469,54,46-55,self-employed,married,basic.9y,no,no,no
8470,50,46-55,management,married,university.degree,no,yes,yes
8471,48,46-55,technician,married,university.degree,no,yes,yes
8472,40,36-45,management,married,high.school,unknown,yes,no
8473,44,36-45,admin.,married,high.school,no,no,yes
8474,50,46-55,blue-collar,married,professional.course,unknown,no,no
8475,58,56-65,retired,married,university.degree,no,yes,no
8476,52,46-55,housemaid,married,basic.6y,no,no,no
8477,52,46-55,housemaid,married,basic.6y,no,yes,no
8478,31,26-35,housemaid,single,university.degree,no,yes,no
8479,39,36-45,management,married,university.degree,no,unknown,unknown
8480,36,36-45,services,married,professional.course,no,yes,yes
8481,56,56-65,retired,married,high.school,no,unknown,unknown
8482,53,46-55,entrepreneur,married,basic.9y,unknown,yes,no
8483,38,36-45,technician,married,high.school,no,unknown,unknown
8484,46,46-55,services,married,university.degree,no,no,no
8485,31,26-35,housemaid,single,professional.course,unknown,yes,yes
8486,37,36-45,technician,married,professional.course,no,yes,yes
8487,59,56-65,technician,married,professional.course,no,no,yes
8488,38,36-45,technician,single,high.school,unknown,no,yes
8489,45,36-45,self-employed,married,basic.4y,unknown,unknown,unknown
8490,31,26-35,unemployed,single,university.degree,no,no,no
8491,46,46-55,services,married,unknown,no,no,no
8492,51,46-55,admin.,divorced,professional.course,no,no,yes
8493,34,26-35,services,married,professional.course,no,yes,no
8494,35,26-35,technician,married,high.school,no,yes,no
8495,36,36-45,technician,single,professional.course,no,unknown,unknown
8496,60,56-65,services,married,high.school,unknown,no,no
8497,39,36-45,technician,divorced,professional.course,no,yes,yes
8498,54,46-55,admin.,married,high.school,no,no,yes
8499,43,36-45,admin.,divorced,university.degree,unknown,no,no
8500,35,26-35,technician,married,high.school,unknown,no,yes
8501,35,26-35,management,married,university.degree,no,unknown,unknown
8502,42,36-45,technician,single,university.degree,no,yes,no
8503,29,26-35,management,married,university.degree,no,yes,yes
8504,59,56-65,retired,married,basic.9y,unknown,yes,no
8505,53,46-55,admin.,married,basic.9y,no,yes,no
8506,44,36-45,management,married,basic.9y,no,yes,no
8507,49,46-55,retired,divorced,professional.course,no,yes,yes
8508,31,26-35,services,single,university.degree,unknown,yes,no
8509,54,46-55,services,married,basic.4y,no,yes,no
8510,52,46-55,housemaid,divorced,high.school,no,yes,no
8511,39,36-45,admin.,divorced,university.degree,no,yes,no
8512,31,26-35,housemaid,married,basic.4y,no,no,yes
8513,56,56-65,blue-collar,married,unknown,no,yes,no
8514,32,26-35,technician,married,professional.course,unknown,yes,no
8515,60,56-65,services,married,basic.4y,no,yes,no
8516,56,56-65,admin.,married,professional.course,no,yes,no
8517,57,56-65,self-employed,married,basic.9y,no,no,no
8518,29,26-35,technician,unknown,high.school,no,yes,no
8519,35,26-35,admin.,married,university.degree,unknown,yes,yes
8520,35,26-35,technician,married,professional.course,unknown,yes,yes
8521,51,46-55,admin.,married,university.degree,unknown,unknown,unknown
8522,45,36-45,blue-collar,married,high.school,unknown,yes,no
8523,59,56-65,retired,married,university.degree,no,no,yes
8524,58,56-65,admin.,married,university.degree,no,no,no
8525,38,36-45,management,married,university.degree,unknown,no,yes
8526,56,56-65,admin.,married,university.degree,unknown,yes,yes
8527,39,36-45,technician,married,professional.course,no,yes,yes
8528,40,36-45,management,married,high.school,no,no,yes
8529,54,46-55,services,married,basic.4y,no,no,no
8530,57,56-65,admin.,single,university.degree,unknown,yes,yes
8531,33,26-35,admin.,single,university.degree,unknown,yes,yes
8532,54,46-55,services,married,basic.4y,no,yes,yes
8533,57,56-65,admin.,single,university.degree,unknown,yes,no
8534,55,46-55,entrepreneur,divorced,high.school,unknown,no,no
8535,40,36-45,technician,married,professional.course,unknown,yes,yes
8536,34,26-35,admin.,divorced,university.degree,no,yes,yes
8537,42,36-45,unemployed,married,university.degree,unknown,no,yes
8538,30,26-35,technician,married,university.degree,unknown,no,yes
8539,44,36-45,admin.,married,university.degree,unknown,no,yes
8540,48,46-55,management,married,university.degree,unknown,no,no
8541,54,46-55,admin.,single,university.degree,no,yes,no
8542,33,26-35,technician,single,university.degree,unknown,unknown,unknown
8543,45,36-45,self-employed,married,basic.6y,no,yes,no
8544,55,46-55,technician,married,university.degree,unknown,no,no
8545,54,46-55,blue-collar,married,basic.4y,unknown,unknown,unknown
8546,40,36-45,management,married,high.school,no,yes,no
8547,52,46-55,technician,married,professional.course,no,yes,yes
8548,56,56-65,admin.,married,university.degree,unknown,yes,no
8549,60,56-65,retired,married,basic.9y,unknown,no,no
8550,55,46-55,technician,married,university.degree,unknown,yes,no
8551,34,26-35,admin.,divorced,university.degree,no,yes,no
8552,34,26-35,entrepreneur,married,unknown,no,yes,no
8553,34,26-35,entrepreneur,married,unknown,no,no,no
8554,34,26-35,entrepreneur,married,unknown,no,yes,yes
8555,47,46-55,admin.,married,professional.course,no,yes,no
8556,34,26-35,unknown,married,basic.6y,no,yes,no
8557,31,26-35,technician,single,high.school,unknown,no,no
8558,52,46-55,housemaid,married,basic.6y,unknown,no,no
8559,41,36-45,housemaid,single,university.degree,no,yes,no
8560,57,56-65,technician,divorced,university.degree,no,yes,no
8561,51,46-55,management,married,high.school,unknown,no,no
8562,48,46-55,admin.,married,university.degree,unknown,yes,yes
8563,59,56-65,self-employed,married,basic.9y,no,yes,no
8564,36,36-45,admin.,unknown,university.degree,no,no,no
8565,36,36-45,admin.,unknown,university.degree,no,yes,no
8566,29,26-35,blue-collar,single,university.degree,no,yes,no
8567,31,26-35,technician,married,professional.course,unknown,yes,no
8568,56,56-65,retired,married,university.degree,no,no,no
8569,39,36-45,admin.,divorced,university.degree,no,no,no
8570,44,36-45,technician,divorced,professional.course,unknown,yes,yes
8571,46,46-55,retired,married,basic.9y,unknown,yes,no
8572,51,46-55,management,married,high.school,unknown,yes,no
8573,57,56-65,technician,single,university.degree,unknown,yes,no
8574,55,46-55,technician,divorced,professional.course,no,yes,no
8575,42,36-45,technician,single,university.degree,no,yes,yes
8576,45,36-45,admin.,single,university.degree,no,no,no
8577,58,56-65,blue-collar,married,basic.9y,unknown,no,no
8578,48,46-55,entrepreneur,married,basic.4y,unknown,no,no
8579,42,36-45,admin.,married,professional.course,unknown,yes,no
8580,42,36-45,admin.,married,professional.course,unknown,no,yes
8581,42,36-45,admin.,married,professional.course,unknown,yes,yes
8582,30,26-35,unknown,divorced,university.degree,no,no,yes
8583,23,18-25,entrepreneur,married,university.degree,no,yes,no
8584,55,46-55,self-employed,married,basic.4y,unknown,unknown,unknown
8585,47,46-55,housemaid,married,high.school,unknown,yes,no
8586,54,46-55,blue-collar,married,basic.4y,unknown,no,yes
8587,45,36-45,self-employed,married,basic.9y,unknown,yes,no
8588,56,56-65,blue-collar,married,basic.4y,no,unknown,unknown
8589,47,46-55,admin.,divorced,university.degree,unknown,no,no
8590,34,26-35,technician,married,university.degree,unknown,yes,no
8591,34,26-35,technician,married,university.degree,unknown,no,yes
8592,36,36-45,self-employed,married,basic.9y,unknown,yes,yes
8593,50,46-55,self-employed,married,basic.9y,no,yes,no
8594,54,46-55,blue-collar,married,university.degree,unknown,yes,no
8595,58,56-65,technician,divorced,university.degree,unknown,yes,no
8596,31,26-35,admin.,single,university.degree,unknown,no,no
8597,54,46-55,self-employed,married,university.degree,unknown,yes,no
8598,52,46-55,services,married,basic.9y,unknown,yes,yes
8599,41,36-45,technician,married,university.degree,unknown,yes,no
8600,41,36-45,admin.,divorced,university.degree,unknown,no,no
8601,36,36-45,self-employed,married,basic.9y,unknown,no,no
8602,30,26-35,admin.,single,university.degree,unknown,no,no
8603,45,36-45,services,married,high.school,unknown,yes,yes
8604,39,36-45,admin.,divorced,university.degree,no,yes,yes
8605,46,46-55,technician,married,high.school,unknown,no,no
8606,30,26-35,technician,married,professional.course,unknown,yes,no
8607,58,56-65,technician,married,high.school,no,yes,yes
8608,47,46-55,admin.,married,high.school,no,yes,yes
8609,30,26-35,admin.,married,high.school,unknown,no,yes
8610,31,26-35,housemaid,married,basic.6y,no,no,no
8611,58,56-65,technician,married,high.school,no,yes,no
8612,31,26-35,housemaid,married,university.degree,no,yes,yes
8613,31,26-35,housemaid,married,basic.6y,no,yes,yes
8614,57,56-65,technician,single,university.degree,unknown,yes,yes
8615,53,46-55,blue-collar,married,basic.6y,unknown,unknown,unknown
8616,59,56-65,technician,single,university.degree,unknown,yes,no
8617,30,26-35,admin.,married,high.school,unknown,yes,yes
8618,55,46-55,technician,divorced,professional.course,no,no,yes
8619,44,36-45,technician,divorced,professional.course,unknown,yes,no
8620,45,36-45,blue-collar,married,basic.6y,no,yes,yes
8621,49,46-55,technician,divorced,professional.course,unknown,no,no
8622,47,46-55,technician,married,university.degree,no,yes,no
8623,31,26-35,technician,married,professional.course,unknown,unknown,unknown
8624,51,46-55,blue-collar,married,basic.9y,unknown,yes,yes
8625,47,46-55,blue-collar,married,basic.9y,unknown,yes,yes
8626,31,26-35,technician,married,professional.course,unknown,yes,yes
8627,54,46-55,self-employed,married,high.school,no,yes,yes
8628,43,36-45,housemaid,divorced,professional.course,no,no,yes
8629,54,46-55,self-employed,married,high.school,no,no,no
8630,33,26-35,housemaid,married,professional.course,no,yes,no
8631,54,46-55,self-employed,married,high.school,no,yes,no
8632,32,26-35,unknown,married,basic.9y,no,no,no
8633,48,46-55,blue-collar,married,professional.course,unknown,yes,no
8634,35,26-35,technician,married,university.degree,no,unknown,unknown
8635,38,36-45,technician,divorced,university.degree,unknown,no,no
8636,33,26-35,unemployed,divorced,professional.course,no,no,no
8637,50,46-55,technician,married,university.degree,no,unknown,unknown
8638,45,36-45,services,married,basic.6y,no,yes,no
8639,46,46-55,services,married,unknown,unknown,no,no
8640,30,26-35,housemaid,married,professional.course,no,yes,no
8641,59,56-65,admin.,married,university.degree,unknown,yes,no
8642,36,36-45,self-employed,married,basic.6y,unknown,no,no
8643,52,46-55,housemaid,married,basic.4y,unknown,yes,yes
8644,30,26-35,admin.,married,university.degree,unknown,no,no
8645,32,26-35,technician,married,high.school,unknown,yes,no
8646,30,26-35,admin.,married,university.degree,unknown,yes,yes
8647,46,46-55,services,married,unknown,unknown,unknown,unknown
8648,46,46-55,services,married,unknown,unknown,yes,no
8649,34,26-35,unemployed,married,university.degree,unknown,yes,no
8650,54,46-55,admin.,divorced,university.degree,no,yes,no
8651,38,36-45,entrepreneur,single,university.degree,no,no,no
8652,36,36-45,self-employed,married,high.school,unknown,no,no
8653,45,36-45,technician,divorced,university.degree,no,no,no
8654,34,26-35,admin.,single,university.degree,unknown,no,yes
8655,49,46-55,services,married,basic.4y,unknown,no,no
8656,50,46-55,services,married,basic.9y,unknown,yes,no
8657,38,36-45,technician,married,university.degree,no,no,no
8658,38,36-45,technician,divorced,university.degree,unknown,yes,no
8659,41,36-45,admin.,married,university.degree,unknown,yes,no
8660,39,36-45,technician,single,professional.course,unknown,yes,no
8661,50,46-55,services,married,basic.6y,unknown,no,no
8662,29,26-35,admin.,married,high.school,no,yes,yes
8663,35,26-35,housemaid,single,professional.course,no,yes,yes
8664,59,56-65,technician,married,professional.course,unknown,yes,no
8665,37,36-45,admin.,married,professional.course,unknown,yes,yes
8666,30,26-35,technician,single,professional.course,unknown,yes,yes
8667,48,46-55,blue-collar,married,unknown,no,yes,no
8668,36,36-45,technician,single,high.school,unknown,no,no
8669,53,46-55,retired,divorced,professional.course,no,no,no
8670,37,36-45,admin.,married,professional.course,unknown,no,no
8671,31,26-35,self-employed,single,professional.course,no,yes,no
8672,45,36-45,technician,divorced,university.degree,no,yes,no
8673,36,36-45,admin.,single,university.degree,unknown,yes,yes
8674,53,46-55,retired,divorced,professional.course,no,unknown,unknown
8675,50,46-55,services,married,basic.9y,unknown,yes,yes
8676,54,46-55,management,married,high.school,no,no,no
8677,29,26-35,housemaid,married,university.degree,no,yes,no
8678,31,26-35,technician,single,professional.course,no,unknown,unknown
8679,49,46-55,blue-collar,married,high.school,unknown,yes,yes
8680,37,36-45,technician,single,university.degree,unknown,no,yes
8681,49,46-55,unknown,married,high.school,unknown,no,no
8682,53,46-55,technician,married,university.degree,unknown,yes,yes
8683,38,36-45,technician,divorced,high.school,unknown,no,no
8684,31,26-35,technician,married,unknown,no,no,no
8685,45,36-45,technician,divorced,university.degree,unknown,no,no
8686,53,46-55,self-employed,married,university.degree,unknown,yes,no
8687,44,36-45,blue-collar,married,basic.6y,no,no,yes
8688,35,26-35,entrepreneur,divorced,professional.course,unknown,no,no
8689,49,46-55,self-employed,married,professional.course,unknown,no,no
8690,54,46-55,technician,married,professional.course,unknown,no,no
8691,32,26-35,self-employed,single,professional.course,no,unknown,unknown
8692,49,46-55,services,single,professional.course,no,yes,no
8693,32,26-35,technician,divorced,professional.course,no,no,yes
8694,41,36-45,admin.,divorced,university.degree,no,no,no
8695,58,56-65,retired,married,unknown,unknown,no,yes
8696,29,26-35,management,single,university.degree,no,no,yes
8697,45,36-45,unknown,married,basic.9y,unknown,no,no
8698,54,46-55,housemaid,married,basic.4y,no,yes,no
8699,34,26-35,technician,married,high.school,unknown,no,no
8700,47,46-55,housemaid,married,basic.4y,unknown,no,yes
8701,45,36-45,technician,single,university.degree,unknown,no,no
8702,33,26-35,technician,divorced,high.school,no,yes,yes
8703,50,46-55,technician,married,high.school,unknown,no,no
8704,37,36-45,technician,married,high.school,no,no,no
8705,58,56-65,technician,divorced,professional.course,unknown,yes,no
8706,47,46-55,services,married,basic.4y,no,yes,no
8707,58,56-65,self-employed,married,university.degree,no,yes,yes
8708,41,36-45,admin.,married,university.degree,unknown,no,no
8709,35,26-35,entrepreneur,divorced,professional.course,unknown,unknown,unknown
8710,37,36-45,self-employed,single,university.degree,no,yes,no
8711,44,36-45,unknown,married,unknown,unknown,unknown,unknown
8712,54,46-55,blue-collar,married,basic.4y,no,no,yes
8713,43,36-45,admin.,married,university.degree,no,no,yes
8714,33,26-35,technician,single,university.degree,no,yes,yes
8715,58,56-65,retired,married,university.degree,unknown,no,no
8716,48,46-55,technician,married,high.school,unknown,yes,yes
8717,48,46-55,technician,married,high.school,unknown,no,yes
8718,47,46-55,services,married,basic.4y,no,yes,yes
8719,48,46-55,technician,married,professional.course,yes,no,no
8720,48,46-55,technician,married,professional.course,yes,yes,no
8721,36,36-45,unemployed,single,professional.course,no,yes,yes
8722,47,46-55,unemployed,married,professional.course,unknown,yes,yes
8723,49,46-55,unknown,married,high.school,unknown,no,yes
8724,59,56-65,admin.,married,basic.4y,unknown,yes,yes
8725,30,26-35,technician,married,high.school,no,yes,yes
8726,35,26-35,technician,married,professional.course,unknown,no,no
8727,45,36-45,blue-collar,married,unknown,no,no,no
8728,39,36-45,technician,divorced,high.school,no,yes,yes
8729,32,26-35,technician,married,university.degree,unknown,yes,no
8730,30,26-35,management,married,high.school,no,yes,no
8731,38,36-45,unemployed,single,university.degree,no,yes,yes
8732,33,26-35,admin.,married,university.degree,unknown,no,no
8733,44,36-45,admin.,married,basic.9y,unknown,yes,yes
8734,31,26-35,services,married,university.degree,no,yes,no
8735,33,26-35,admin.,single,university.degree,unknown,unknown,unknown
8736,52,46-55,unemployed,married,basic.4y,no,no,no
8737,30,26-35,admin.,single,professional.course,no,no,no
8738,55,46-55,retired,married,high.school,unknown,yes,yes
8739,40,36-45,admin.,divorced,university.degree,unknown,no,no
8740,41,36-45,technician,single,professional.course,unknown,no,yes
8741,31,26-35,admin.,single,high.school,unknown,yes,no
8742,29,26-35,technician,single,university.degree,unknown,no,yes
8743,41,36-45,technician,single,professional.course,unknown,yes,no
8744,52,46-55,admin.,divorced,unknown,no,no,no
8745,40,36-45,technician,divorced,university.degree,no,no,no
8746,31,26-35,technician,single,university.degree,no,no,yes
8747,57,56-65,services,married,high.school,no,no,no
8748,58,56-65,blue-collar,married,basic.6y,no,yes,no
8749,33,26-35,admin.,single,university.degree,unknown,no,no
8750,29,26-35,services,married,professional.course,no,no,no
8751,31,26-35,services,divorced,high.school,no,yes,yes
8752,60,56-65,retired,married,basic.4y,unknown,yes,yes
8753,40,36-45,admin.,divorced,university.degree,unknown,yes,no
8754,58,56-65,admin.,married,university.degree,unknown,yes,yes
8755,38,36-45,technician,married,professional.course,unknown,yes,yes
8756,55,46-55,retired,married,basic.9y,unknown,yes,yes
8757,29,26-35,technician,single,high.school,unknown,yes,no
8758,33,26-35,admin.,single,university.degree,unknown,yes,no
8759,51,46-55,retired,married,university.degree,no,no,no
8760,32,26-35,housemaid,married,university.degree,no,yes,yes
8761,43,36-45,unemployed,married,professional.course,no,no,yes
8762,32,26-35,technician,single,university.degree,unknown,yes,no
8763,55,46-55,services,married,basic.4y,no,no,yes
8764,55,46-55,services,married,basic.4y,no,yes,no
8765,49,46-55,admin.,divorced,university.degree,unknown,no,no
8766,45,36-45,management,married,high.school,unknown,yes,no
8767,45,36-45,blue-collar,married,basic.6y,no,no,no
8768,36,36-45,self-employed,divorced,professional.course,no,yes,no
8769,36,36-45,technician,married,high.school,unknown,yes,no
8770,31,26-35,entrepreneur,single,university.degree,no,yes,yes
8771,54,46-55,self-employed,married,professional.course,unknown,yes,no
8772,59,56-65,retired,married,basic.9y,no,yes,yes
8773,57,56-65,services,married,professional.course,no,yes,no
8774,60,56-65,retired,married,university.degree,no,no,no
8775,50,46-55,technician,divorced,professional.course,unknown,no,no
8776,48,46-55,technician,divorced,professional.course,unknown,yes,no
8777,36,36-45,technician,single,university.degree,no,unknown,unknown
8778,51,46-55,technician,single,professional.course,no,no,no
8779,43,36-45,technician,married,professional.course,no,yes,yes
8780,36,36-45,technician,married,university.degree,no,no,yes
8781,31,26-35,technician,married,university.degree,no,unknown,unknown
8782,59,56-65,management,married,university.degree,no,yes,no
8783,58,56-65,admin.,divorced,professional.course,no,no,no
8784,36,36-45,housemaid,single,university.degree,no,no,yes
8785,39,36-45,technician,married,professional.course,unknown,yes,no
8786,52,46-55,blue-collar,married,basic.9y,no,unknown,unknown
8787,35,26-35,technician,single,university.degree,no,no,yes
8788,29,26-35,technician,single,high.school,unknown,no,no
8789,31,26-35,technician,single,university.degree,unknown,no,no
8790,34,26-35,entrepreneur,married,basic.9y,unknown,yes,no
8791,31,26-35,technician,married,university.degree,unknown,no,no
8792,43,36-45,admin.,divorced,university.degree,no,no,yes
8793,47,46-55,housemaid,divorced,basic.9y,no,yes,no
8794,32,26-35,self-employed,married,high.school,no,yes,no
8795,35,26-35,management,married,university.degree,unknown,yes,yes
8796,45,36-45,unemployed,married,basic.9y,no,yes,no
8797,45,36-45,technician,divorced,professional.course,unknown,unknown,unknown
8798,55,46-55,services,married,basic.9y,no,no,no
8799,30,26-35,housemaid,married,university.degree,no,yes,no
8800,46,46-55,services,married,basic.9y,unknown,yes,yes
8801,52,46-55,admin.,single,university.degree,unknown,unknown,unknown
8802,55,46-55,services,married,unknown,unknown,yes,no
8803,53,46-55,admin.,married,high.school,no,no,yes
8804,56,56-65,self-employed,married,basic.9y,no,yes,no
8805,52,46-55,technician,married,high.school,no,no,yes
8806,45,36-45,housemaid,married,basic.4y,no,no,no
8807,44,36-45,technician,divorced,professional.course,unknown,no,no
8808,46,46-55,services,married,basic.9y,unknown,yes,no
8809,30,26-35,technician,married,university.degree,no,yes,yes
8810,30,26-35,technician,single,professional.course,unknown,yes,no
8811,56,56-65,retired,married,basic.4y,unknown,no,yes
8812,49,46-55,blue-collar,divorced,basic.4y,no,no,no
8813,58,56-65,retired,married,professional.course,no,no,no
8814,54,46-55,blue-collar,married,unknown,no,yes,no
8815,31,26-35,technician,married,university.degree,unknown,yes,no
8816,44,36-45,unknown,married,professional.course,unknown,no,yes
8817,55,46-55,technician,married,professional.course,no,no,yes
8818,49,46-55,blue-collar,married,high.school,unknown,no,yes
8819,49,46-55,blue-collar,married,high.school,unknown,yes,no
8820,35,26-35,services,divorced,professional.course,no,no,yes
8821,36,36-45,technician,single,high.school,unknown,yes,yes
8822,42,36-45,technician,divorced,high.school,unknown,yes,no
8823,41,36-45,self-employed,married,basic.6y,no,no,no
8824,44,36-45,housemaid,married,basic.4y,no,yes,no
8825,29,26-35,admin.,divorced,university.degree,no,yes,yes
8826,47,46-55,services,married,basic.9y,no,yes,no
8827,42,36-45,technician,married,university.degree,no,yes,yes
8828,43,36-45,admin.,single,university.degree,no,no,no
8829,34,26-35,housemaid,single,university.degree,no,yes,no
8830,56,56-65,self-employed,married,basic.9y,no,unknown,unknown
8831,31,26-35,admin.,divorced,university.degree,no,no,yes
8832,42,36-45,entrepreneur,married,university.degree,unknown,yes,yes
8833,47,46-55,services,married,basic.9y,no,unknown,unknown
8834,49,46-55,services,married,basic.4y,no,yes,no
8835,54,46-55,housemaid,married,professional.course,no,yes,yes
8836,33,26-35,housemaid,divorced,professional.course,no,yes,no
8837,58,56-65,management,married,university.degree,unknown,yes,yes
8838,60,56-65,self-employed,married,university.degree,no,no,no
8839,46,46-55,self-employed,married,professional.course,no,no,no
8840,58,56-65,retired,married,high.school,unknown,yes,no
8841,47,46-55,services,divorced,high.school,unknown,no,no
8842,54,46-55,housemaid,married,university.degree,unknown,yes,no
8843,47,46-55,housemaid,married,basic.9y,no,no,no
8844,44,36-45,technician,divorced,university.degree,no,yes,no
8845,56,56-65,admin.,married,basic.9y,unknown,no,yes
8846,45,36-45,technician,single,university.degree,no,no,no
8847,35,26-35,management,married,university.degree,unknown,no,yes
8848,51,46-55,technician,married,professional.course,unknown,no,yes
8849,56,56-65,housemaid,married,basic.9y,unknown,no,no
8850,50,46-55,admin.,married,basic.9y,unknown,yes,no
8851,29,26-35,admin.,divorced,high.school,no,yes,no
8852,49,46-55,services,married,basic.4y,no,no,no
8853,49,46-55,admin.,unknown,university.degree,no,yes,no
8854,33,26-35,technician,married,professional.course,no,unknown,unknown
8855,30,26-35,admin.,married,university.degree,no,unknown,unknown
8856,49,46-55,admin.,unknown,university.degree,no,no,no
8857,50,46-55,admin.,married,university.degree,no,yes,yes
8858,39,36-45,admin.,married,university.degree,unknown,yes,yes
8859,33,26-35,admin.,single,high.school,unknown,unknown,unknown
8860,33,26-35,housemaid,divorced,professional.course,no,no,no
8861,54,46-55,technician,divorced,professional.course,unknown,yes,no
8862,31,26-35,technician,divorced,university.degree,no,yes,no
8863,32,26-35,technician,married,professional.course,unknown,no,no
8864,32,26-35,technician,married,professional.course,unknown,no,yes
8865,48,46-55,services,married,basic.4y,unknown,yes,yes
8866,59,56-65,services,married,basic.4y,unknown,no,no
8867,55,46-55,blue-collar,married,basic.9y,unknown,unknown,unknown
8868,34,26-35,technician,married,professional.course,unknown,yes,yes
8869,55,46-55,blue-collar,married,basic.9y,no,yes,yes
8870,32,26-35,services,married,professional.course,unknown,yes,no
8871,55,46-55,management,married,university.degree,no,no,no
8872,50,46-55,admin.,married,unknown,no,yes,no
8873,30,26-35,technician,divorced,high.school,no,no,no
8874,41,36-45,housemaid,married,university.degree,no,yes,no
8875,31,26-35,technician,single,professional.course,unknown,no,no
8876,57,56-65,technician,married,university.degree,no,yes,no
8877,31,26-35,admin.,divorced,university.degree,no,unknown,unknown
8878,36,36-45,admin.,married,university.degree,unknown,yes,yes
8879,30,26-35,technician,divorced,university.degree,no,yes,no
8880,45,36-45,housemaid,married,unknown,unknown,yes,yes
8881,45,36-45,blue-collar,married,illiterate,no,yes,no
8882,59,56-65,admin.,married,professional.course,no,yes,no
8883,44,36-45,services,married,basic.9y,no,yes,yes
8884,46,46-55,technician,married,high.school,no,yes,no
8885,40,36-45,admin.,single,professional.course,unknown,yes,no
8886,59,56-65,retired,married,university.degree,unknown,no,yes
8887,56,56-65,admin.,married,unknown,unknown,unknown,unknown
8888,59,56-65,admin.,married,professional.course,no,yes,yes
8889,46,46-55,services,married,unknown,no,yes,yes
8890,46,46-55,services,married,unknown,no,yes,no
8891,34,26-35,housemaid,married,unknown,no,yes,no
8892,39,36-45,housemaid,married,professional.course,no,yes,no
8893,39,36-45,housemaid,married,professional.course,no,no,no
8894,51,46-55,blue-collar,married,basic.6y,no,no,no
8895,35,26-35,self-employed,married,basic.9y,no,no,no
8896,47,46-55,technician,married,university.degree,unknown,no,no
8897,49,46-55,unemployed,married,high.school,unknown,no,no
8898,35,26-35,technician,single,high.school,unknown,yes,yes
8899,37,36-45,self-employed,married,university.degree,no,yes,no
8900,50,46-55,technician,married,university.degree,unknown,yes,no
8901,59,56-65,technician,divorced,professional.course,no,yes,no
8902,56,56-65,retired,married,unknown,no,no,no
8903,56,56-65,retired,married,unknown,no,no,yes
8904,35,26-35,technician,single,high.school,unknown,no,no
8905,33,26-35,unemployed,married,university.degree,no,no,no
8906,33,26-35,unemployed,married,university.degree,no,yes,yes
8907,31,26-35,technician,single,professional.course,no,yes,yes
8908,54,46-55,blue-collar,married,unknown,unknown,yes,yes
8909,59,56-65,retired,married,unknown,no,yes,yes
8910,54,46-55,blue-collar,married,unknown,unknown,yes,no
8911,59,56-65,retired,married,unknown,no,no,no
8912,38,36-45,self-employed,married,basic.9y,unknown,yes,no
8913,49,46-55,unemployed,married,high.school,unknown,yes,no
8914,40,36-45,technician,single,high.school,no,yes,no
8915,52,46-55,housemaid,married,unknown,no,yes,no
8916,53,46-55,admin.,married,basic.4y,no,no,no
8917,56,56-65,services,married,high.school,no,no,no
8918,58,56-65,blue-collar,married,unknown,unknown,yes,yes
8919,59,56-65,services,married,basic.4y,unknown,yes,no
8920,36,36-45,management,married,university.degree,unknown,yes,yes
8921,49,46-55,admin.,divorced,university.degree,unknown,yes,yes
8922,47,46-55,admin.,married,unknown,no,yes,no
8923,45,36-45,services,married,basic.4y,unknown,no,no
8924,32,26-35,technician,single,professional.course,unknown,unknown,unknown
8925,32,26-35,technician,divorced,high.school,no,no,no
8926,57,56-65,technician,married,professional.course,unknown,no,no
8927,52,46-55,admin.,married,unknown,unknown,no,no
8928,48,46-55,admin.,single,university.degree,no,unknown,unknown
8929,34,26-35,admin.,divorced,high.school,no,unknown,unknown
8930,53,46-55,admin.,divorced,university.degree,no,unknown,unknown
8931,37,36-45,management,married,high.school,no,no,no
8932,53,46-55,self-employed,married,basic.9y,no,yes,yes
8933,51,46-55,unemployed,married,basic.9y,no,no,no
8934,31,26-35,technician,divorced,high.school,no,yes,no
8935,48,46-55,self-employed,married,high.school,no,yes,no
8936,41,36-45,self-employed,married,basic.9y,no,no,yes
8937,60,56-65,management,married,university.degree,no,unknown,unknown
8938,43,36-45,housemaid,married,basic.6y,no,no,no
8939,44,36-45,blue-collar,married,illiterate,no,no,no
8940,40,36-45,technician,married,high.school,no,yes,yes
8941,39,36-45,admin.,married,professional.course,no,no,yes
8942,58,56-65,technician,divorced,professional.course,no,no,no
8943,52,46-55,admin.,single,university.degree,no,yes,no
8944,36,36-45,admin.,married,professional.course,no,yes,yes
8945,49,46-55,management,married,university.degree,unknown,no,no
8946,48,46-55,admin.,married,unknown,no,yes,yes
8947,45,36-45,unemployed,married,professional.course,no,yes,yes
8948,40,36-45,technician,single,university.degree,no,no,yes
8949,51,46-55,services,married,unknown,no,no,no
8950,48,46-55,self-employed,married,high.school,no,no,no
8951,36,36-45,admin.,divorced,high.school,no,no,yes
8952,31,26-35,technician,single,professional.course,no,no,yes
8953,32,26-35,technician,married,professional.course,no,unknown,unknown
8954,48,46-55,technician,married,university.degree,no,yes,no
8955,51,46-55,services,married,unknown,no,no,yes
8956,60,56-65,housemaid,married,basic.4y,no,no,no
8957,35,26-35,management,divorced,university.degree,no,no,yes
8958,30,26-35,technician,divorced,university.degree,no,no,no
8959,35,26-35,management,divorced,university.degree,no,yes,no
8960,58,56-65,admin.,divorced,university.degree,unknown,no,no
8961,58,56-65,admin.,divorced,university.degree,unknown,no,yes
8962,29,26-35,technician,single,professional.course,unknown,no,no
8963,44,36-45,self-employed,married,basic.9y,unknown,no,no
8964,60,56-65,retired,married,unknown,no,yes,no
8965,60,56-65,blue-collar,married,unknown,no,no,no
8966,56,56-65,blue-collar,married,unknown,no,no,no
8967,39,36-45,unemployed,married,university.degree,unknown,no,yes
8968,35,26-35,management,divorced,university.degree,no,unknown,unknown
8969,53,46-55,housemaid,married,unknown,no,no,no
8970,53,46-55,housemaid,married,unknown,no,yes,no
8971,59,56-65,admin.,divorced,university.degree,unknown,yes,no
8972,47,46-55,blue-collar,married,university.degree,no,no,no
8973,55,46-55,retired,married,high.school,unknown,no,no
8974,43,36-45,technician,divorced,professional.course,unknown,no,yes
8975,42,36-45,admin.,divorced,university.degree,no,yes,yes
8976,56,56-65,technician,married,university.degree,no,no,no
8977,48,46-55,housemaid,married,basic.4y,no,no,no
8978,48,46-55,housemaid,married,basic.4y,no,yes,no
8979,47,46-55,blue-collar,married,university.degree,no,yes,yes
8980,44,36-45,self-employed,married,basic.9y,no,no,yes
8981,34,26-35,self-employed,married,basic.9y,unknown,yes,no
8982,50,46-55,blue-collar,married,basic.4y,no,yes,yes
8983,52,46-55,services,married,professional.course,unknown,yes,yes
8984,34,26-35,self-employed,married,basic.9y,unknown,no,no
8985,57,56-65,admin.,married,unknown,no,yes,no
8986,59,56-65,admin.,divorced,university.degree,unknown,yes,yes
8987,55,46-55,blue-collar,married,unknown,no,yes,no
8988,57,56-65,self-employed,married,university.degree,unknown,no,yes
8989,47,46-55,technician,married,high.school,unknown,yes,yes
8990,39,36-45,technician,divorced,professional.course,unknown,no,no
8991,57,56-65,services,married,professional.course,unknown,no,no
8992,32,26-35,technician,divorced,high.school,no,yes,yes
8993,57,56-65,retired,married,basic.9y,no,yes,no
8994,41,36-45,admin.,single,professional.course,no,no,no
8995,37,36-45,admin.,single,university.degree,unknown,yes,yes
8996,53,46-55,unknown,married,unknown,unknown,no,no
8997,39,36-45,technician,divorced,professional.course,unknown,yes,no
8998,59,56-65,management,married,university.degree,no,no,yes
8999,47,46-55,self-employed,married,university.degree,no,no,no
9000,57,56-65,admin.,married,high.school,unknown,yes,yes
9001,40,36-45,technician,married,university.degree,unknown,yes,no
9002,59,56-65,technician,married,high.school,no,yes,no
9003,50,46-55,blue-collar,married,professional.course,no,yes,no
9004,59,56-65,housemaid,married,basic.4y,unknown,yes,yes
9005,51,46-55,admin.,single,university.degree,no,yes,no
9006,46,46-55,admin.,married,basic.9y,no,yes,yes
9007,36,36-45,housemaid,married,basic.4y,no,unknown,unknown
9008,40,36-45,technician,divorced,professional.course,no,unknown,unknown
9009,48,46-55,housemaid,married,basic.9y,no,yes,no
9010,56,56-65,services,married,high.school,no,yes,no
9011,47,46-55,self-employed,married,university.degree,no,unknown,unknown
9012,57,56-65,retired,married,basic.9y,no,no,no
9013,37,36-45,housemaid,married,basic.4y,unknown,no,yes
9014,57,56-65,admin.,married,high.school,unknown,no,no
9015,49,46-55,blue-collar,married,basic.4y,unknown,no,yes
9016,38,36-45,technician,single,high.school,no,yes,yes
9017,42,36-45,management,married,university.degree,unknown,yes,yes
9018,60,56-65,self-employed,married,basic.9y,no,no,no
9019,50,46-55,blue-collar,married,professional.course,no,yes,yes
9020,55,46-55,technician,divorced,university.degree,no,no,no
9021,55,46-55,technician,divorced,university.degree,no,yes,no
9022,45,36-45,unknown,married,high.school,unknown,yes,no
9023,47,46-55,blue-collar,married,high.school,no,unknown,unknown
9024,37,36-45,technician,divorced,professional.course,no,unknown,unknown
9025,47,46-55,technician,married,high.school,no,no,no
9026,52,46-55,unemployed,divorced,high.school,no,yes,yes
9027,37,36-45,housemaid,married,basic.4y,unknown,yes,no
9028,58,56-65,self-employed,married,basic.9y,no,no,no
9029,30,26-35,technician,divorced,professional.course,unknown,yes,no
9030,57,56-65,retired,married,basic.9y,no,yes,yes
9031,37,36-45,technician,divorced,professional.course,no,yes,no
9032,60,56-65,unknown,married,unknown,unknown,yes,no
9033,52,46-55,unemployed,divorced,high.school,no,no,no
9034,32,26-35,technician,divorced,high.school,no,unknown,unknown
9035,59,56-65,housemaid,married,unknown,unknown,yes,no
9036,41,36-45,unemployed,divorced,professional.course,no,unknown,unknown
9037,50,46-55,services,married,high.school,unknown,no,no
9038,50,46-55,housemaid,married,unknown,no,no,no
9039,60,56-65,technician,married,university.degree,no,yes,no
9040,48,46-55,technician,single,university.degree,unknown,no,no
9041,47,46-55,admin.,divorced,university.degree,no,no,yes
9042,46,46-55,entrepreneur,married,high.school,no,yes,no
9043,47,46-55,entrepreneur,married,high.school,no,yes,yes
9044,53,46-55,unknown,married,basic.4y,unknown,no,no
9045,52,46-55,blue-collar,married,high.school,no,yes,no
9046,57,56-65,technician,single,professional.course,no,yes,yes
9047,45,36-45,services,married,basic.6y,unknown,no,no
9048,29,26-35,services,married,professional.course,unknown,yes,no
9049,48,46-55,admin.,divorced,university.degree,unknown,no,no
9050,42,36-45,self-employed,single,university.degree,no,yes,no
9051,58,56-65,blue-collar,divorced,basic.6y,unknown,no,no
9052,58,56-65,housemaid,married,professional.course,no,yes,no
9053,59,56-65,admin.,divorced,professional.course,unknown,yes,no
9054,52,46-55,unknown,married,unknown,unknown,no,no
9055,48,46-55,entrepreneur,married,high.school,no,no,no
9056,45,36-45,technician,married,professional.course,no,yes,yes
9057,51,46-55,technician,married,high.school,no,yes,no
9058,60,56-65,retired,married,professional.course,no,no,no
9059,53,46-55,unknown,married,basic.4y,unknown,yes,no
9060,57,56-65,retired,married,high.school,unknown,yes,yes
9061,44,36-45,technician,married,professional.course,no,yes,yes
9062,57,56-65,retired,married,professional.course,unknown,no,no
9063,52,46-55,admin.,married,high.school,no,yes,yes
9064,49,46-55,admin.,married,basic.9y,no,no,yes
9065,43,36-45,self-employed,married,university.degree,no,yes,no
9066,54,46-55,admin.,divorced,university.degree,no,no,yes
9067,54,46-55,admin.,married,professional.course,no,yes,no
9068,60,56-65,retired,married,high.school,no,unknown,unknown
9069,53,46-55,blue-collar,married,unknown,no,yes,no
9070,57,56-65,retired,married,professional.course,no,no,no
9071,51,46-55,technician,married,professional.course,no,unknown,unknown
9072,48,46-55,technician,divorced,university.degree,no,yes,yes
9073,40,36-45,technician,single,professional.course,unknown,yes,yes
9074,44,36-45,admin.,divorced,university.degree,no,no,yes
9075,47,46-55,technician,divorced,professional.course,unknown,yes,yes
9076,44,36-45,technician,married,professional.course,no,no,yes
9077,56,56-65,retired,divorced,university.degree,unknown,no,no
9078,58,56-65,technician,divorced,professional.course,unknown,no,no
9079,38,36-45,unknown,married,unknown,no,yes,yes
9080,44,36-45,admin.,married,basic.9y,unknown,yes,no
9081,44,36-45,admin.,married,basic.9y,unknown,no,no
9082,47,46-55,technician,married,university.degree,no,no,no
9083,33,26-35,self-employed,married,basic.4y,no,no,no
9084,58,56-65,housemaid,married,basic.9y,no,no,no
9085,50,46-55,unemployed,married,basic.9y,unknown,no,yes
9086,46,46-55,technician,divorced,professional.course,no,yes,yes
9087,56,56-65,retired,married,basic.6y,unknown,yes,no
9088,47,46-55,unknown,married,unknown,no,no,yes
9089,50,46-55,management,married,professional.course,unknown,no,no
9090,49,46-55,unemployed,married,basic.4y,no,yes,no
9091,43,36-45,admin.,divorced,university.degree,no,yes,yes
9092,41,36-45,technician,divorced,high.school,no,no,no
9093,33,26-35,services,married,university.degree,unknown,no,yes
9094,36,36-45,self-employed,single,university.degree,no,yes,yes
9095,56,56-65,self-employed,married,high.school,no,yes,no
9096,33,26-35,services,married,university.degree,unknown,no,no
9097,57,56-65,technician,married,university.degree,unknown,yes,yes
9098,43,36-45,technician,married,university.degree,no,no,no
9099,55,46-55,technician,married,high.school,no,no,yes
9100,52,46-55,admin.,married,basic.9y,no,yes,no
9101,41,36-45,technician,divorced,professional.course,no,yes,yes
9102,34,26-35,technician,married,university.degree,no,unknown,unknown
9103,33,26-35,services,married,university.degree,unknown,yes,no
9104,50,46-55,unemployed,married,basic.9y,unknown,no,no
9105,38,36-45,unknown,married,unknown,no,no,no
9106,50,46-55,unemployed,married,basic.9y,unknown,yes,no
9107,37,36-45,admin.,married,university.degree,unknown,no,yes
9108,58,56-65,self-employed,married,basic.6y,unknown,yes,no
9109,40,36-45,technician,single,professional.course,unknown,yes,no
9110,40,36-45,technician,divorced,professional.course,no,no,yes
9111,45,36-45,admin.,married,unknown,unknown,yes,yes
9112,57,56-65,retired,divorced,university.degree,unknown,no,no
9113,38,36-45,unknown,married,unknown,no,yes,no
9114,32,26-35,unemployed,married,university.degree,no,no,no
9115,46,46-55,services,married,basic.9y,unknown,no,no
9116,50,46-55,housemaid,married,basic.9y,no,yes,no
9117,57,56-65,technician,married,university.degree,unknown,no,no
9118,53,46-55,housemaid,married,basic.4y,unknown,yes,no
9119,42,36-45,housemaid,married,university.degree,no,yes,yes
9120,41,36-45,self-employed,married,basic.6y,no,yes,no
9121,42,36-45,housemaid,married,university.degree,no,unknown,unknown
9122,50,46-55,admin.,married,high.school,no,yes,yes
9123,43,36-45,technician,divorced,high.school,unknown,yes,no
9124,56,56-65,blue-collar,married,high.school,no,yes,no
9125,60,56-65,admin.,married,basic.9y,no,no,no
9126,60,56-65,admin.,married,basic.9y,no,yes,no
9127,35,26-35,services,married,university.degree,no,yes,no
9128,53,46-55,technician,divorced,professional.course,no,no,yes
9129,59,56-65,admin.,married,high.school,unknown,yes,no
9130,33,26-35,unemployed,single,university.degree,no,no,no
9131,53,46-55,self-employed,married,university.degree,no,yes,yes
9132,45,36-45,services,married,professional.course,no,no,no
9133,49,46-55,services,married,basic.9y,no,yes,no
9134,51,46-55,admin.,divorced,university.degree,unknown,yes,no
9135,35,26-35,technician,married,high.school,no,yes,yes
9136,33,26-35,unemployed,single,university.degree,no,yes,yes
9137,53,46-55,entrepreneur,married,basic.4y,unknown,yes,no
9138,40,36-45,self-employed,married,university.degree,no,no,no
9139,38,36-45,management,divorced,university.degree,no,no,no
9140,49,46-55,technician,married,high.school,unknown,no,no
9141,35,26-35,technician,married,high.school,no,unknown,unknown
9142,45,36-45,services,married,professional.course,no,unknown,unknown
9143,45,36-45,technician,divorced,professional.course,no,yes,yes
9144,48,46-55,services,married,basic.6y,unknown,no,no
9145,51,46-55,blue-collar,married,professional.course,no,no,no
9146,40,36-45,admin.,divorced,professional.course,no,yes,yes
9147,52,46-55,blue-collar,married,basic.9y,no,no,yes
9148,39,36-45,technician,divorced,high.school,no,yes,no
9149,55,46-55,retired,married,basic.9y,no,yes,no
9150,32,26-35,admin.,divorced,university.degree,no,unknown,unknown
9151,31,26-35,technician,divorced,university.degree,no,no,yes
9152,46,46-55,technician,married,unknown,no,yes,no
9153,34,26-35,admin.,married,high.school,unknown,yes,no
9154,41,36-45,technician,married,high.school,no,no,yes
9155,41,36-45,housemaid,married,basic.4y,no,yes,no
9156,49,46-55,services,married,unknown,no,no,no
9157,38,36-45,technician,single,university.degree,unknown,yes,no
9158,51,46-55,unknown,married,unknown,unknown,yes,no
9159,32,26-35,entrepreneur,married,university.degree,no,yes,no
9160,50,46-55,admin.,married,basic.9y,no,unknown,unknown
9161,33,26-35,unemployed,married,university.degree,no,yes,no
9162,45,36-45,technician,divorced,professional.course,unknown,yes,no
9163,50,46-55,admin.,single,university.degree,unknown,no,yes
9164,39,36-45,technician,married,university.degree,unknown,unknown,unknown
9165,35,26-35,technician,divorced,professional.course,unknown,yes,yes
9166,29,26-35,technician,married,professional.course,no,no,yes
9167,30,26-35,admin.,divorced,university.degree,no,yes,yes
9168,53,46-55,management,married,university.degree,no,yes,yes
9169,35,26-35,technician,divorced,high.school,unknown,yes,no
9170,45,36-45,technician,married,professional.course,no,no,yes
9171,51,46-55,self-employed,married,high.school,no,yes,no
9172,58,56-65,retired,married,basic.4y,no,yes,yes
9173,56,56-65,unknown,married,unknown,no,no,no
9174,46,46-55,admin.,divorced,high.school,no,yes,no
9175,42,36-45,self-employed,married,basic.4y,no,no,no
9176,41,36-45,technician,divorced,professional.course,no,unknown,unknown
9177,39,36-45,technician,divorced,university.degree,no,no,yes
9178,38,36-45,blue-collar,single,unknown,no,yes,no
9179,33,26-35,housemaid,married,high.school,no,no,no
9180,59,56-65,blue-collar,married,professional.course,no,no,no
9181,27,26-35,student,single,high.school,no,no,no
9182,43,36-45,self-employed,married,high.school,no,yes,no
9183,26,26-35,entrepreneur,married,basic.9y,no,yes,no
9184,27,26-35,blue-collar,single,professional.course,no,yes,no
9185,45,36-45,technician,divorced,high.school,no,yes,no
9186,56,56-65,technician,married,high.school,no,no,no
9187,34,26-35,blue-collar,divorced,high.school,no,yes,no
9188,25,18-25,admin.,single,university.degree,no,no,yes
9189,32,26-35,management,married,university.degree,no,yes,yes
9190,57,56-65,retired,divorced,university.degree,no,yes,no
9191,57,56-65,admin.,divorced,university.degree,no,no,no
9192,25,18-25,management,married,university.degree,no,yes,no
9193,27,26-35,self-employed,married,professional.course,no,no,no
9194,43,36-45,retired,married,high.school,no,yes,no
9195,24,18-25,management,single,university.degree,no,no,yes
9196,47,46-55,student,single,unknown,no,unknown,unknown
9197,58,56-65,retired,divorced,basic.9y,no,yes,no
9198,43,36-45,services,married,basic.6y,no,no,no
9199,32,26-35,unemployed,married,professional.course,no,yes,no
9200,53,46-55,technician,divorced,professional.course,no,yes,no
9201,18,18-25,student,single,high.school,no,no,no
9202,27,26-35,student,single,professional.course,no,no,no
9203,50,46-55,admin.,single,basic.9y,no,unknown,unknown
9204,42,36-45,admin.,married,professional.course,no,yes,no
9205,40,36-45,blue-collar,married,basic.9y,no,unknown,unknown
9206,37,36-45,admin.,divorced,university.degree,no,no,yes
9207,34,26-35,technician,single,unknown,no,no,no
9208,42,36-45,technician,divorced,professional.course,no,no,no
9209,55,46-55,blue-collar,divorced,basic.4y,no,no,no
9210,48,46-55,self-employed,divorced,high.school,no,yes,no
9211,48,46-55,services,married,unknown,no,no,no
9212,51,46-55,technician,married,unknown,no,no,no
9213,52,46-55,admin.,married,university.degree,no,yes,yes
9214,52,46-55,retired,married,university.degree,no,no,no
9215,51,46-55,technician,divorced,high.school,no,yes,no
9216,44,36-45,retired,single,basic.9y,no,no,no
9217,36,36-45,unemployed,divorced,high.school,no,no,yes
9218,36,36-45,unemployed,divorced,high.school,no,yes,yes
9219,36,36-45,unemployed,divorced,high.school,no,no,no
9220,36,36-45,unemployed,divorced,high.school,no,yes,no
9221,50,46-55,blue-collar,married,basic.6y,unknown,no,yes
9222,35,26-35,unemployed,married,basic.4y,no,yes,no
9223,43,36-45,services,married,basic.4y,no,no,no
9224,43,36-45,services,married,basic.4y,no,yes,no
9225,55,46-55,admin.,single,university.degree,unknown,no,no
9226,40,36-45,management,married,basic.6y,no,no,no
9227,55,46-55,admin.,single,university.degree,unknown,yes,no
9228,53,46-55,unemployed,married,university.degree,no,yes,no
9229,53,46-55,unemployed,married,university.degree,no,unknown,unknown
9230,48,46-55,blue-collar,divorced,professional.course,no,no,no
9231,39,36-45,management,single,basic.9y,no,no,yes
9232,39,36-45,management,single,basic.9y,no,yes,no
9233,39,36-45,unemployed,married,basic.9y,no,yes,no
9234,29,26-35,self-employed,single,university.degree,no,no,yes
9235,51,46-55,entrepreneur,married,university.degree,no,yes,no
9236,32,26-35,unknown,single,basic.9y,no,yes,no
9237,54,46-55,admin.,married,basic.9y,no,yes,no
9238,42,36-45,entrepreneur,married,basic.4y,no,yes,no
9239,58,56-65,management,married,unknown,no,no,no
9240,54,46-55,admin.,married,basic.9y,no,no,no
9241,55,46-55,retired,married,professional.course,no,yes,yes
9242,47,46-55,retired,married,basic.4y,no,unknown,unknown
9243,36,36-45,entrepreneur,divorced,university.degree,no,yes,no
9244,42,36-45,housemaid,married,university.degree,no,no,no
9245,42,36-45,housemaid,married,university.degree,no,yes,no
9246,39,36-45,housemaid,married,basic.9y,no,yes,yes
9247,46,46-55,unemployed,married,university.degree,no,no,no
9248,40,36-45,blue-collar,married,professional.course,no,no,yes
9249,44,36-45,unemployed,married,basic.9y,no,yes,no
9250,55,46-55,management,married,basic.4y,no,no,no
9251,53,46-55,self-employed,divorced,university.degree,no,yes,no
9252,41,36-45,unemployed,married,basic.4y,no,yes,no
9253,35,26-35,management,single,university.degree,no,no,yes
9254,47,46-55,management,married,basic.9y,no,no,no
9255,45,36-45,services,divorced,high.school,no,yes,no
9256,46,46-55,management,married,basic.6y,no,no,no
9257,34,26-35,unemployed,married,university.degree,no,yes,no
9258,53,46-55,self-employed,married,basic.9y,no,yes,no
9259,40,36-45,management,married,university.degree,no,yes,yes
9260,39,36-45,admin.,married,unknown,no,no,no
9261,54,46-55,entrepreneur,married,basic.4y,unknown,yes,no
9262,35,26-35,entrepreneur,single,basic.9y,no,yes,no
9263,56,56-65,management,married,professional.course,no,no,no
9264,52,46-55,entrepreneur,married,basic.9y,no,unknown,unknown
9265,51,46-55,management,married,unknown,no,no,no
9266,37,36-45,services,married,basic.6y,unknown,yes,no
9267,35,26-35,admin.,divorced,high.school,no,no,no
9268,55,46-55,blue-collar,married,basic.4y,unknown,no,yes
9269,39,36-45,admin.,married,unknown,no,yes,yes
9270,39,36-45,blue-collar,divorced,high.school,no,no,yes
9271,43,36-45,blue-collar,single,basic.4y,no,yes,no
9272,50,46-55,entrepreneur,married,university.degree,unknown,yes,no
9273,50,46-55,entrepreneur,married,university.degree,unknown,no,no
9274,45,36-45,blue-collar,divorced,basic.9y,unknown,yes,no
9275,36,36-45,unemployed,married,basic.9y,no,yes,no
9276,54,46-55,technician,married,university.degree,no,unknown,unknown
9277,47,46-55,admin.,divorced,professional.course,no,no,no
9278,54,46-55,admin.,married,basic.9y,no,yes,yes
9279,38,36-45,admin.,single,basic.9y,no,yes,no
9280,47,46-55,retired,married,high.school,no,yes,no
9281,38,36-45,entrepreneur,married,high.school,no,yes,no
9282,40,36-45,admin.,single,high.school,unknown,no,yes
9283,37,36-45,management,divorced,unknown,no,no,yes
9284,46,46-55,admin.,married,university.degree,unknown,yes,yes
9285,48,46-55,services,divorced,high.school,unknown,yes,no
9286,53,46-55,blue-collar,married,basic.9y,no,yes,yes
9287,55,46-55,technician,single,professional.course,no,yes,no
9288,31,26-35,self-employed,single,university.degree,no,yes,yes
9289,52,46-55,entrepreneur,single,university.degree,unknown,yes,no
9290,48,46-55,management,married,unknown,no,yes,yes
9291,53,46-55,housemaid,married,university.degree,no,no,no
9292,44,36-45,technician,single,university.degree,no,no,no
9293,32,26-35,services,married,basic.4y,no,no,no
9294,32,26-35,services,married,basic.4y,no,yes,yes
9295,39,36-45,blue-collar,single,basic.9y,no,yes,no
9296,35,26-35,self-employed,single,professional.course,no,yes,no
9297,32,26-35,management,married,high.school,no,no,yes
9298,39,36-45,unemployed,married,university.degree,unknown,yes,no
9299,52,46-55,services,divorced,high.school,unknown,no,no
9300,32,26-35,self-employed,single,high.school,no,yes,no
9301,46,46-55,entrepreneur,married,university.degree,no,unknown,unknown
9302,48,46-55,entrepreneur,married,university.degree,unknown,yes,no
9303,40,36-45,blue-collar,married,basic.4y,no,no,yes
9304,48,46-55,technician,married,unknown,unknown,no,no
9305,54,46-55,housemaid,single,basic.9y,unknown,no,no
9306,55,46-55,admin.,married,high.school,unknown,yes,no
9307,32,26-35,management,single,university.degree,no,yes,yes
9308,40,36-45,technician,single,basic.9y,unknown,yes,yes
9309,46,46-55,entrepreneur,married,basic.4y,no,yes,no
9310,35,26-35,blue-collar,divorced,high.school,no,no,yes
9311,34,26-35,self-employed,married,university.degree,no,yes,no
9312,37,36-45,entrepreneur,married,university.degree,unknown,no,no
9313,34,26-35,entrepreneur,married,basic.6y,unknown,yes,no
9314,44,36-45,retired,divorced,professional.course,no,yes,no
9315,35,26-35,entrepreneur,married,high.school,no,yes,no
9316,40,36-45,admin.,single,high.school,unknown,unknown,unknown
9317,42,36-45,admin.,divorced,high.school,no,unknown,unknown
9318,34,26-35,entrepreneur,single,university.degree,no,yes,no
9319,49,46-55,management,married,high.school,unknown,yes,no
9320,46,46-55,entrepreneur,married,university.degree,no,yes,yes
9321,44,36-45,entrepreneur,married,professional.course,no,yes,no
9322,50,46-55,technician,married,basic.9y,no,yes,no
9323,34,26-35,unemployed,married,high.school,no,yes,no
9324,39,36-45,services,married,professional.course,no,yes,yes
9325,38,36-45,admin.,married,basic.6y,no,no,yes
9326,40,36-45,entrepreneur,divorced,university.degree,no,yes,no
9327,31,26-35,housemaid,married,high.school,unknown,no,no
9328,53,46-55,blue-collar,married,professional.course,no,yes,no
9329,57,56-65,blue-collar,divorced,basic.9y,no,no,no
9330,43,36-45,management,divorced,high.school,no,yes,no
9331,35,26-35,management,married,professional.course,no,yes,no
9332,37,36-45,management,married,university.degree,no,yes,yes
9333,38,36-45,admin.,single,basic.9y,no,yes,yes
9334,55,46-55,technician,single,professional.course,no,no,no
9335,49,46-55,management,married,university.degree,no,yes,yes
9336,34,26-35,management,divorced,university.degree,no,no,no
9337,33,26-35,student,single,unknown,no,no,no
9338,52,46-55,retired,married,university.degree,no,yes,yes
9339,36,36-45,entrepreneur,married,high.school,no,yes,yes
9340,35,26-35,blue-collar,married,high.school,unknown,yes,no
9341,52,46-55,admin.,married,basic.4y,no,yes,yes
9342,44,36-45,admin.,married,professional.course,no,no,no
9343,44,36-45,entrepreneur,married,university.degree,no,yes,no
9344,45,36-45,blue-collar,divorced,basic.9y,unknown,no,no
9345,35,26-35,admin.,married,unknown,no,yes,no
9346,57,56-65,technician,divorced,professional.course,no,yes,no
9347,33,26-35,unemployed,married,basic.9y,unknown,yes,no
9348,52,46-55,services,divorced,high.school,unknown,yes,yes
9349,30,26-35,services,married,basic.9y,unknown,yes,no
9350,37,36-45,entrepreneur,married,basic.9y,unknown,no,no
9351,48,46-55,services,married,basic.9y,unknown,yes,no
9352,30,26-35,services,married,basic.9y,unknown,no,no
9353,41,36-45,management,married,basic.6y,unknown,yes,no
9354,42,36-45,self-employed,married,university.degree,unknown,no,no
9355,51,46-55,self-employed,married,basic.4y,no,no,no
9356,42,36-45,blue-collar,divorced,basic.9y,no,yes,yes
9357,32,26-35,entrepreneur,married,university.degree,no,yes,yes
9358,33,26-35,entrepreneur,married,basic.9y,unknown,yes,yes
9359,51,46-55,retired,divorced,basic.4y,no,yes,yes
9360,43,36-45,unemployed,married,basic.9y,unknown,yes,yes
9361,42,36-45,unemployed,married,high.school,no,yes,no
9362,50,46-55,technician,married,professional.course,no,unknown,unknown
9363,55,46-55,admin.,married,professional.course,unknown,yes,yes
9364,56,56-65,technician,married,professional.course,unknown,unknown,unknown
9365,35,26-35,technician,divorced,professional.course,unknown,no,no
9366,37,36-45,self-employed,divorced,basic.9y,no,yes,no
9367,55,46-55,blue-collar,single,basic.6y,no,yes,no
9368,49,46-55,admin.,divorced,basic.6y,no,no,no
9369,53,46-55,services,divorced,high.school,no,yes,no
9370,47,46-55,unemployed,married,high.school,no,no,no
9371,54,46-55,self-employed,married,basic.9y,no,yes,no
9372,47,46-55,unemployed,married,high.school,no,yes,no
9373,40,36-45,self-employed,married,basic.9y,no,no,no
9374,54,46-55,admin.,single,university.degree,no,no,no
9375,34,26-35,entrepreneur,single,basic.9y,no,no,no
9376,30,26-35,blue-collar,single,high.school,no,yes,yes
9377,48,46-55,admin.,married,unknown,unknown,no,no
9378,34,26-35,blue-collar,married,professional.course,no,unknown,unknown
9379,44,36-45,management,divorced,university.degree,unknown,no,no
9380,31,26-35,entrepreneur,divorced,basic.4y,no,no,no
9381,36,36-45,self-employed,single,basic.9y,no,no,no
9382,40,36-45,self-employed,married,basic.9y,unknown,no,no
9383,53,46-55,self-employed,married,basic.4y,no,yes,no
9384,58,56-65,technician,married,unknown,no,no,no
9385,35,26-35,unemployed,single,basic.6y,unknown,yes,no
9386,32,26-35,services,married,basic.6y,unknown,yes,no
9387,50,46-55,housemaid,divorced,professional.course,no,yes,no
9388,56,56-65,self-employed,divorced,high.school,no,no,no
9389,42,36-45,self-employed,divorced,university.degree,no,yes,no
9390,52,46-55,management,married,high.school,no,yes,no
9391,30,26-35,services,married,basic.6y,no,unknown,unknown
9392,36,36-45,housemaid,divorced,basic.9y,no,yes,no
9393,36,36-45,technician,divorced,high.school,no,no,no
9394,31,26-35,housemaid,married,university.degree,unknown,no,no
9395,44,36-45,entrepreneur,divorced,basic.6y,no,yes,no
9396,31,26-35,unemployed,married,high.school,yes,no,no
9397,35,26-35,management,married,basic.4y,no,no,no
9398,43,36-45,entrepreneur,married,basic.9y,no,yes,yes
9399,39,36-45,management,single,high.school,unknown,no,no
9400,56,56-65,technician,single,professional.course,no,yes,no
9401,32,26-35,blue-collar,single,university.degree,unknown,yes,no
9402,52,46-55,management,married,university.degree,no,unknown,unknown
9403,47,46-55,housemaid,divorced,professional.course,no,no,yes
9404,49,46-55,entrepreneur,married,professional.course,unknown,no,no
9405,37,36-45,blue-collar,divorced,basic.6y,no,no,no
9406,39,36-45,self-employed,married,university.degree,no,yes,no
9407,36,36-45,unemployed,married,basic.6y,no,yes,no
9408,54,46-55,entrepreneur,married,basic.4y,no,yes,no
9409,52,46-55,admin.,single,basic.9y,no,yes,no
9410,30,26-35,unemployed,married,high.school,no,no,yes
9411,33,26-35,entrepreneur,single,university.degree,no,yes,no
9412,37,36-45,blue-collar,divorced,basic.6y,no,yes,yes
9413,39,36-45,management,married,high.school,no,yes,no
9414,30,26-35,unemployed,married,high.school,no,yes,yes
9415,52,46-55,admin.,divorced,university.degree,no,yes,yes
9416,39,36-45,entrepreneur,married,university.degree,unknown,no,no
9417,54,46-55,entrepreneur,married,professional.course,no,yes,yes
9418,44,36-45,management,married,basic.9y,no,no,no
9419,32,26-35,technician,divorced,professional.course,no,no,no
9420,57,56-65,retired,married,professional.course,no,unknown,unknown
9421,51,46-55,services,divorced,high.school,no,no,no
9422,31,26-35,student,single,high.school,no,yes,yes
9423,29,26-35,blue-collar,divorced,basic.6y,no,yes,no
9424,49,46-55,management,married,basic.9y,no,unknown,unknown
9425,30,26-35,services,married,basic.6y,no,no,no
9426,37,36-45,unemployed,single,university.degree,no,yes,yes
9427,51,46-55,admin.,married,basic.6y,no,yes,no
9428,57,56-65,management,married,university.degree,no,yes,yes
9429,54,46-55,entrepreneur,married,professional.course,no,no,no
9430,50,46-55,management,married,basic.4y,no,yes,no
9431,46,46-55,self-employed,married,basic.4y,no,yes,yes
9432,52,46-55,management,married,basic.6y,no,yes,no
9433,35,26-35,management,single,high.school,no,yes,no
9434,53,46-55,admin.,divorced,university.degree,no,no,yes
9435,29,26-35,technician,single,high.school,no,no,yes
9436,57,56-65,self-employed,married,university.degree,no,yes,no
9437,30,26-35,management,single,high.school,no,no,yes
9438,54,46-55,technician,married,university.degree,no,no,no
9439,38,36-45,entrepreneur,married,basic.4y,no,yes,yes
9440,31,26-35,services,divorced,professional.course,no,yes,no
9441,31,26-35,services,divorced,professional.course,no,no,no
9442,31,26-35,technician,married,high.school,no,no,yes
9443,34,26-35,self-employed,married,basic.9y,no,yes,no
9444,49,46-55,admin.,single,unknown,unknown,no,no
9445,53,46-55,admin.,married,professional.course,no,yes,yes
9446,35,26-35,unemployed,single,university.degree,no,yes,yes
9447,41,36-45,entrepreneur,married,high.school,no,yes,no
9448,46,46-55,self-employed,married,basic.6y,unknown,yes,no
9449,37,36-45,retired,divorced,basic.9y,unknown,no,no
9450,37,36-45,retired,divorced,basic.9y,unknown,yes,no
9451,44,36-45,blue-collar,single,basic.9y,no,yes,yes
9452,45,36-45,self-employed,married,basic.4y,no,unknown,unknown
9453,38,36-45,unemployed,single,university.degree,no,yes,no
9454,39,36-45,management,single,high.school,unknown,yes,no
9455,32,26-35,services,divorced,high.school,no,no,yes
9456,44,36-45,management,single,university.degree,no,no,no
9457,45,36-45,self-employed,married,basic.4y,no,yes,no
9458,48,46-55,technician,divorced,professional.course,no,unknown,unknown
9459,36,36-45,management,married,professional.course,no,no,no
9460,37,36-45,blue-collar,single,high.school,unknown,no,no
9461,30,26-35,self-employed,single,high.school,no,no,no
9462,58,56-65,entrepreneur,married,basic.4y,no,no,yes
9463,54,46-55,unemployed,married,basic.9y,no,yes,no
9464,32,26-35,entrepreneur,married,basic.9y,no,no,no
9465,38,36-45,entrepreneur,married,basic.4y,no,yes,no
9466,35,26-35,self-employed,married,professional.course,no,yes,no
9467,54,46-55,self-employed,married,basic.9y,no,no,yes
9468,56,56-65,services,divorced,basic.6y,no,yes,no
9469,41,36-45,blue-collar,married,professional.course,unknown,no,no
9470,51,46-55,services,married,basic.9y,no,no,no
9471,32,26-35,services,married,professional.course,no,yes,yes
9472,47,46-55,entrepreneur,divorced,university.degree,no,no,no
9473,46,46-55,technician,divorced,basic.4y,unknown,yes,no
9474,35,26-35,services,single,professional.course,unknown,yes,no
9475,36,36-45,unemployed,married,basic.6y,no,no,no
9476,38,36-45,admin.,married,high.school,unknown,yes,yes
9477,57,56-65,blue-collar,married,professional.course,no,no,no
9478,48,46-55,admin.,married,unknown,unknown,no,yes
9479,51,46-55,self-employed,married,university.degree,no,yes,yes
9480,44,36-45,management,single,university.degree,no,yes,no
9481,50,46-55,management,married,high.school,no,yes,yes
9482,58,56-65,management,married,university.degree,no,yes,yes
9483,41,36-45,blue-collar,divorced,basic.9y,no,yes,no
9484,55,46-55,entrepreneur,married,university.degree,unknown,yes,yes
9485,49,46-55,self-employed,single,professional.course,unknown,yes,no
9486,34,26-35,management,single,university.degree,no,yes,yes
9487,40,36-45,unemployed,married,professional.course,no,no,no
9488,53,46-55,self-employed,married,basic.4y,no,yes,yes
9489,47,46-55,blue-collar,married,basic.9y,no,yes,yes
9490,53,46-55,entrepreneur,married,basic.9y,no,yes,no
9491,39,36-45,technician,married,university.degree,no,no,yes
9492,30,26-35,self-employed,married,professional.course,unknown,yes,no
9493,46,46-55,unemployed,married,high.school,unknown,yes,no
9494,43,36-45,admin.,divorced,professional.course,no,yes,no
9495,45,36-45,entrepreneur,married,basic.4y,no,unknown,unknown
9496,45,36-45,unemployed,single,professional.course,no,no,no
9497,46,46-55,self-employed,married,basic.4y,no,no,no
9498,35,26-35,self-employed,divorced,university.degree,no,no,no
9499,54,46-55,admin.,married,basic.4y,unknown,yes,no
9500,50,46-55,entrepreneur,married,basic.4y,no,yes,no
9501,54,46-55,admin.,married,university.degree,no,no,yes
9502,29,26-35,unemployed,married,professional.course,no,yes,no
9503,34,26-35,management,single,professional.course,no,yes,no
9504,35,26-35,unemployed,divorced,professional.course,no,no,no
9505,38,36-45,self-employed,married,high.school,unknown,yes,no
9506,56,56-65,retired,divorced,university.degree,no,yes,no
9507,32,26-35,blue-collar,single,university.degree,unknown,yes,yes
9508,48,46-55,management,married,basic.9y,no,unknown,unknown
9509,36,36-45,housemaid,divorced,basic.4y,no,no,no
9510,50,46-55,housemaid,married,basic.4y,no,yes,no
9511,36,36-45,housemaid,divorced,basic.4y,no,yes,no
9512,40,36-45,blue-collar,single,high.school,no,yes,no
9513,40,36-45,admin.,married,professional.course,no,yes,no
9514,52,46-55,entrepreneur,married,basic.4y,no,no,no
9515,42,36-45,self-employed,single,basic.4y,no,yes,no
9516,58,56-65,entrepreneur,married,basic.4y,unknown,yes,no
9517,30,26-35,entrepreneur,single,basic.9y,no,yes,no
9518,45,36-45,entrepreneur,married,basic.4y,no,yes,no
9519,38,36-45,technician,single,basic.9y,no,yes,no
9520,40,36-45,technician,married,basic.6y,unknown,yes,no
9521,40,36-45,admin.,divorced,basic.9y,no,yes,no
9522,35,26-35,services,divorced,basic.9y,no,yes,yes
9523,29,26-35,technician,divorced,professional.course,no,no,no
9524,34,26-35,self-employed,single,high.school,no,yes,no
9525,42,36-45,technician,single,unknown,no,yes,no
9526,42,36-45,self-employed,divorced,professional.course,no,yes,no
9527,53,46-55,services,divorced,university.degree,no,yes,yes
9528,39,36-45,unemployed,married,basic.9y,unknown,no,no
9529,43,36-45,housemaid,single,basic.9y,no,no,no
9530,48,46-55,technician,single,university.degree,no,yes,yes
9531,48,46-55,self-employed,married,university.degree,no,yes,no
9532,34,26-35,technician,married,basic.9y,no,yes,no
9533,39,36-45,unemployed,married,basic.9y,unknown,no,yes
9534,56,56-65,blue-collar,single,basic.4y,unknown,no,yes
9535,34,26-35,entrepreneur,single,basic.9y,no,no,yes
9536,43,36-45,self-employed,married,basic.4y,no,no,yes
9537,32,26-35,entrepreneur,married,basic.6y,no,yes,yes
9538,38,36-45,admin.,divorced,university.degree,unknown,yes,no
9539,35,26-35,technician,single,high.school,no,yes,yes
9540,32,26-35,blue-collar,single,high.school,no,yes,yes
9541,45,36-45,self-employed,married,basic.6y,unknown,yes,no
9542,30,26-35,entrepreneur,married,high.school,no,no,no
9543,48,46-55,blue-collar,single,basic.9y,no,yes,no
9544,55,46-55,admin.,divorced,high.school,no,unknown,unknown
9545,33,26-35,services,single,high.school,no,yes,yes
9546,39,36-45,self-employed,married,university.degree,unknown,no,no
9547,48,46-55,housemaid,married,basic.6y,no,no,no
9548,48,46-55,admin.,single,professional.course,no,no,no
9549,35,26-35,housemaid,single,basic.4y,unknown,unknown,unknown
9550,48,46-55,admin.,single,professional.course,no,yes,no
9551,46,46-55,management,divorced,high.school,no,no,no
9552,33,26-35,technician,single,unknown,no,no,no
9553,44,36-45,services,single,high.school,no,yes,yes
9554,32,26-35,unemployed,divorced,high.school,no,no,no
9555,31,26-35,unemployed,single,professional.course,no,yes,no
9556,29,26-35,admin.,divorced,basic.9y,no,yes,no
9557,30,26-35,self-employed,married,high.school,no,no,no
9558,32,26-35,unemployed,divorced,high.school,no,yes,no
9559,35,26-35,self-employed,single,university.degree,no,no,yes
9560,45,36-45,technician,divorced,professional.course,unknown,yes,yes
9561,36,36-45,housemaid,divorced,basic.9y,unknown,yes,no
9562,51,46-55,housemaid,married,high.school,no,no,no
9563,29,26-35,technician,single,basic.9y,no,no,yes
9564,38,36-45,management,married,professional.course,unknown,yes,no
9565,29,26-35,technician,single,basic.9y,no,yes,no
9566,35,26-35,technician,married,high.school,no,no,yes
9567,29,26-35,entrepreneur,married,basic.9y,no,yes,no
9568,37,36-45,admin.,married,professional.course,unknown,yes,no
9569,56,56-65,self-employed,married,university.degree,no,yes,no
9570,30,26-35,blue-collar,single,university.degree,no,yes,no
9571,46,46-55,blue-collar,single,basic.4y,unknown,no,no
9572,54,46-55,housemaid,married,basic.9y,no,yes,yes
9573,29,26-35,management,married,basic.9y,no,yes,no
9574,59,56-65,housemaid,single,professional.course,no,no,no
9575,33,26-35,technician,single,professional.course,no,unknown,unknown
9576,36,36-45,blue-collar,married,basic.4y,no,no,yes
9577,32,26-35,student,married,university.degree,no,no,no
9578,53,46-55,management,married,basic.4y,no,no,no
9579,34,26-35,admin.,married,basic.6y,no,yes,yes
9580,34,26-35,management,single,university.degree,no,yes,no
9581,47,46-55,unemployed,married,professional.course,no,no,no
9582,52,46-55,blue-collar,married,professional.course,unknown,yes,no
9583,38,36-45,unemployed,married,university.degree,no,yes,no
9584,47,46-55,unemployed,married,professional.course,no,yes,no
9585,56,56-65,services,divorced,high.school,unknown,yes,yes
9586,44,36-45,blue-collar,single,unknown,no,yes,no
9587,45,36-45,services,divorced,basic.9y,no,no,no
9588,53,46-55,blue-collar,single,basic.4y,no,no,no
9589,29,26-35,blue-collar,married,basic.4y,no,no,no
9590,47,46-55,housemaid,married,unknown,no,yes,no
9591,58,56-65,management,divorced,high.school,no,yes,no
9592,30,26-35,services,married,professional.course,no,no,no
9593,36,36-45,services,married,university.degree,no,yes,no
9594,32,26-35,management,single,professional.course,no,yes,no
9595,51,46-55,self-employed,divorced,university.degree,no,yes,no
9596,48,46-55,admin.,single,basic.4y,unknown,no,no
9597,35,26-35,admin.,married,basic.9y,no,yes,yes
9598,56,56-65,retired,single,university.degree,no,yes,no
9599,38,36-45,blue-collar,married,professional.course,no,yes,yes
9600,45,36-45,housemaid,married,high.school,unknown,no,no
9601,36,36-45,entrepreneur,single,university.degree,no,yes,no
9602,35,26-35,services,married,university.degree,no,no,no
9603,34,26-35,self-employed,married,professional.course,no,yes,no
9604,46,46-55,management,divorced,high.school,no,yes,yes
9605,55,46-55,admin.,married,university.degree,no,yes,yes
9606,35,26-35,blue-collar,single,professional.course,no,yes,yes
9607,38,36-45,admin.,married,basic.9y,no,yes,yes
9608,38,36-45,blue-collar,divorced,high.school,no,yes,yes
9609,32,26-35,blue-collar,single,high.school,no,unknown,unknown
9610,56,56-65,retired,married,basic.9y,no,no,no
9611,35,26-35,housemaid,divorced,basic.9y,no,no,no
9612,35,26-35,housemaid,divorced,basic.9y,no,yes,no
9613,34,26-35,unemployed,married,basic.4y,unknown,yes,no
9614,40,36-45,management,married,professional.course,no,yes,no
9615,49,46-55,management,divorced,university.degree,no,no,yes
9616,48,46-55,blue-collar,single,basic.9y,no,no,no
9617,44,36-45,self-employed,married,university.degree,no,yes,no
9618,51,46-55,entrepreneur,divorced,university.degree,no,yes,no
9619,52,46-55,entrepreneur,married,unknown,no,yes,no
9620,31,26-35,technician,single,basic.9y,unknown,yes,yes
9621,32,26-35,services,married,unknown,no,yes,yes
9622,52,46-55,technician,single,basic.4y,unknown,yes,no
9623,38,36-45,entrepreneur,divorced,basic.9y,no,yes,yes
9624,32,26-35,admin.,single,high.school,no,yes,yes
9625,30,26-35,services,married,professional.course,no,yes,no
9626,35,26-35,blue-collar,single,high.school,no,no,no
9627,29,26-35,blue-collar,married,basic.9y,unknown,no,no
9628,44,36-45,services,single,high.school,no,yes,no
9629,35,26-35,management,single,university.degree,no,yes,yes
9630,32,26-35,entrepreneur,married,basic.4y,no,yes,no
9631,52,46-55,retired,married,university.degree,unknown,no,no
9632,38,36-45,technician,single,basic.6y,no,yes,no
9633,38,36-45,technician,single,basic.6y,no,no,no
9634,31,26-35,blue-collar,single,basic.4y,no,no,yes
9635,34,26-35,unknown,divorced,basic.4y,no,no,no
9636,33,26-35,self-employed,single,basic.4y,no,no,no
9637,47,46-55,unemployed,married,high.school,unknown,no,no
9638,37,36-45,management,divorced,university.degree,no,yes,no
9639,37,36-45,management,divorced,university.degree,no,no,no
9640,29,26-35,management,married,basic.9y,no,no,no
9641,42,36-45,unemployed,divorced,high.school,no,yes,no
9642,49,46-55,blue-collar,divorced,basic.9y,no,no,no
9643,48,46-55,services,divorced,basic.4y,no,no,no
9644,38,36-45,entrepreneur,divorced,basic.9y,no,yes,no
9645,49,46-55,services,married,basic.6y,no,yes,no
9646,38,36-45,entrepreneur,divorced,basic.9y,no,no,no
9647,49,46-55,blue-collar,divorced,basic.6y,no,no,no
9648,47,46-55,technician,married,basic.9y,no,no,yes
9649,42,36-45,services,married,professional.course,no,yes,yes
9650,32,26-35,entrepreneur,married,university.degree,no,no,yes
9651,30,26-35,technician,divorced,basic.9y,no,yes,yes
9652,42,36-45,entrepreneur,married,basic.4y,no,yes,yes
9653,55,46-55,technician,married,basic.9y,no,no,yes
9654,33,26-35,entrepreneur,married,basic.6y,no,no,no
9655,43,36-45,technician,divorced,university.degree,no,yes,no
9656,38,36-45,housemaid,married,basic.6y,unknown,no,no
9657,47,46-55,management,married,high.school,no,yes,no
9658,39,36-45,unemployed,married,basic.9y,no,no,no
9659,35,26-35,technician,single,basic.9y,no,yes,yes
9660,35,26-35,technician,single,basic.9y,no,no,no
9661,35,26-35,technician,single,basic.9y,no,yes,no
9662,34,26-35,services,divorced,basic.6y,unknown,no,no
9663,32,26-35,management,single,university.degree,no,no,yes
9664,34,26-35,services,single,basic.9y,no,yes,yes
9665,54,46-55,housemaid,married,basic.9y,no,no,no
9666,53,46-55,blue-collar,divorced,basic.9y,no,no,no
9667,51,46-55,unemployed,divorced,university.degree,unknown,yes,no
9668,42,36-45,self-employed,single,university.degree,no,no,no
9669,31,26-35,entrepreneur,married,high.school,no,yes,yes
9670,55,46-55,management,married,professional.course,no,yes,no
9671,30,26-35,blue-collar,married,professional.course,no,yes,no
9672,41,36-45,admin.,divorced,basic.9y,no,unknown,unknown
9673,35,26-35,technician,married,university.degree,no,yes,yes
9674,53,46-55,blue-collar,divorced,basic.6y,no,yes,no
9675,56,56-65,entrepreneur,married,basic.9y,no,no,yes
9676,46,46-55,management,divorced,high.school,no,yes,no
9677,36,36-45,management,divorced,high.school,no,no,yes
9678,48,46-55,housemaid,single,high.school,unknown,yes,no
9679,34,26-35,management,married,university.degree,no,unknown,unknown
9680,41,36-45,housemaid,divorced,university.degree,no,no,no
9681,40,36-45,blue-collar,married,basic.6y,no,unknown,unknown
9682,50,46-55,management,married,basic.6y,no,no,no
9683,49,46-55,admin.,single,basic.9y,no,yes,yes
9684,32,26-35,services,divorced,high.school,no,no,no
9685,48,46-55,housemaid,married,basic.6y,no,yes,no
9686,53,46-55,entrepreneur,married,unknown,no,no,no
9687,49,46-55,technician,divorced,basic.9y,no,no,no
9688,40,36-45,technician,divorced,high.school,no,yes,yes
9689,44,36-45,entrepreneur,married,university.degree,no,no,yes
9690,32,26-35,services,single,university.degree,no,yes,no
9691,52,46-55,entrepreneur,married,university.degree,unknown,yes,yes
9692,30,26-35,unemployed,single,unknown,no,yes,no
9693,47,46-55,housemaid,divorced,basic.4y,unknown,yes,yes
9694,40,36-45,entrepreneur,married,basic.4y,no,yes,yes
9695,29,26-35,admin.,divorced,professional.course,no,no,yes
9696,55,46-55,technician,married,high.school,unknown,yes,no
9697,39,36-45,housemaid,divorced,high.school,no,no,no
9698,40,36-45,blue-collar,single,basic.9y,no,unknown,unknown
9699,36,36-45,blue-collar,married,basic.6y,no,no,yes
9700,54,46-55,management,married,basic.6y,no,yes,no
9701,53,46-55,unemployed,married,basic.9y,no,yes,no
9702,29,26-35,services,married,basic.6y,no,no,no
9703,30,26-35,unemployed,single,professional.course,no,no,no
9704,34,26-35,management,single,high.school,no,yes,yes
9705,35,26-35,housemaid,single,basic.4y,unknown,yes,no
9706,45,36-45,entrepreneur,married,university.degree,unknown,yes,no
9707,38,36-45,services,married,unknown,no,yes,no
9708,47,46-55,self-employed,single,professional.course,no,yes,no
9709,29,26-35,unemployed,married,basic.4y,unknown,no,no
9710,49,46-55,admin.,divorced,professional.course,no,no,no
9711,48,46-55,services,single,unknown,no,yes,no
9712,44,36-45,admin.,single,professional.course,no,no,no
9713,37,36-45,management,married,unknown,no,no,no
9714,31,26-35,unemployed,married,high.school,no,yes,yes
9715,43,36-45,blue-collar,divorced,basic.9y,no,unknown,unknown
9716,37,36-45,services,divorced,basic.6y,no,no,no
9717,51,46-55,unemployed,divorced,university.degree,no,no,no
9718,42,36-45,self-employed,married,high.school,unknown,yes,no
9719,29,26-35,admin.,unknown,professional.course,no,yes,no
9720,52,46-55,self-employed,divorced,basic.9y,no,yes,no
9721,46,46-55,unemployed,married,basic.6y,no,yes,no
9722,40,36-45,services,single,basic.6y,no,no,no
9723,38,36-45,management,divorced,high.school,no,yes,no
9724,44,36-45,entrepreneur,married,university.degree,no,no,no
9725,42,36-45,technician,married,high.school,no,no,yes
9726,56,56-65,housemaid,married,basic.9y,no,no,no
9727,37,36-45,entrepreneur,married,high.school,unknown,no,no
9728,44,36-45,admin.,single,professional.course,no,yes,no
9729,36,36-45,technician,single,basic.9y,no,no,no
9730,45,36-45,admin.,married,unknown,no,yes,yes
9731,29,26-35,student,single,high.school,no,yes,no
9732,32,26-35,admin.,married,professional.course,no,unknown,unknown
9733,32,26-35,blue-collar,married,unknown,no,no,no
9734,29,26-35,housemaid,married,high.school,no,yes,no
9735,46,46-55,self-employed,divorced,basic.9y,unknown,unknown,unknown
9736,46,46-55,self-employed,divorced,basic.9y,unknown,no,no
9737,30,26-35,unemployed,married,basic.9y,no,yes,no
9738,30,26-35,blue-collar,single,university.degree,no,no,yes
9739,41,36-45,services,single,high.school,unknown,yes,no
9740,46,46-55,management,married,university.degree,no,yes,yes
9741,53,46-55,technician,divorced,high.school,no,yes,yes
9742,45,36-45,blue-collar,single,high.school,no,no,no
9743,53,46-55,technician,divorced,high.school,no,no,no
9744,48,46-55,management,single,university.degree,no,yes,no
9745,30,26-35,admin.,single,basic.9y,no,no,no
9746,32,26-35,blue-collar,divorced,university.degree,no,yes,no
9747,35,26-35,entrepreneur,married,university.degree,unknown,yes,no
9748,49,46-55,unemployed,divorced,high.school,no,unknown,unknown
9749,32,26-35,entrepreneur,single,university.degree,no,no,yes
9750,44,36-45,unemployed,married,university.degree,no,yes,no
9751,32,26-35,entrepreneur,single,university.degree,no,yes,yes
9752,32,26-35,unemployed,married,high.school,no,yes,no
9753,38,36-45,management,married,professional.course,no,no,no
9754,38,36-45,management,married,professional.course,no,yes,no
9755,33,26-35,management,single,professional.course,no,yes,no
9756,55,46-55,retired,married,high.school,no,no,yes
9757,50,46-55,self-employed,divorced,university.degree,no,no,no
9758,32,26-35,unemployed,single,high.school,no,yes,no
9759,40,36-45,management,single,high.school,no,yes,no
9760,33,26-35,self-employed,divorced,university.degree,no,no,no
9761,31,26-35,entrepreneur,single,university.degree,no,no,no
9762,47,46-55,technician,married,basic.6y,no,yes,no
9763,32,26-35,technician,single,university.degree,no,unknown,unknown
9764,57,56-65,entrepreneur,married,high.school,no,no,no
9765,29,26-35,self-employed,divorced,university.degree,no,unknown,unknown
9766,36,36-45,management,married,high.school,unknown,yes,no
9767,31,26-35,entrepreneur,single,high.school,no,no,no
9768,43,36-45,technician,married,university.degree,no,no,yes
9769,46,46-55,entrepreneur,divorced,high.school,no,yes,no
9770,38,36-45,self-employed,married,professional.course,no,yes,no
9771,38,36-45,management,married,professional.course,no,yes,yes
9772,38,36-45,management,single,university.degree,no,yes,yes
9773,58,56-65,technician,married,professional.course,no,no,no
9774,39,36-45,unemployed,divorced,high.school,no,no,no
9775,35,26-35,student,married,basic.9y,no,yes,no
9776,56,56-65,housemaid,divorced,high.school,no,yes,no
9777,31,26-35,technician,married,high.school,no,yes,yes
9778,34,26-35,entrepreneur,married,university.degree,no,yes,no
9779,55,46-55,entrepreneur,married,professional.course,no,yes,no
9780,51,46-55,entrepreneur,single,university.degree,no,no,no
9781,34,26-35,services,married,basic.4y,no,yes,no
9782,46,46-55,blue-collar,single,basic.4y,no,yes,yes
9783,35,26-35,self-employed,unknown,university.degree,no,no,no
9784,46,46-55,management,single,university.degree,no,yes,yes
9785,55,46-55,retired,divorced,basic.9y,no,no,no
9786,29,26-35,services,married,high.school,unknown,yes,yes
9787,43,36-45,entrepreneur,married,high.school,unknown,no,yes
9788,41,36-45,services,married,unknown,no,yes,yes
9789,50,46-55,unemployed,unknown,basic.9y,no,yes,yes
9790,43,36-45,unemployed,single,university.degree,no,yes,yes
9791,49,46-55,technician,divorced,university.degree,no,yes,no
9792,47,46-55,entrepreneur,divorced,basic.9y,no,no,no
9793,50,46-55,retired,divorced,high.school,no,yes,no
9794,47,46-55,housemaid,single,basic.9y,no,no,no
9795,42,36-45,blue-collar,single,basic.4y,unknown,yes,no
9796,44,36-45,admin.,single,university.degree,no,yes,yes
9797,34,26-35,management,divorced,university.degree,no,yes,yes
9798,40,36-45,self-employed,married,university.degree,unknown,yes,yes
9799,35,26-35,self-employed,married,high.school,no,yes,no
9800,50,46-55,self-employed,divorced,university.degree,no,yes,no
9801,52,46-55,self-employed,single,professional.course,no,no,yes
9802,53,46-55,self-employed,divorced,professional.course,no,yes,no
9803,57,56-65,admin.,divorced,university.degree,no,yes,yes
9804,51,46-55,admin.,divorced,high.school,no,no,yes
9805,51,46-55,self-employed,married,basic.9y,no,yes,yes
9806,44,36-45,entrepreneur,married,university.degree,no,yes,yes
9807,31,26-35,technician,married,basic.6y,no,yes,no
9808,36,36-45,unemployed,single,basic.9y,no,yes,no
9809,29,26-35,technician,single,professional.course,unknown,yes,yes
9810,30,26-35,unemployed,married,university.degree,no,no,no
9811,43,36-45,technician,divorced,high.school,no,yes,no
9812,37,36-45,blue-collar,divorced,professional.course,no,yes,no
9813,55,46-55,admin.,married,university.degree,no,unknown,unknown
9814,51,46-55,management,divorced,high.school,no,no,no
9815,56,56-65,housemaid,divorced,basic.4y,no,no,no
9816,29,26-35,technician,single,professional.course,unknown,yes,no
9817,56,56-65,housemaid,divorced,basic.4y,no,yes,no
9818,51,46-55,unemployed,divorced,high.school,unknown,yes,no
9819,34,26-35,self-employed,married,illiterate,no,yes,no
9820,37,36-45,management,married,basic.9y,no,yes,no
9821,33,26-35,technician,married,unknown,no,yes,no
9822,53,46-55,management,divorced,university.degree,no,yes,no
9823,39,36-45,services,single,university.degree,unknown,yes,no
9824,31,26-35,technician,single,unknown,unknown,no,no
9825,55,46-55,technician,single,university.degree,unknown,yes,yes
9826,45,36-45,unemployed,divorced,basic.4y,unknown,no,no
9827,29,26-35,self-employed,single,high.school,no,yes,yes
9828,34,26-35,student,divorced,university.degree,no,yes,no
9829,32,26-35,blue-collar,divorced,basic.9y,no,yes,yes
9830,30,26-35,entrepreneur,married,professional.course,no,yes,yes
9831,49,46-55,unemployed,unknown,high.school,no,yes,no
9832,42,36-45,blue-collar,divorced,basic.4y,unknown,no,no
9833,52,46-55,technician,divorced,university.degree,no,yes,no
9834,50,46-55,admin.,single,university.degree,no,yes,yes
9835,35,26-35,unemployed,married,basic.4y,no,no,no
9836,40,36-45,blue-collar,single,basic.9y,no,yes,yes
9837,39,36-45,management,married,unknown,no,no,no
9838,39,36-45,management,married,unknown,no,yes,yes
9839,54,46-55,housemaid,divorced,university.degree,no,yes,yes
9840,31,26-35,technician,single,unknown,unknown,yes,no
9841,29,26-35,services,married,basic.9y,no,yes,yes
9842,38,36-45,management,single,basic.9y,unknown,yes,no
9843,39,36-45,entrepreneur,married,university.degree,no,no,no
9844,29,26-35,unemployed,married,basic.4y,unknown,yes,no
9845,42,36-45,entrepreneur,single,basic.4y,no,yes,no
9846,29,26-35,entrepreneur,married,university.degree,no,yes,yes
9847,53,46-55,self-employed,single,university.degree,no,no,yes
9848,46,46-55,entrepreneur,divorced,basic.9y,no,yes,no
9849,51,46-55,self-employed,married,university.degree,no,yes,no
9850,45,36-45,management,married,professional.course,no,yes,no
9851,38,36-45,services,married,basic.6y,no,yes,no
9852,50,46-55,blue-collar,married,professional.course,no,no,no
9853,41,36-45,management,married,basic.9y,no,no,no
9854,29,26-35,blue-collar,single,basic.4y,no,yes,yes
9855,39,36-45,entrepreneur,married,professional.course,no,unknown,unknown
9856,43,36-45,technician,single,professional.course,unknown,unknown,unknown
9857,41,36-45,services,single,basic.9y,no,yes,no
9858,41,36-45,management,divorced,basic.6y,no,yes,no
9859,41,36-45,management,divorced,basic.6y,no,no,no
9860,22,18-25,blue-collar,single,basic.4y,no,yes,no
9861,52,46-55,services,married,basic.6y,no,yes,no
9862,58,56-65,retired,married,university.degree,no,unknown,unknown
9863,36,36-45,technician,divorced,professional.course,no,unknown,unknown
9864,36,36-45,admin.,married,unknown,unknown,yes,no
9865,49,46-55,entrepreneur,married,high.school,unknown,yes,no
9866,57,56-65,admin.,divorced,university.degree,unknown,no,no
9867,36,36-45,self-employed,married,basic.9y,no,yes,no
9868,55,46-55,blue-collar,divorced,basic.6y,no,yes,no
9869,43,36-45,blue-collar,married,unknown,unknown,yes,no
9870,32,26-35,services,married,basic.9y,unknown,yes,no
9871,37,36-45,unemployed,single,university.degree,no,no,no
9872,55,46-55,management,divorced,university.degree,no,no,no
9873,38,36-45,blue-collar,divorced,basic.4y,no,no,no
9874,46,46-55,management,single,university.degree,no,no,yes
9875,29,26-35,services,married,high.school,unknown,yes,no
9876,31,26-35,technician,married,basic.6y,no,yes,yes
9877,35,26-35,blue-collar,divorced,basic.4y,no,no,no
9878,49,46-55,management,divorced,basic.6y,no,no,no
9879,46,46-55,admin.,divorced,university.degree,no,unknown,unknown
9880,55,46-55,admin.,married,basic.9y,no,yes,yes
9881,45,36-45,unemployed,married,basic.9y,no,no,no
9882,48,46-55,entrepreneur,divorced,university.degree,no,yes,no
9883,41,36-45,services,single,basic.9y,no,no,no
9884,30,26-35,unemployed,married,unknown,no,yes,no
9885,43,36-45,unemployed,single,unknown,no,yes,no
9886,40,36-45,entrepreneur,unknown,high.school,no,yes,yes
9887,50,46-55,unemployed,unknown,basic.9y,no,no,no
9888,36,36-45,admin.,divorced,university.degree,no,no,yes
9889,38,36-45,admin.,single,high.school,no,yes,yes
9890,42,36-45,management,married,high.school,no,yes,yes
9891,34,26-35,self-employed,single,basic.9y,no,no,no
9892,30,26-35,blue-collar,married,high.school,no,yes,yes
9893,42,36-45,blue-collar,single,professional.course,no,no,no
9894,54,46-55,retired,divorced,university.degree,no,no,yes
9895,46,46-55,admin.,single,high.school,no,yes,yes
9896,50,46-55,management,divorced,university.degree,no,yes,no
9897,31,26-35,unemployed,single,basic.4y,no,yes,no
9898,38,36-45,admin.,divorced,basic.9y,no,no,no
9899,45,36-45,admin.,divorced,professional.course,no,yes,no
9900,50,46-55,blue-collar,married,university.degree,unknown,no,no
9901,50,46-55,blue-collar,divorced,professional.course,no,yes,yes
9902,29,26-35,self-employed,married,university.degree,no,yes,yes
9903,57,56-65,housemaid,married,basic.4y,no,yes,yes
9904,45,36-45,technician,divorced,basic.9y,no,no,no
9905,54,46-55,admin.,divorced,university.degree,unknown,no,no
9906,32,26-35,student,single,professional.course,no,yes,yes
9907,34,26-35,admin.,married,university.degree,no,unknown,unknown
9908,37,36-45,admin.,married,professional.course,no,no,no
9909,45,36-45,admin.,divorced,high.school,no,no,yes
9910,53,46-55,entrepreneur,married,basic.6y,no,yes,no
9911,29,26-35,admin.,single,professional.course,no,no,no
9912,37,36-45,technician,divorced,high.school,no,no,no
9913,43,36-45,management,single,high.school,no,no,no
9914,43,36-45,services,married,basic.6y,no,yes,no
9915,43,36-45,admin.,divorced,high.school,no,no,yes
9916,29,26-35,technician,single,high.school,no,yes,yes
9917,43,36-45,management,single,high.school,no,yes,no
9918,57,56-65,unemployed,married,university.degree,no,yes,yes
9919,34,26-35,entrepreneur,married,high.school,no,no,yes
9920,45,36-45,technician,single,university.degree,no,yes,no
9921,50,46-55,blue-collar,divorced,professional.course,no,yes,no
9922,50,46-55,technician,married,basic.9y,no,no,no
9923,57,56-65,management,divorced,professional.course,no,yes,no
9924,36,36-45,services,married,basic.6y,unknown,no,no
9925,55,46-55,admin.,single,university.degree,unknown,no,yes
9926,53,46-55,unemployed,married,basic.4y,no,yes,no
9927,42,36-45,management,married,basic.6y,no,no,no
9928,50,46-55,technician,divorced,university.degree,no,yes,no
9929,51,46-55,technician,single,basic.9y,no,yes,no
9930,36,36-45,entrepreneur,divorced,high.school,no,yes,no
9931,31,26-35,unemployed,single,basic.4y,no,yes,yes
9932,29,26-35,entrepreneur,single,basic.4y,no,no,no
9933,54,46-55,technician,married,high.school,unknown,yes,no
9934,44,36-45,housemaid,married,high.school,no,no,no
9935,39,36-45,self-employed,single,high.school,no,yes,no
9936,45,36-45,services,single,high.school,unknown,yes,no
9937,31,26-35,unemployed,single,basic.4y,no,no,no
9938,33,26-35,blue-collar,single,basic.4y,no,yes,no
9939,50,46-55,technician,married,university.degree,unknown,yes,yes
9940,55,46-55,technician,single,professional.course,no,yes,yes
9941,34,26-35,technician,divorced,university.degree,no,yes,no
9942,52,46-55,unemployed,married,university.degree,no,no,no
9943,31,26-35,unemployed,single,basic.4y,no,no,yes
9944,52,46-55,services,married,basic.9y,unknown,yes,no
9945,31,26-35,services,single,university.degree,unknown,unknown,unknown
9946,49,46-55,technician,married,basic.4y,no,no,no
9947,55,46-55,entrepreneur,married,university.degree,no,no,no
9948,49,46-55,self-employed,married,university.degree,unknown,yes,no
9949,52,46-55,entrepreneur,married,university.degree,no,yes,yes
9950,37,36-45,entrepreneur,married,professional.course,no,no,no
9951,52,46-55,technician,divorced,university.degree,unknown,no,no
9952,45,36-45,self-employed,married,university.degree,no,no,no
9953,54,46-55,retired,divorced,university.degree,no,no,no
9954,37,36-45,admin.,married,unknown,no,yes,yes
9955,33,26-35,self-employed,single,university.degree,no,yes,yes
9956,38,36-45,management,married,university.degree,no,no,yes
9957,32,26-35,entrepreneur,single,basic.9y,no,no,no
9958,44,36-45,self-employed,divorced,professional.course,no,yes,no
9959,55,46-55,admin.,married,unknown,unknown,no,no
9960,29,26-35,student,single,professional.course,no,no,no
9961,48,46-55,blue-collar,divorced,basic.4y,no,yes,no
9962,51,46-55,self-employed,married,university.degree,unknown,unknown,unknown
9963,31,26-35,services,single,basic.9y,unknown,yes,no
9964,56,56-65,unemployed,divorced,high.school,unknown,yes,no
9965,48,46-55,technician,married,professional.course,no,yes,yes
9966,48,46-55,services,married,professional.course,no,no,no
9967,40,36-45,blue-collar,divorced,basic.4y,no,yes,no
9968,39,36-45,services,divorced,unknown,no,yes,no
9969,56,56-65,services,single,high.school,no,yes,no
9970,31,26-35,unemployed,married,high.school,no,no,yes
9971,56,56-65,management,married,basic.9y,no,yes,yes
9972,43,36-45,services,single,high.school,unknown,no,yes
9973,50,46-55,management,married,professional.course,no,yes,no
9974,50,46-55,unemployed,married,professional.course,no,yes,no
9975,36,36-45,admin.,married,basic.6y,no,yes,no
9976,36,36-45,admin.,married,basic.6y,no,yes,yes
9977,57,56-65,admin.,divorced,university.degree,unknown,no,yes
9978,55,46-55,retired,single,university.degree,unknown,no,no
9979,51,46-55,management,divorced,professional.course,no,no,no
9980,49,46-55,technician,married,basic.4y,no,no,yes
9981,52,46-55,services,married,basic.6y,no,no,no
9982,33,26-35,student,single,unknown,no,yes,no
9983,49,46-55,admin.,married,unknown,no,no,no
9984,34,26-35,management,single,university.degree,no,unknown,unknown
9985,57,56-65,blue-collar,married,basic.9y,unknown,no,yes
9986,41,36-45,self-employed,married,professional.course,unknown,yes,no
9987,49,46-55,self-employed,married,university.degree,unknown,yes,yes
9988,56,56-65,blue-collar,divorced,high.school,no,no,no
9989,31,26-35,self-employed,single,university.degree,no,no,no
9990,57,56-65,services,married,unknown,no,yes,no
9991,45,36-45,self-employed,single,professional.course,no,no,no
9992,48,46-55,admin.,married,basic.9y,no,yes,yes
9993,59,56-65,self-employed,married,professional.course,unknown,no,no
9994,38,36-45,technician,single,professional.course,no,yes,yes
9995,51,46-55,admin.,single,university.degree,unknown,no,no
9996,50,46-55,blue-collar,married,unknown,no,no,no
9997,40,36-45,student,single,high.school,no,no,no
9998,46,46-55,unemployed,divorced,basic.4y,no,no,no
9999,39,36-45,entrepreneur,married,university.degree,no,unknown,unknown
10000,51,46-55,admin.,married,university.degree,no,yes,yes
10001,50,46-55,retired,married,university.degree,no,no,no
10002,50,46-55,retired,single,university.degree,no,yes,no
10003,57,56-65,technician,divorced,professional.course,no,unknown,unknown
10004,55,46-55,management,divorced,university.degree,unknown,no,no
10005,37,36-45,self-employed,married,university.degree,no,no,no
10006,51,46-55,admin.,divorced,basic.9y,no,yes,no
10007,54,46-55,technician,single,high.school,no,yes,no
10008,30,26-35,entrepreneur,divorced,high.school,no,no,no
10009,57,56-65,management,married,university.degree,unknown,yes,yes
10010,57,56-65,services,married,unknown,no,no,no
10011,48,46-55,unemployed,married,professional.course,unknown,yes,yes
10012,53,46-55,admin.,divorced,high.school,no,yes,yes
10013,57,56-65,technician,married,university.degree,unknown,yes,no
10014,30,26-35,student,single,university.degree,no,no,no
10015,51,46-55,housemaid,married,high.school,no,no,yes
10016,47,46-55,management,married,high.school,no,yes,yes
10017,42,36-45,services,divorced,high.school,no,yes,no
10018,46,46-55,technician,married,professional.course,no,yes,yes
10019,47,46-55,admin.,single,high.school,no,no,no
10020,37,36-45,unemployed,single,university.degree,no,no,yes
10021,56,56-65,unemployed,married,basic.9y,no,yes,yes
10022,59,56-65,technician,single,professional.course,no,yes,no
10023,52,46-55,admin.,divorced,high.school,no,yes,no
10024,32,26-35,entrepreneur,single,high.school,unknown,yes,yes
10025,49,46-55,unemployed,single,high.school,no,yes,no
10026,58,56-65,admin.,married,basic.4y,no,no,no
10027,49,46-55,blue-collar,married,university.degree,no,no,no
10028,48,46-55,unemployed,divorced,professional.course,no,yes,no
10029,46,46-55,housemaid,married,university.degree,unknown,yes,no
10030,58,56-65,retired,divorced,professional.course,no,yes,no
10031,53,46-55,unemployed,single,basic.9y,no,no,no
10032,55,46-55,management,married,university.degree,no,no,yes
10033,30,26-35,unemployed,married,professional.course,no,yes,no
10034,54,46-55,self-employed,married,university.degree,unknown,no,no
10035,44,36-45,self-employed,divorced,professional.course,no,no,no
10036,52,46-55,services,divorced,basic.4y,unknown,yes,yes
10037,58,56-65,retired,married,professional.course,unknown,yes,yes
10038,34,26-35,services,single,basic.9y,no,yes,no
10039,50,46-55,retired,single,university.degree,no,no,no
10040,56,56-65,services,single,high.school,no,yes,yes
10041,51,46-55,admin.,single,university.degree,unknown,yes,yes
10042,55,46-55,management,married,basic.9y,no,no,no
10043,32,26-35,unemployed,single,high.school,no,no,yes
10044,46,46-55,entrepreneur,single,professional.course,no,yes,no
10045,41,36-45,technician,divorced,professional.course,no,no,yes
10046,55,46-55,unemployed,divorced,professional.course,no,no,no
10047,26,26-35,student,single,basic.9y,no,yes,no
10048,26,26-35,student,single,basic.9y,no,no,no
10049,26,26-35,student,single,basic.9y,no,yes,yes
10050,48,46-55,admin.,married,basic.6y,no,no,no
10051,44,36-45,blue-collar,single,professional.course,no,no,no
10052,28,26-35,technician,single,university.degree,no,yes,yes
10053,70,66+,retired,divorced,basic.4y,no,yes,no
10054,61,56-65,admin.,married,university.degree,no,yes,no
10055,26,26-35,student,single,basic.9y,no,no,yes
10056,48,46-55,admin.,married,basic.6y,no,yes,no
10057,42,36-45,entrepreneur,married,basic.9y,no,unknown,unknown
10058,66,66+,technician,married,professional.course,no,yes,no
10059,26,26-35,unknown,single,basic.9y,no,no,no
10060,24,18-25,services,single,unknown,no,no,no
10061,28,26-35,student,single,basic.9y,no,yes,no
10062,24,18-25,services,single,unknown,no,yes,no
10063,23,18-25,admin.,single,university.degree,no,unknown,unknown
10064,44,36-45,management,married,basic.6y,no,yes,no
10065,23,18-25,admin.,single,university.degree,no,yes,no
10066,44,36-45,management,married,basic.6y,no,yes,yes
10067,76,66+,retired,married,university.degree,no,no,yes
10068,67,66+,retired,single,university.degree,no,yes,yes
10069,73,66+,retired,married,university.degree,no,yes,no
10070,18,18-25,student,single,high.school,no,yes,yes
10071,39,36-45,blue-collar,single,basic.4y,no,yes,no
10072,30,26-35,student,single,basic.4y,no,yes,yes
10073,88,66+,retired,divorced,basic.4y,no,yes,no
10074,88,66+,retired,divorced,basic.4y,no,no,no
10075,88,66+,retired,divorced,basic.4y,no,yes,yes
10076,66,66+,retired,married,basic.4y,no,yes,no
10077,95,66+,retired,divorced,basic.6y,no,no,no
10078,19,18-25,student,single,basic.9y,no,yes,no
10079,28,26-35,self-employed,single,university.degree,no,yes,yes
10080,50,46-55,unemployed,unknown,university.degree,no,no,no
10081,70,66+,retired,married,basic.4y,no,yes,no
10082,70,66+,retired,married,basic.4y,no,no,no
10083,56,56-65,retired,married,university.degree,no,yes,yes
10084,77,66+,retired,divorced,unknown,no,yes,no
10085,37,36-45,unemployed,married,university.degree,no,yes,no
10086,32,26-35,admin.,single,professional.course,no,yes,yes
10087,60,56-65,management,single,university.degree,no,yes,yes
10088,68,66+,retired,married,university.degree,no,no,no
10089,24,18-25,management,married,unknown,no,no,no
10090,75,66+,retired,divorced,basic.9y,no,no,no
10091,70,66+,admin.,divorced,university.degree,no,no,no
10092,19,18-25,student,single,basic.6y,no,no,no
10093,61,56-65,retired,married,basic.9y,no,no,yes
10094,63,56-65,retired,divorced,basic.4y,no,no,no
10095,70,66+,housemaid,married,basic.4y,no,no,no
10096,20,18-25,student,single,basic.9y,no,yes,no
10097,58,56-65,unemployed,married,basic.4y,unknown,yes,no
10098,68,66+,retired,married,basic.4y,no,no,no
10099,22,18-25,student,single,basic.9y,no,yes,no
10100,36,36-45,unemployed,married,university.degree,unknown,unknown,unknown
10101,66,66+,retired,married,unknown,no,yes,no
10102,60,56-65,admin.,married,university.degree,no,yes,no
10103,30,26-35,blue-collar,single,university.degree,no,yes,yes
10104,80,66+,retired,married,basic.4y,unknown,yes,no
10105,80,66+,retired,married,basic.4y,unknown,no,no
10106,21,18-25,student,single,basic.4y,no,no,no
10107,62,56-65,admin.,married,high.school,no,no,no
10108,59,56-65,blue-collar,married,basic.4y,no,yes,yes
10109,80,66+,management,divorced,professional.course,unknown,yes,no
10110,39,36-45,admin.,married,high.school,unknown,yes,yes
10111,43,36-45,self-employed,married,high.school,unknown,yes,no
10112,43,36-45,self-employed,married,high.school,unknown,no,no
10113,56,56-65,entrepreneur,divorced,university.degree,no,no,no
10114,33,26-35,blue-collar,married,professional.course,no,yes,yes
10115,49,46-55,admin.,married,basic.6y,no,yes,no
10116,46,46-55,retired,married,basic.6y,unknown,yes,no
10117,63,56-65,retired,married,professional.course,no,yes,no
10118,27,26-35,entrepreneur,married,professional.course,no,unknown,unknown
10119,56,56-65,entrepreneur,divorced,university.degree,no,unknown,unknown
10120,20,18-25,student,single,unknown,no,yes,no
10121,63,56-65,retired,married,professional.course,no,no,no
10122,54,46-55,blue-collar,married,professional.course,no,yes,no
10123,38,36-45,admin.,divorced,basic.6y,unknown,yes,no
10124,43,36-45,services,divorced,high.school,unknown,yes,no
10125,43,36-45,services,divorced,high.school,unknown,no,no
10126,38,36-45,services,married,basic.9y,no,yes,no
10127,41,36-45,blue-collar,married,basic.4y,unknown,yes,yes
10128,55,46-55,blue-collar,divorced,basic.4y,unknown,yes,no
10129,33,26-35,housemaid,unknown,university.degree,no,yes,no
10130,28,26-35,blue-collar,single,high.school,no,no,yes
10131,50,46-55,services,married,basic.4y,unknown,yes,yes
10132,44,36-45,blue-collar,married,university.degree,no,yes,no
10133,49,46-55,admin.,married,basic.6y,unknown,yes,no
10134,50,46-55,self-employed,single,basic.9y,no,no,no
10135,38,36-45,services,married,basic.9y,no,no,yes
10136,24,18-25,technician,single,university.degree,no,yes,no
10137,53,46-55,blue-collar,divorced,high.school,no,yes,no
10138,49,46-55,self-employed,divorced,unknown,unknown,yes,no
10139,26,26-35,entrepreneur,single,high.school,no,yes,no
10140,26,26-35,entrepreneur,single,high.school,no,no,yes
10141,51,46-55,technician,divorced,professional.course,no,yes,yes
10142,54,46-55,housemaid,married,unknown,no,yes,no
10143,49,46-55,self-employed,divorced,unknown,unknown,no,no
10144,50,46-55,admin.,married,professional.course,unknown,yes,no
10145,49,46-55,services,married,basic.6y,no,no,yes
10146,44,36-45,management,divorced,university.degree,no,no,no
10147,38,36-45,entrepreneur,married,professional.course,no,yes,yes
10148,42,36-45,management,married,unknown,no,yes,no
10149,41,36-45,unemployed,married,basic.9y,no,no,yes
10150,50,46-55,management,divorced,university.degree,unknown,no,no
10151,41,36-45,unemployed,married,basic.9y,no,yes,no
10152,37,36-45,technician,divorced,basic.9y,no,yes,no
10153,55,46-55,management,divorced,university.degree,no,no,yes
10154,65,56-65,retired,married,university.degree,no,yes,no
10155,34,26-35,admin.,married,basic.6y,no,yes,no
10156,46,46-55,self-employed,single,university.degree,unknown,no,no
10157,42,36-45,technician,married,basic.9y,no,no,yes
10158,44,36-45,technician,married,unknown,no,yes,no
10159,45,36-45,blue-collar,single,basic.9y,no,yes,no
10160,24,18-25,student,single,university.degree,no,no,no
10161,58,56-65,retired,divorced,high.school,no,yes,no
10162,43,36-45,services,married,professional.course,no,no,no
10163,57,56-65,blue-collar,married,high.school,no,yes,yes
10164,60,56-65,retired,divorced,basic.4y,no,no,no
10165,19,18-25,student,single,basic.9y,no,no,no
10166,57,56-65,blue-collar,married,high.school,no,yes,no
10167,43,36-45,blue-collar,married,basic.9y,unknown,yes,yes
10168,22,18-25,student,single,high.school,no,no,no
10169,40,36-45,self-employed,married,professional.course,unknown,no,no
10170,39,36-45,self-employed,married,professional.course,no,no,yes
10171,41,36-45,admin.,married,basic.6y,unknown,no,no
10172,46,46-55,technician,married,basic.6y,no,no,no
10173,66,66+,retired,single,university.degree,no,yes,no
10174,28,26-35,student,single,university.degree,no,yes,no
10175,72,66+,retired,married,basic.4y,no,unknown,unknown
10176,72,66+,retired,married,basic.4y,no,no,no
10177,38,36-45,services,divorced,high.school,unknown,yes,no
10178,38,36-45,services,divorced,high.school,unknown,no,no
10179,35,26-35,unemployed,divorced,university.degree,no,yes,yes
10180,35,26-35,unemployed,divorced,university.degree,no,no,no
10181,40,36-45,retired,single,basic.4y,no,yes,yes
10182,36,36-45,self-employed,single,university.degree,no,no,yes
10183,39,36-45,technician,married,basic.6y,no,no,no
10184,33,26-35,blue-collar,single,professional.course,no,no,no
10185,55,46-55,technician,married,high.school,no,yes,yes
10186,27,26-35,technician,single,basic.9y,no,no,yes
10187,27,26-35,technician,single,basic.9y,no,yes,no
10188,40,36-45,housemaid,married,basic.9y,no,yes,yes
10189,61,56-65,retired,married,university.degree,no,yes,no
10190,46,46-55,blue-collar,divorced,basic.9y,no,no,yes
10191,25,18-25,unemployed,single,professional.course,no,yes,no
10192,25,18-25,unemployed,single,professional.course,no,no,no
10193,46,46-55,blue-collar,divorced,basic.6y,unknown,no,no
10194,36,36-45,housemaid,married,basic.9y,no,yes,no
10195,63,56-65,retired,married,unknown,no,no,no
10196,63,56-65,retired,married,unknown,no,yes,no
10197,50,46-55,admin.,married,university.degree,no,unknown,unknown
10198,47,46-55,unemployed,divorced,basic.9y,no,no,no
10199,51,46-55,admin.,single,university.degree,no,yes,yes
10200,25,18-25,admin.,single,professional.course,no,yes,no
10201,47,46-55,entrepreneur,married,high.school,no,no,yes
10202,29,26-35,technician,married,university.degree,no,unknown,unknown
10203,82,66+,retired,married,unknown,no,no,no
10204,27,26-35,technician,single,basic.9y,no,no,no
10205,64,56-65,technician,married,professional.course,no,yes,no
10206,35,26-35,services,divorced,basic.9y,no,no,no
10207,34,26-35,admin.,single,professional.course,no,no,no
10208,34,26-35,services,divorced,high.school,no,yes,yes
10209,22,18-25,management,single,university.degree,no,yes,no
10210,25,18-25,unemployed,single,professional.course,no,no,yes
10211,46,46-55,technician,married,basic.6y,unknown,yes,no
10212,47,46-55,admin.,married,unknown,no,no,yes
10213,39,36-45,services,married,basic.9y,unknown,yes,yes
10214,41,36-45,admin.,married,university.degree,unknown,yes,yes
10215,21,18-25,services,single,high.school,no,yes,yes
10216,46,46-55,technician,single,basic.9y,no,yes,no
10217,43,36-45,admin.,divorced,high.school,no,unknown,unknown
10218,35,26-35,services,married,basic.9y,no,yes,no
10219,33,26-35,technician,single,university.degree,no,unknown,unknown
10220,67,66+,retired,married,university.degree,no,yes,no
10221,41,36-45,technician,married,university.degree,unknown,no,yes
10222,41,36-45,technician,married,university.degree,unknown,yes,yes
10223,48,46-55,blue-collar,married,basic.9y,unknown,yes,yes
10224,33,26-35,services,divorced,university.degree,no,yes,no
10225,45,36-45,admin.,single,unknown,no,yes,no
10226,46,46-55,technician,single,basic.9y,no,no,no
10227,45,36-45,entrepreneur,divorced,university.degree,no,yes,no
10228,36,36-45,retired,married,high.school,no,yes,no
10229,41,36-45,blue-collar,married,basic.9y,no,unknown,unknown
10230,47,46-55,technician,divorced,professional.course,no,no,no
10231,57,56-65,services,married,high.school,no,yes,no
10232,26,26-35,unemployed,single,university.degree,no,yes,no
10233,42,36-45,admin.,single,professional.course,no,yes,no
10234,42,36-45,admin.,single,professional.course,no,no,no
10235,73,66+,retired,divorced,basic.4y,no,no,yes
10236,42,36-45,services,single,basic.6y,no,yes,yes
10237,59,56-65,blue-collar,married,basic.9y,no,no,no
10238,34,26-35,unemployed,single,university.degree,no,yes,no
10239,55,46-55,admin.,single,high.school,no,yes,no
10240,28,26-35,blue-collar,single,university.degree,no,yes,no
10241,56,56-65,management,married,basic.9y,unknown,no,no
10242,71,66+,retired,married,basic.4y,no,no,no
10243,28,26-35,blue-collar,single,university.degree,no,no,no
10244,33,26-35,management,married,university.degree,unknown,yes,yes
10245,45,36-45,admin.,single,basic.9y,no,yes,yes
10246,69,66+,retired,divorced,university.degree,no,yes,no
10247,23,18-25,technician,single,professional.course,no,no,yes
10248,47,46-55,blue-collar,married,professional.course,no,yes,no
10249,49,46-55,admin.,married,unknown,no,yes,yes
10250,67,66+,retired,married,professional.course,no,no,no
10251,23,18-25,student,single,basic.4y,no,yes,no
10252,56,56-65,entrepreneur,married,basic.9y,no,yes,no
10253,38,36-45,technician,divorced,university.degree,no,no,no
10254,32,26-35,unemployed,single,university.degree,no,yes,no
10255,56,56-65,blue-collar,married,basic.9y,unknown,no,yes
10256,43,36-45,management,married,basic.6y,no,no,no
10257,29,26-35,unemployed,single,high.school,no,no,no
10258,36,36-45,self-employed,divorced,basic.9y,no,yes,no
10259,40,36-45,management,single,basic.9y,no,yes,no
10260,41,36-45,entrepreneur,single,professional.course,no,yes,no
10261,40,36-45,blue-collar,divorced,unknown,unknown,no,no
10262,59,56-65,admin.,divorced,university.degree,no,no,no
10263,32,26-35,unemployed,single,university.degree,no,no,no
10264,44,36-45,unemployed,divorced,basic.9y,no,no,no
10265,67,66+,retired,married,professional.course,no,yes,no
10266,57,56-65,technician,married,high.school,no,yes,no
10267,55,46-55,blue-collar,single,basic.4y,no,yes,no
10268,51,46-55,management,married,unknown,no,yes,no
10269,66,66+,retired,married,basic.4y,no,no,yes
10270,71,66+,retired,married,high.school,no,yes,no
10271,51,46-55,entrepreneur,married,illiterate,no,no,no
10272,51,46-55,entrepreneur,married,illiterate,no,yes,no
10273,39,36-45,management,single,university.degree,unknown,no,no
10274,39,36-45,management,single,university.degree,unknown,yes,no
10275,40,36-45,entrepreneur,married,professional.course,unknown,yes,no
10276,64,56-65,retired,married,basic.6y,no,yes,no
10277,54,46-55,entrepreneur,divorced,unknown,no,no,yes
10278,52,46-55,retired,married,basic.4y,unknown,no,no
10279,27,26-35,services,single,university.degree,no,yes,no
10280,44,36-45,entrepreneur,divorced,university.degree,no,no,no
10281,35,26-35,admin.,married,professional.course,no,no,yes
10282,45,36-45,services,divorced,basic.4y,no,no,yes
10283,43,36-45,management,married,unknown,unknown,no,no
10284,43,36-45,management,married,unknown,unknown,no,yes
10285,38,36-45,entrepreneur,married,university.degree,unknown,yes,no
10286,45,36-45,blue-collar,married,unknown,no,yes,no
10287,46,46-55,self-employed,divorced,basic.9y,no,yes,yes
10288,47,46-55,admin.,single,high.school,no,yes,yes
10289,55,46-55,management,married,basic.4y,unknown,no,no
10290,26,26-35,admin.,single,university.degree,no,unknown,unknown
10291,69,66+,retired,married,unknown,no,no,no
10292,70,66+,retired,married,unknown,no,yes,no
10293,37,36-45,admin.,married,professional.course,no,yes,no
10294,35,26-35,unemployed,married,professional.course,no,yes,no
10295,53,46-55,services,divorced,high.school,unknown,yes,no
10296,28,26-35,blue-collar,single,basic.9y,unknown,yes,no
10297,53,46-55,services,divorced,high.school,unknown,no,yes
10298,40,36-45,management,married,basic.6y,no,yes,no
10299,33,26-35,services,single,basic.9y,no,yes,no
10300,70,66+,retired,married,unknown,no,yes,yes
10301,29,26-35,services,single,basic.9y,unknown,yes,no
10302,37,36-45,admin.,married,professional.course,no,yes,yes
10303,48,46-55,services,divorced,high.school,unknown,no,no
10304,41,36-45,services,single,university.degree,no,no,no
10305,53,46-55,management,married,high.school,no,yes,no
10306,42,36-45,admin.,divorced,high.school,no,no,no
10307,24,18-25,management,single,university.degree,no,no,no
10308,28,26-35,technician,single,professional.course,no,unknown,unknown
10309,42,36-45,entrepreneur,married,basic.9y,no,no,yes
10310,52,46-55,retired,married,basic.4y,unknown,yes,yes
10311,24,18-25,blue-collar,married,professional.course,unknown,no,no
10312,41,36-45,blue-collar,married,high.school,no,no,yes
10313,28,26-35,technician,single,high.school,no,yes,yes
10314,41,36-45,blue-collar,divorced,basic.4y,no,no,yes
10315,38,36-45,technician,divorced,high.school,no,yes,yes
10316,38,36-45,entrepreneur,married,basic.4y,unknown,yes,no
10317,50,46-55,services,single,basic.6y,unknown,no,no
10318,45,36-45,services,divorced,basic.4y,no,no,no
10319,50,46-55,services,single,basic.6y,unknown,yes,no
10320,36,36-45,blue-collar,married,unknown,no,yes,no
10321,28,26-35,technician,married,basic.9y,no,no,no
10322,25,18-25,student,married,university.degree,no,yes,yes
10323,47,46-55,entrepreneur,divorced,high.school,no,no,no
10324,31,26-35,student,single,unknown,unknown,no,no
10325,29,26-35,blue-collar,single,basic.6y,no,yes,yes
10326,31,26-35,student,single,unknown,unknown,no,yes
10327,26,26-35,student,single,university.degree,no,no,yes
10328,42,36-45,blue-collar,married,basic.4y,no,no,yes
10329,33,26-35,management,married,basic.9y,no,no,yes
10330,19,18-25,student,single,unknown,no,yes,no
10331,48,46-55,admin.,divorced,unknown,no,no,no
10332,54,46-55,entrepreneur,married,basic.9y,no,yes,yes
10333,28,26-35,student,married,university.degree,unknown,yes,no
10334,34,26-35,entrepreneur,married,university.degree,no,no,no
10335,34,26-35,technician,divorced,basic.9y,no,yes,no
10336,28,26-35,student,married,university.degree,unknown,no,no
10337,54,46-55,retired,married,basic.4y,no,yes,no
10338,55,46-55,admin.,married,basic.4y,no,yes,no
10339,59,56-65,admin.,divorced,university.degree,no,yes,no
10340,39,36-45,blue-collar,divorced,basic.6y,no,yes,no
10341,34,26-35,self-employed,married,basic.4y,unknown,yes,no
10342,50,46-55,management,married,basic.6y,no,yes,no
10343,48,46-55,services,single,high.school,no,yes,no
10344,57,56-65,services,married,basic.9y,unknown,yes,no
10345,29,26-35,entrepreneur,single,university.degree,no,yes,yes
10346,34,26-35,housemaid,divorced,university.degree,no,yes,yes
10347,41,36-45,blue-collar,married,basic.9y,unknown,no,yes
10348,45,36-45,blue-collar,married,unknown,unknown,yes,no
10349,32,26-35,retired,married,basic.4y,no,yes,no
10350,36,36-45,entrepreneur,married,basic.9y,no,yes,no
10351,53,46-55,admin.,single,basic.6y,unknown,no,yes
10352,57,56-65,admin.,divorced,high.school,no,yes,no
10353,24,18-25,technician,divorced,professional.course,no,yes,no
10354,55,46-55,admin.,divorced,unknown,no,no,no
10355,24,18-25,technician,divorced,professional.course,no,no,no
10356,34,26-35,unemployed,married,basic.9y,unknown,yes,no
10357,34,26-35,unemployed,married,basic.9y,unknown,no,no
10358,56,56-65,self-employed,divorced,university.degree,unknown,no,no
10359,29,26-35,admin.,married,university.degree,no,unknown,unknown
10360,47,46-55,management,married,high.school,no,unknown,unknown
10361,47,46-55,management,married,high.school,no,no,yes
10362,29,26-35,services,married,basic.6y,no,no,yes
10363,36,36-45,blue-collar,divorced,basic.6y,unknown,yes,no
10364,44,36-45,management,married,professional.course,no,yes,no
10365,19,18-25,student,single,unknown,no,no,no
10366,43,36-45,admin.,divorced,university.degree,no,yes,no
10367,50,46-55,management,married,basic.9y,no,yes,no
10368,55,46-55,admin.,married,basic.4y,no,no,yes
10369,33,26-35,admin.,single,university.degree,unknown,no,yes
10370,30,26-35,self-employed,married,university.degree,no,no,yes
10371,27,26-35,unemployed,single,basic.9y,no,yes,no
10372,36,36-45,admin.,single,professional.course,no,no,no
10373,54,46-55,blue-collar,single,basic.9y,no,yes,no
10374,19,18-25,student,single,unknown,no,yes,yes
10375,31,26-35,unemployed,single,basic.9y,no,yes,no
10376,53,46-55,admin.,married,basic.6y,no,yes,no
10377,34,26-35,entrepreneur,married,university.degree,no,no,yes
10378,35,26-35,blue-collar,divorced,basic.6y,no,yes,no
10379,35,26-35,services,divorced,high.school,no,yes,yes
10380,58,56-65,unemployed,married,basic.9y,unknown,no,no
10381,45,36-45,services,single,unknown,no,no,no
10382,22,18-25,admin.,married,high.school,no,yes,yes
10383,41,36-45,admin.,single,professional.course,no,yes,yes
10384,32,26-35,self-employed,married,basic.6y,no,no,no
10385,38,36-45,unemployed,divorced,high.school,no,yes,yes
10386,37,36-45,management,divorced,professional.course,no,yes,no
10387,33,26-35,management,married,basic.9y,no,no,no
10388,42,36-45,blue-collar,single,unknown,no,yes,no
10389,56,56-65,blue-collar,unknown,basic.4y,no,no,no
10390,36,36-45,blue-collar,married,basic.6y,no,yes,yes
10391,32,26-35,management,single,university.degree,unknown,yes,yes
10392,29,26-35,student,single,professional.course,no,yes,no
10393,22,18-25,admin.,single,university.degree,no,no,no
10394,51,46-55,housemaid,divorced,high.school,unknown,no,no
10395,44,36-45,management,married,professional.course,no,no,no
10396,34,26-35,housemaid,divorced,university.degree,no,unknown,unknown
10397,71,66+,retired,single,unknown,no,yes,no
10398,47,46-55,admin.,married,university.degree,unknown,yes,yes
10399,48,46-55,admin.,married,basic.4y,no,yes,no
10400,25,18-25,student,married,university.degree,no,no,yes
10401,45,36-45,housemaid,married,university.degree,no,yes,no
10402,47,46-55,management,married,professional.course,no,yes,no
10403,48,46-55,unemployed,married,high.school,no,yes,no
10404,47,46-55,technician,divorced,university.degree,no,no,yes
10405,29,26-35,student,single,unknown,no,yes,no
10406,33,26-35,blue-collar,married,basic.4y,no,no,yes
10407,75,66+,housemaid,divorced,basic.4y,no,no,no
10408,47,46-55,technician,single,university.degree,no,no,no
10409,57,56-65,retired,married,basic.6y,unknown,no,no
10410,40,36-45,blue-collar,single,basic.6y,unknown,no,yes
10411,49,46-55,technician,married,unknown,no,no,no
10412,48,46-55,services,single,high.school,no,no,no
10413,37,36-45,entrepreneur,married,basic.4y,no,yes,no
10414,40,36-45,housemaid,married,basic.6y,unknown,unknown,unknown
10415,49,46-55,admin.,divorced,high.school,no,unknown,unknown
10416,40,36-45,blue-collar,single,basic.6y,unknown,yes,no
10417,49,46-55,admin.,single,basic.6y,no,yes,yes
10418,30,26-35,student,single,professional.course,no,no,yes
10419,38,36-45,technician,married,basic.4y,no,no,yes
10420,37,36-45,technician,divorced,high.school,no,no,yes
10421,41,36-45,admin.,single,unknown,unknown,yes,no
10422,38,36-45,blue-collar,married,basic.9y,unknown,no,yes
10423,37,36-45,blue-collar,divorced,basic.4y,no,no,no
10424,46,46-55,entrepreneur,married,professional.course,no,no,yes
10425,46,46-55,blue-collar,single,basic.4y,no,unknown,unknown
10426,55,46-55,retired,married,high.school,unknown,yes,no
10427,34,26-35,blue-collar,divorced,basic.4y,no,no,no
10428,34,26-35,management,divorced,professional.course,no,yes,no
10429,45,36-45,services,single,unknown,no,yes,no
10430,46,46-55,entrepreneur,married,professional.course,no,yes,yes
10431,27,26-35,unemployed,single,basic.9y,no,no,no
10432,42,36-45,blue-collar,single,unknown,no,no,no
10433,22,18-25,student,single,high.school,no,yes,no
10434,37,36-45,blue-collar,single,basic.6y,no,yes,no
10435,42,36-45,services,divorced,unknown,no,no,no
10436,22,18-25,admin.,married,high.school,no,no,yes
10437,44,36-45,blue-collar,single,basic.9y,unknown,yes,no
10438,38,36-45,management,divorced,university.degree,no,no,yes
10439,31,26-35,student,single,high.school,no,yes,no
10440,34,26-35,technician,divorced,professional.course,no,yes,yes
10441,29,26-35,admin.,divorced,university.degree,no,yes,no
10442,39,36-45,admin.,married,university.degree,no,no,yes
10443,34,26-35,self-employed,single,university.degree,no,yes,yes
10444,36,36-45,technician,single,professional.course,unknown,yes,no
10445,46,46-55,entrepreneur,married,basic.4y,unknown,yes,no
10446,60,56-65,retired,married,basic.6y,no,yes,yes
10447,31,26-35,management,married,university.degree,unknown,no,no
10448,28,26-35,entrepreneur,married,university.degree,unknown,no,no
10449,25,18-25,self-employed,divorced,university.degree,no,yes,no
10450,68,66+,retired,married,high.school,no,no,yes
10451,49,46-55,entrepreneur,married,basic.4y,no,no,no
10452,42,36-45,blue-collar,married,high.school,no,yes,no
10453,32,26-35,technician,divorced,basic.9y,no,no,no
10454,36,36-45,management,single,high.school,no,no,no
10455,46,46-55,entrepreneur,single,university.degree,no,yes,yes
10456,36,36-45,blue-collar,divorced,basic.6y,no,yes,no
10457,36,36-45,unemployed,single,professional.course,unknown,yes,no
10458,36,36-45,blue-collar,single,professional.course,unknown,yes,yes
10459,34,26-35,services,single,basic.6y,no,yes,no
10460,42,36-45,admin.,married,basic.9y,no,no,no
10461,56,56-65,blue-collar,married,basic.6y,no,yes,yes
10462,59,56-65,self-employed,married,professional.course,no,yes,no
10463,39,36-45,entrepreneur,married,university.degree,unknown,yes,no
10464,53,46-55,blue-collar,married,high.school,unknown,yes,yes
10465,46,46-55,entrepreneur,single,university.degree,no,no,no
10466,47,46-55,technician,married,high.school,unknown,no,no
10467,53,46-55,blue-collar,married,high.school,unknown,no,no
10468,59,56-65,self-employed,married,professional.course,no,unknown,unknown
10469,41,36-45,blue-collar,married,high.school,no,no,no
10470,42,36-45,blue-collar,single,unknown,unknown,no,no
10471,43,36-45,technician,divorced,professional.course,unknown,no,no
10472,30,26-35,student,single,high.school,no,yes,no
10473,46,46-55,entrepreneur,married,unknown,no,yes,no
10474,73,66+,retired,married,basic.4y,no,yes,no
10475,35,26-35,technician,single,university.degree,unknown,no,no
10476,42,36-45,services,married,university.degree,no,yes,no
10477,40,36-45,management,married,university.degree,unknown,no,no
10478,41,36-45,blue-collar,divorced,high.school,unknown,yes,no
10479,57,56-65,entrepreneur,single,university.degree,no,no,yes
10480,57,56-65,management,divorced,university.degree,unknown,no,no
10481,42,36-45,management,single,university.degree,unknown,no,yes
10482,36,36-45,technician,married,high.school,no,yes,yes
10483,52,46-55,admin.,divorced,basic.9y,no,yes,yes
10484,46,46-55,entrepreneur,married,unknown,no,yes,yes
10485,38,36-45,blue-collar,divorced,basic.6y,no,yes,yes
10486,68,66+,retired,married,high.school,no,yes,no
10487,40,36-45,retired,single,high.school,no,yes,no
10488,37,36-45,services,divorced,high.school,unknown,yes,yes
10489,36,36-45,management,single,high.school,no,yes,no
10490,58,56-65,services,married,basic.6y,no,yes,no
10491,45,36-45,technician,single,professional.course,no,unknown,unknown
10492,35,26-35,admin.,single,university.degree,no,unknown,unknown
10493,49,46-55,unemployed,married,basic.6y,unknown,no,no
10494,57,56-65,entrepreneur,single,university.degree,no,yes,yes
10495,34,26-35,admin.,divorced,university.degree,no,no,yes
10496,57,56-65,entrepreneur,single,university.degree,no,yes,no
10497,43,36-45,services,single,university.degree,no,yes,no
10498,38,36-45,blue-collar,married,professional.course,no,no,yes
10499,48,46-55,services,single,basic.9y,no,yes,no
10500,36,36-45,services,single,high.school,unknown,no,yes
10501,19,18-25,student,single,unknown,no,unknown,unknown
10502,21,18-25,services,single,basic.9y,no,no,no
10503,45,36-45,services,married,basic.4y,no,unknown,unknown
10504,53,46-55,housemaid,married,basic.6y,unknown,unknown,unknown
10505,73,66+,retired,married,basic.4y,no,yes,yes
10506,56,56-65,services,married,basic.4y,no,yes,yes
10507,55,46-55,services,married,high.school,no,yes,yes
10508,48,46-55,retired,divorced,basic.4y,unknown,yes,no
10509,40,36-45,self-employed,married,basic.9y,no,yes,yes
10510,33,26-35,blue-collar,married,high.school,no,unknown,unknown
10511,39,36-45,unemployed,single,high.school,no,yes,no
10512,53,46-55,blue-collar,married,high.school,unknown,yes,no
10513,71,66+,retired,married,university.degree,no,no,no
10514,75,66+,retired,divorced,basic.4y,no,no,no
10515,23,18-25,admin.,married,high.school,no,no,no
10516,57,56-65,management,divorced,university.degree,unknown,yes,no
10517,53,46-55,admin.,single,university.degree,no,no,no
10518,45,36-45,admin.,divorced,high.school,unknown,yes,no
10519,53,46-55,management,divorced,university.degree,unknown,unknown,unknown
10520,38,36-45,admin.,single,university.degree,no,unknown,unknown
10521,34,26-35,entrepreneur,single,university.degree,no,no,no
10522,38,36-45,self-employed,married,university.degree,unknown,yes,no
10523,37,36-45,services,divorced,high.school,unknown,yes,no
10524,56,56-65,housemaid,married,university.degree,no,yes,no
10525,33,26-35,housemaid,single,high.school,unknown,yes,yes
10526,37,36-45,blue-collar,single,basic.4y,no,yes,no
10527,53,46-55,management,divorced,university.degree,unknown,yes,no
10528,40,36-45,blue-collar,married,basic.6y,unknown,unknown,unknown
10529,30,26-35,technician,single,university.degree,no,unknown,unknown
10530,29,26-35,technician,single,basic.9y,no,unknown,unknown
10531,25,18-25,self-employed,divorced,university.degree,no,no,no
10532,35,26-35,technician,single,university.degree,unknown,yes,yes
10533,25,18-25,self-employed,divorced,university.degree,no,no,yes
10534,21,18-25,student,single,high.school,no,yes,no
10535,36,36-45,technician,married,basic.9y,no,yes,no
10536,51,46-55,blue-collar,divorced,basic.4y,no,no,yes
10537,45,36-45,services,divorced,basic.9y,no,yes,no
10538,21,18-25,self-employed,single,university.degree,no,yes,yes
10539,21,18-25,self-employed,single,university.degree,no,yes,no
10540,50,46-55,entrepreneur,married,high.school,no,yes,no
10541,38,36-45,admin.,unknown,university.degree,no,no,no
10542,48,46-55,services,divorced,high.school,no,unknown,unknown
10543,23,18-25,student,single,university.degree,no,unknown,unknown
10544,39,36-45,technician,single,university.degree,no,yes,yes
10545,53,46-55,management,divorced,university.degree,unknown,no,no
10546,34,26-35,admin.,single,basic.6y,no,no,no
10547,46,46-55,blue-collar,single,university.degree,no,no,no
10548,24,18-25,admin.,single,professional.course,no,no,no
10549,41,36-45,admin.,married,professional.course,no,yes,yes
10550,39,36-45,services,single,basic.9y,unknown,yes,no
10551,43,36-45,technician,divorced,professional.course,unknown,yes,no
10552,37,36-45,blue-collar,married,basic.4y,unknown,no,yes
10553,25,18-25,self-employed,single,university.degree,unknown,yes,no
10554,35,26-35,admin.,divorced,university.degree,no,yes,yes
10555,37,36-45,blue-collar,married,basic.4y,unknown,yes,yes
10556,69,66+,retired,divorced,basic.4y,no,no,no
10557,36,36-45,blue-collar,single,professional.course,unknown,no,no
10558,69,66+,retired,divorced,basic.4y,no,yes,no
10559,46,46-55,services,divorced,high.school,unknown,yes,no
10560,35,26-35,admin.,single,basic.9y,no,no,no
10561,32,26-35,blue-collar,single,basic.6y,no,no,no
10562,52,46-55,entrepreneur,divorced,university.degree,unknown,yes,no
10563,33,26-35,housemaid,married,basic.4y,no,yes,no
10564,42,36-45,services,married,university.degree,no,no,no
10565,57,56-65,self-employed,married,basic.4y,no,yes,no
10566,41,36-45,admin.,married,professional.course,no,no,no
10567,23,18-25,student,single,high.school,no,no,no
10568,36,36-45,technician,married,basic.6y,no,no,no
10569,24,18-25,admin.,married,professional.course,no,yes,no
10570,31,26-35,blue-collar,married,professional.course,unknown,yes,no
10571,37,36-45,services,single,professional.course,no,yes,no
10572,49,46-55,entrepreneur,married,university.degree,no,no,yes
10573,60,56-65,retired,married,basic.6y,no,yes,no
10574,47,46-55,blue-collar,married,basic.9y,no,unknown,unknown
10575,38,36-45,admin.,divorced,basic.9y,no,yes,no
10576,33,26-35,technician,married,high.school,no,unknown,unknown
10577,33,26-35,blue-collar,divorced,basic.9y,no,no,yes
10578,38,36-45,entrepreneur,single,basic.4y,no,yes,yes
10579,64,56-65,retired,married,university.degree,no,yes,no
10580,75,66+,retired,married,basic.4y,no,no,no
10581,64,56-65,retired,married,university.degree,no,yes,yes
10582,78,66+,retired,married,basic.4y,no,yes,no
10583,44,36-45,unknown,divorced,unknown,no,no,no
10584,47,46-55,housemaid,single,professional.course,no,yes,no
10585,61,56-65,retired,married,professional.course,no,unknown,unknown
10586,70,66+,retired,married,basic.6y,no,yes,no
10587,78,66+,retired,married,basic.4y,no,yes,yes
10588,65,56-65,self-employed,married,professional.course,no,no,no
10589,65,56-65,retired,married,basic.4y,no,unknown,unknown
10590,20,18-25,student,single,unknown,no,yes,yes
10591,47,46-55,housemaid,married,basic.4y,no,no,no
10592,85,66+,retired,married,basic.4y,unknown,yes,no
10593,64,56-65,retired,married,university.degree,no,no,no
10594,23,18-25,admin.,single,university.degree,no,no,yes
10595,30,26-35,unemployed,single,university.degree,no,yes,no
10596,45,36-45,self-employed,single,basic.9y,no,yes,no
10597,45,36-45,technician,divorced,university.degree,no,no,yes
10598,64,56-65,retired,married,basic.4y,no,yes,no
10599,57,56-65,management,divorced,unknown,no,no,no
10600,50,46-55,technician,divorced,basic.9y,no,yes,no
10601,61,56-65,retired,married,basic.4y,no,yes,no
10602,65,56-65,retired,married,university.degree,no,no,no
10603,60,56-65,technician,married,professional.course,no,no,no
10604,30,26-35,student,single,unknown,no,yes,no
10605,60,56-65,blue-collar,married,professional.course,no,yes,no
10606,19,18-25,student,single,basic.4y,no,no,yes
10607,34,26-35,unknown,married,basic.4y,no,yes,no
10608,62,56-65,self-employed,married,university.degree,no,yes,yes
10609,53,46-55,retired,married,basic.9y,no,no,no
10610,34,26-35,unknown,married,basic.4y,no,yes,yes
10611,61,56-65,admin.,married,university.degree,no,yes,yes
10612,52,46-55,blue-collar,married,basic.6y,no,no,no
10613,27,26-35,student,single,university.degree,no,no,no
10614,26,26-35,student,single,high.school,no,yes,no
10615,29,26-35,student,single,high.school,no,no,no
10616,85,66+,retired,married,basic.4y,no,yes,no
10617,80,66+,blue-collar,married,high.school,no,no,no
10618,64,56-65,retired,married,high.school,no,yes,no
10619,64,56-65,management,married,high.school,no,yes,no
10620,66,66+,retired,married,professional.course,no,yes,yes
10621,34,26-35,unknown,married,basic.4y,no,no,yes
10622,71,66+,retired,married,university.degree,no,yes,yes
10623,27,26-35,management,married,university.degree,no,no,no
10624,55,46-55,services,divorced,professional.course,no,no,no
10625,53,46-55,admin.,single,high.school,no,yes,no
10626,85,66+,retired,married,basic.4y,no,no,no
10627,62,56-65,self-employed,married,university.degree,no,no,no
10628,34,26-35,unknown,married,basic.4y,no,no,no
10629,61,56-65,retired,divorced,university.degree,no,yes,no
10630,61,56-65,technician,married,university.degree,no,no,no
10631,53,46-55,admin.,single,high.school,no,yes,yes
10632,69,66+,retired,married,high.school,no,yes,no
10633,55,46-55,services,divorced,professional.course,no,yes,no
10634,52,46-55,management,divorced,professional.course,no,yes,no
10635,79,66+,retired,married,basic.9y,no,yes,no
10636,60,56-65,retired,divorced,professional.course,no,yes,no
10637,18,18-25,student,single,basic.4y,no,no,no
10638,55,46-55,admin.,married,unknown,no,yes,no
10639,21,18-25,admin.,single,high.school,no,no,no
10640,60,56-65,admin.,married,high.school,no,unknown,unknown
10641,45,36-45,management,married,university.degree,unknown,yes,no
10642,77,66+,retired,divorced,basic.4y,no,no,no
10643,24,18-25,student,single,professional.course,no,yes,no
10644,39,36-45,technician,married,basic.9y,no,yes,no
10645,45,36-45,admin.,single,high.school,no,yes,no
10646,46,46-55,technician,married,unknown,no,no,no
10647,54,46-55,housemaid,married,high.school,no,yes,no
10648,53,46-55,technician,married,university.degree,no,no,yes
10649,41,36-45,admin.,single,university.degree,no,unknown,unknown
10650,54,46-55,housemaid,married,high.school,no,yes,yes
10651,54,46-55,housemaid,married,high.school,no,no,no
10652,28,26-35,unemployed,single,basic.4y,no,yes,no
10653,83,66+,retired,married,basic.4y,no,yes,no
10654,27,26-35,blue-collar,single,university.degree,no,yes,no
10655,44,36-45,technician,married,university.degree,no,yes,yes
10656,81,66+,retired,married,professional.course,no,yes,no
10657,71,66+,self-employed,married,university.degree,no,yes,no
10658,39,36-45,services,married,university.degree,no,no,no
10659,81,66+,retired,married,professional.course,no,no,no
10660,48,46-55,technician,divorced,high.school,no,yes,no
10661,53,46-55,admin.,single,university.degree,no,no,yes
10662,29,26-35,admin.,single,professional.course,no,yes,no
10663,49,46-55,unemployed,married,university.degree,no,no,no
10664,20,18-25,student,single,basic.4y,no,yes,no
10665,24,18-25,student,single,high.school,no,no,yes
10666,25,18-25,unemployed,single,university.degree,no,yes,no
10667,60,56-65,admin.,married,high.school,no,yes,yes
10668,47,46-55,blue-collar,single,basic.6y,no,no,no
10669,47,46-55,blue-collar,married,high.school,no,no,no
10670,69,66+,retired,married,university.degree,no,yes,no
10671,63,56-65,retired,married,high.school,no,no,no
10672,46,46-55,admin.,married,basic.6y,no,no,no
10673,48,46-55,unemployed,single,basic.9y,no,yes,no
10674,39,36-45,management,married,professional.course,no,no,no
10675,51,46-55,technician,divorced,high.school,no,no,yes
10676,27,26-35,student,single,unknown,unknown,yes,no
10677,71,66+,retired,divorced,basic.4y,no,no,yes
10678,58,56-65,retired,divorced,university.degree,no,no,no
10679,47,46-55,admin.,married,university.degree,no,yes,yes
10680,40,36-45,self-employed,single,university.degree,unknown,yes,no
10681,28,26-35,student,single,high.school,no,no,no
10682,41,36-45,admin.,single,high.school,no,unknown,unknown
10683,18,18-25,student,single,basic.4y,no,yes,yes
10684,47,46-55,unknown,married,unknown,no,no,no
10685,33,26-35,blue-collar,single,basic.4y,no,yes,yes
10686,51,46-55,housemaid,married,unknown,no,yes,yes
10687,49,46-55,technician,single,university.degree,no,yes,no
10688,32,26-35,blue-collar,married,professional.course,unknown,yes,yes
10689,66,66+,unemployed,single,basic.4y,no,no,no
10690,46,46-55,admin.,married,basic.6y,no,yes,no
10691,38,36-45,retired,divorced,basic.9y,unknown,yes,no
10692,66,66+,unemployed,single,basic.4y,no,yes,no
10693,32,26-35,blue-collar,married,professional.course,unknown,no,no
10694,33,26-35,blue-collar,single,professional.course,no,yes,no
10695,71,66+,retired,divorced,basic.4y,no,yes,no
10696,25,18-25,student,single,university.degree,no,yes,no
10697,61,56-65,retired,divorced,university.degree,no,no,no
10698,32,26-35,student,married,high.school,no,yes,no
10699,60,56-65,unemployed,married,high.school,no,yes,no
10700,64,56-65,admin.,married,university.degree,no,no,yes
10701,39,36-45,services,married,university.degree,no,yes,no
10702,40,36-45,self-employed,single,university.degree,unknown,yes,yes
10703,32,26-35,student,married,high.school,no,no,no
10704,25,18-25,unknown,single,university.degree,no,yes,no
10705,88,66+,retired,divorced,high.school,no,yes,no
10706,63,56-65,retired,married,high.school,no,yes,no
10707,57,56-65,entrepreneur,married,basic.9y,no,yes,no
10708,61,56-65,retired,married,high.school,no,yes,no
10709,21,18-25,student,single,unknown,no,yes,yes
10710,59,56-65,housemaid,married,professional.course,no,no,no
10711,44,36-45,entrepreneur,single,professional.course,no,no,no
10712,60,56-65,blue-collar,married,basic.9y,no,yes,no
10713,30,26-35,unknown,married,professional.course,no,yes,no
10714,30,26-35,management,single,university.degree,no,yes,yes
10715,81,66+,retired,married,basic.9y,no,no,no
10716,41,36-45,technician,married,unknown,no,yes,yes
10717,65,56-65,management,married,university.degree,no,no,no
10718,34,26-35,services,married,professional.course,no,yes,yes
10719,52,46-55,admin.,single,high.school,no,no,no
10720,25,18-25,technician,unknown,university.degree,no,yes,no
10721,43,36-45,entrepreneur,married,basic.6y,no,yes,no
10722,59,56-65,retired,married,basic.6y,no,no,no
10723,32,26-35,student,single,unknown,no,no,yes
10724,66,66+,management,married,university.degree,no,no,no
10725,57,56-65,admin.,single,university.degree,no,no,yes
10726,31,26-35,student,single,unknown,no,no,yes
10727,62,56-65,retired,married,professional.course,no,yes,no
10728,42,36-45,admin.,married,professional.course,no,no,yes
10729,45,36-45,blue-collar,married,basic.9y,no,yes,yes
10730,34,26-35,services,married,professional.course,no,no,no
10731,33,26-35,blue-collar,married,high.school,unknown,yes,yes
10732,42,36-45,admin.,married,professional.course,no,yes,yes
10733,25,18-25,technician,unknown,university.degree,no,yes,yes
10734,27,26-35,blue-collar,unknown,high.school,no,no,no
10735,53,46-55,admin.,married,high.school,unknown,yes,no
10736,20,18-25,technician,single,university.degree,no,no,no
10737,34,26-35,self-employed,married,basic.4y,unknown,no,no
10738,44,36-45,self-employed,single,professional.course,no,yes,no
10739,42,36-45,housemaid,single,high.school,no,yes,no
10740,39,36-45,blue-collar,single,basic.9y,no,yes,yes
10741,58,56-65,admin.,married,university.degree,no,yes,yes
10742,56,56-65,housemaid,married,high.school,no,yes,yes
10743,56,56-65,admin.,married,basic.9y,no,yes,yes
10744,22,18-25,student,single,high.school,no,yes,yes
10745,35,26-35,housemaid,single,university.degree,no,no,yes
10746,32,26-35,self-employed,married,basic.6y,no,yes,no
10747,61,56-65,technician,divorced,professional.course,no,yes,no
10748,81,66+,retired,married,basic.4y,no,no,no
10749,56,56-65,technician,married,professional.course,no,yes,yes
10750,21,18-25,student,single,unknown,no,no,no
10751,44,36-45,self-employed,married,high.school,no,yes,no
10752,48,46-55,unemployed,married,professional.course,no,yes,yes
10753,30,26-35,unknown,married,professional.course,no,no,no
10754,46,46-55,admin.,single,high.school,no,no,yes
10755,44,36-45,self-employed,single,professional.course,no,no,no
10756,37,36-45,unknown,single,university.degree,no,yes,no
10757,44,36-45,self-employed,married,high.school,no,no,yes
10758,39,36-45,unemployed,single,basic.9y,no,yes,no
10759,56,56-65,housemaid,married,high.school,no,no,no
10760,50,46-55,self-employed,married,basic.9y,no,yes,yes
10761,33,26-35,retired,married,high.school,no,yes,no
10762,28,26-35,services,single,unknown,no,no,no
10763,58,56-65,services,divorced,high.school,unknown,yes,no
10764,48,46-55,services,married,basic.4y,no,no,no
10765,19,18-25,student,single,high.school,unknown,no,yes
10766,44,36-45,admin.,single,professional.course,unknown,no,no
10767,33,26-35,housemaid,married,basic.9y,unknown,yes,no
10768,38,36-45,entrepreneur,married,professional.course,no,no,yes
10769,49,46-55,blue-collar,married,professional.course,no,yes,yes
10770,51,46-55,admin.,married,basic.4y,unknown,no,no
10771,58,56-65,admin.,single,university.degree,no,yes,no
10772,49,46-55,blue-collar,married,professional.course,no,no,no
10773,29,26-35,student,single,high.school,unknown,no,yes
10774,45,36-45,entrepreneur,divorced,basic.9y,no,yes,yes
10775,48,46-55,blue-collar,single,basic.4y,unknown,yes,yes
10776,35,26-35,blue-collar,divorced,high.school,no,yes,no
10777,39,36-45,retired,divorced,basic.4y,no,yes,no
10778,50,46-55,technician,married,unknown,no,no,no
10779,55,46-55,self-employed,married,basic.9y,no,yes,no
10780,41,36-45,management,single,basic.9y,no,no,no
10781,54,46-55,blue-collar,married,high.school,unknown,yes,yes
10782,43,36-45,blue-collar,married,basic.9y,unknown,unknown,unknown
10783,40,36-45,management,married,professional.course,no,unknown,unknown
10784,50,46-55,technician,married,unknown,no,yes,yes
10785,54,46-55,blue-collar,married,high.school,unknown,yes,no
10786,50,46-55,technician,married,unknown,no,yes,no
10787,45,36-45,technician,divorced,university.degree,unknown,yes,no
10788,28,26-35,blue-collar,single,basic.9y,unknown,no,no
10789,37,36-45,blue-collar,married,unknown,no,yes,no
10790,35,26-35,services,married,basic.6y,unknown,yes,no
10791,30,26-35,admin.,married,high.school,no,no,yes
10792,46,46-55,blue-collar,married,high.school,no,no,yes
10793,44,36-45,entrepreneur,married,basic.4y,no,unknown,unknown
10794,51,46-55,blue-collar,married,professional.course,unknown,yes,no
10795,39,36-45,services,divorced,professional.course,no,yes,yes
10796,54,46-55,self-employed,married,university.degree,no,no,yes
10797,47,46-55,entrepreneur,married,unknown,unknown,yes,no
10798,45,36-45,blue-collar,single,basic.9y,unknown,yes,no
10799,44,36-45,admin.,single,professional.course,unknown,yes,no
10800,37,36-45,blue-collar,married,unknown,unknown,no,no
10801,51,46-55,blue-collar,married,basic.6y,no,unknown,unknown
10802,45,36-45,entrepreneur,divorced,basic.9y,no,yes,no
10803,44,36-45,entrepreneur,married,basic.4y,no,yes,no
10804,37,36-45,management,divorced,unknown,no,yes,no
10805,36,36-45,retired,single,university.degree,no,yes,no
10806,37,36-45,services,single,basic.9y,no,no,no
10807,54,46-55,services,divorced,university.degree,no,yes,no
10808,54,46-55,services,divorced,university.degree,no,no,no
10809,51,46-55,services,divorced,high.school,unknown,no,no
10810,32,26-35,management,divorced,university.degree,no,yes,yes
10811,40,36-45,admin.,single,professional.course,no,yes,no
10812,39,36-45,retired,divorced,basic.4y,no,yes,yes
10813,42,36-45,entrepreneur,divorced,professional.course,no,yes,no
10814,36,36-45,blue-collar,divorced,basic.9y,unknown,yes,no
10815,26,26-35,student,single,high.school,unknown,yes,no
10816,34,26-35,services,unknown,high.school,no,yes,yes
10817,58,56-65,blue-collar,single,basic.4y,unknown,no,no
10818,46,46-55,management,divorced,professional.course,no,no,no
10819,37,36-45,services,divorced,high.school,unknown,no,no
10820,19,18-25,student,single,high.school,unknown,yes,no
10821,55,46-55,blue-collar,married,high.school,no,no,no
10822,49,46-55,entrepreneur,married,high.school,no,yes,yes
10823,26,26-35,student,single,high.school,unknown,no,no
10824,52,46-55,management,married,basic.4y,no,yes,no
10825,41,36-45,blue-collar,married,basic.4y,unknown,unknown,unknown
10826,35,26-35,services,married,basic.6y,unknown,no,no
10827,43,36-45,blue-collar,divorced,basic.4y,no,unknown,unknown
10828,53,46-55,unemployed,married,basic.9y,unknown,yes,no
10829,39,36-45,admin.,single,professional.course,no,yes,no
10830,55,46-55,self-employed,married,basic.9y,no,yes,yes
10831,46,46-55,blue-collar,married,high.school,no,yes,yes
10832,48,46-55,blue-collar,single,basic.4y,no,no,no
10833,27,26-35,technician,single,professional.course,unknown,yes,no
10834,42,36-45,technician,divorced,basic.6y,no,yes,no
10835,40,36-45,admin.,married,professional.course,no,unknown,unknown
10836,34,26-35,housemaid,married,high.school,unknown,no,no
10837,31,26-35,blue-collar,single,basic.9y,unknown,yes,yes
10838,31,26-35,admin.,married,unknown,no,yes,no
10839,36,36-45,blue-collar,single,professional.course,unknown,yes,no
10840,36,36-45,management,married,basic.9y,no,yes,yes
10841,51,46-55,admin.,divorced,professional.course,no,no,no
10842,35,26-35,services,married,high.school,unknown,yes,yes
10843,58,56-65,services,married,basic.6y,unknown,no,no
10844,25,18-25,student,single,basic.9y,no,no,yes
10845,50,46-55,services,divorced,high.school,no,no,yes
10846,53,46-55,blue-collar,married,professional.course,unknown,no,no
10847,41,36-45,entrepreneur,married,basic.4y,no,no,yes
10848,45,36-45,housemaid,married,basic.6y,no,yes,no
10849,41,36-45,self-employed,married,unknown,unknown,no,no
10850,53,46-55,blue-collar,married,professional.course,unknown,no,yes
10851,48,46-55,technician,single,professional.course,no,yes,no
10852,33,26-35,services,married,professional.course,unknown,yes,no
10853,54,46-55,technician,divorced,university.degree,no,yes,no
10854,46,46-55,services,divorced,basic.9y,no,unknown,unknown
10855,46,46-55,services,divorced,basic.9y,no,yes,no
10856,30,26-35,blue-collar,divorced,high.school,unknown,no,no
10857,39,36-45,blue-collar,divorced,basic.9y,unknown,yes,no
10858,48,46-55,entrepreneur,married,basic.6y,no,no,no
10859,42,36-45,blue-collar,single,basic.9y,no,yes,yes
10860,41,36-45,blue-collar,single,basic.9y,no,yes,yes
10861,45,36-45,unemployed,divorced,high.school,no,no,no
10862,45,36-45,unemployed,divorced,high.school,no,yes,yes
10863,41,36-45,admin.,single,basic.9y,unknown,no,no
10864,37,36-45,housemaid,married,basic.6y,unknown,no,no
10865,38,36-45,blue-collar,single,basic.6y,unknown,no,yes
10866,33,26-35,entrepreneur,married,university.degree,unknown,no,no
10867,46,46-55,services,divorced,basic.9y,no,no,no
10868,57,56-65,entrepreneur,divorced,basic.9y,no,yes,no
10869,20,18-25,blue-collar,single,high.school,no,yes,no
10870,39,36-45,blue-collar,single,basic.6y,unknown,no,no
10871,58,56-65,retired,married,basic.9y,no,no,yes
10872,38,36-45,admin.,married,basic.9y,no,yes,no
10873,39,36-45,blue-collar,single,basic.4y,no,unknown,unknown
10874,39,36-45,blue-collar,single,basic.6y,unknown,yes,no
10875,42,36-45,self-employed,married,university.degree,unknown,unknown,unknown
10876,31,26-35,technician,single,unknown,no,yes,no
10877,54,46-55,management,divorced,university.degree,no,yes,yes
10878,46,46-55,services,single,high.school,unknown,yes,no
10879,27,26-35,admin.,married,high.school,no,no,yes
10880,32,26-35,blue-collar,married,basic.4y,no,yes,yes
10881,33,26-35,entrepreneur,married,university.degree,unknown,yes,no
10882,31,26-35,housemaid,divorced,basic.6y,no,no,yes
10883,51,46-55,entrepreneur,single,basic.9y,no,no,no
10884,49,46-55,admin.,single,basic.6y,unknown,no,no
10885,34,26-35,admin.,unknown,university.degree,no,no,no
10886,47,46-55,blue-collar,single,basic.9y,unknown,no,no
10887,37,36-45,blue-collar,single,professional.course,no,yes,yes
10888,51,46-55,entrepreneur,single,basic.9y,no,no,yes
10889,41,36-45,blue-collar,single,basic.9y,no,no,yes
10890,36,36-45,admin.,single,basic.6y,no,yes,no
10891,38,36-45,blue-collar,unknown,high.school,no,no,no
10892,42,36-45,blue-collar,divorced,high.school,unknown,yes,no
10893,52,46-55,admin.,single,unknown,unknown,yes,no
10894,52,46-55,admin.,single,unknown,unknown,no,no
10895,27,26-35,services,single,high.school,unknown,yes,no
10896,29,26-35,technician,single,professional.course,no,no,yes
10897,40,36-45,blue-collar,married,basic.9y,unknown,yes,yes
10898,37,36-45,housemaid,married,basic.6y,unknown,yes,yes
10899,51,46-55,admin.,divorced,high.school,no,yes,yes
10900,24,18-25,student,single,basic.9y,no,no,no
10901,58,56-65,blue-collar,single,basic.9y,no,yes,no
10902,53,46-55,blue-collar,married,professional.course,unknown,yes,no
10903,27,26-35,technician,single,university.degree,no,yes,yes
10904,51,46-55,entrepreneur,single,basic.9y,no,yes,no
10905,58,56-65,self-employed,married,unknown,unknown,no,no
10906,33,26-35,technician,married,professional.course,unknown,no,no
10907,40,36-45,housemaid,divorced,high.school,no,yes,no
10908,34,26-35,housemaid,married,high.school,unknown,yes,yes
10909,28,26-35,admin.,single,high.school,no,yes,yes
10910,32,26-35,technician,divorced,basic.9y,no,yes,yes
10911,40,36-45,blue-collar,married,unknown,no,yes,no
10912,52,46-55,admin.,single,unknown,unknown,no,yes
10913,46,46-55,management,married,university.degree,unknown,yes,yes
10914,36,36-45,management,single,university.degree,no,yes,yes
10915,33,26-35,entrepreneur,single,high.school,no,yes,yes
10916,33,26-35,entrepreneur,married,basic.9y,no,no,no
10917,41,36-45,admin.,single,university.degree,no,no,yes
10918,37,36-45,self-employed,divorced,university.degree,no,no,no
10919,38,36-45,self-employed,married,basic.9y,no,no,no
10920,41,36-45,blue-collar,married,basic.4y,unknown,no,yes
10921,49,46-55,services,single,high.school,no,no,yes
10922,48,46-55,entrepreneur,single,professional.course,no,yes,no
10923,48,46-55,blue-collar,married,basic.6y,unknown,no,yes
10924,29,26-35,student,single,basic.9y,no,no,no
10925,39,36-45,technician,divorced,professional.course,no,no,yes
10926,46,46-55,services,married,basic.9y,no,no,yes
10927,33,26-35,blue-collar,married,basic.6y,no,yes,yes
10928,34,26-35,blue-collar,married,unknown,no,no,no
10929,42,36-45,blue-collar,single,basic.9y,unknown,yes,no
10930,28,26-35,services,married,basic.9y,unknown,yes,no
10931,34,26-35,management,married,basic.4y,no,no,no
10932,34,26-35,management,married,basic.4y,no,yes,no
10933,36,36-45,blue-collar,married,basic.4y,no,unknown,unknown
10934,30,26-35,entrepreneur,divorced,basic.6y,no,no,yes
10935,37,36-45,blue-collar,single,university.degree,unknown,no,no
10936,24,18-25,services,single,high.school,unknown,yes,no
10937,39,36-45,entrepreneur,married,unknown,no,yes,yes
10938,54,46-55,technician,single,university.degree,no,yes,yes
10939,57,56-65,retired,divorced,high.school,no,yes,yes
10940,54,46-55,technician,single,university.degree,no,yes,no
10941,33,26-35,entrepreneur,single,university.degree,no,no,no
10942,42,36-45,blue-collar,single,basic.9y,unknown,no,no
10943,43,36-45,blue-collar,married,basic.6y,no,yes,yes
10944,34,26-35,management,married,university.degree,unknown,yes,no
10945,47,46-55,technician,divorced,university.degree,unknown,yes,no
10946,50,46-55,services,divorced,basic.9y,no,yes,no
10947,33,26-35,self-employed,divorced,university.degree,no,yes,no
10948,60,56-65,admin.,single,university.degree,no,yes,yes
10949,60,56-65,admin.,single,university.degree,no,no,no
10950,29,26-35,services,married,professional.course,no,yes,yes
10951,29,26-35,services,married,professional.course,no,yes,no
10952,37,36-45,student,single,university.degree,unknown,no,no
10953,34,26-35,admin.,single,unknown,no,yes,no
10954,42,36-45,blue-collar,married,university.degree,unknown,yes,no
10955,28,26-35,admin.,divorced,university.degree,no,yes,no
10956,40,36-45,unemployed,married,professional.course,no,yes,no
10957,39,36-45,blue-collar,divorced,unknown,no,yes,no
10958,45,36-45,blue-collar,divorced,basic.6y,unknown,yes,no
10959,57,56-65,retired,married,basic.6y,no,yes,no
10960,57,56-65,retired,married,basic.6y,no,no,yes
10961,38,36-45,technician,married,university.degree,no,unknown,unknown
10962,41,36-45,management,married,basic.6y,unknown,no,no
10963,31,26-35,services,divorced,high.school,unknown,no,no
10964,51,46-55,services,divorced,basic.6y,no,no,yes
10965,47,46-55,management,married,university.degree,unknown,yes,no
10966,39,36-45,services,single,professional.course,unknown,yes,no
10967,47,46-55,self-employed,married,basic.4y,unknown,no,no
10968,37,36-45,self-employed,married,basic.4y,no,no,no
10969,24,18-25,student,single,university.degree,no,yes,no
10970,41,36-45,blue-collar,married,basic.6y,unknown,yes,yes
10971,26,26-35,blue-collar,single,basic.4y,no,no,yes
10972,35,26-35,blue-collar,married,basic.4y,no,yes,yes
10973,37,36-45,services,married,basic.9y,no,no,yes
10974,35,26-35,services,married,professional.course,no,no,no
10975,32,26-35,admin.,married,high.school,no,no,yes
10976,28,26-35,admin.,single,high.school,unknown,yes,yes
10977,45,36-45,admin.,divorced,basic.9y,unknown,yes,no
10978,23,18-25,student,single,basic.9y,no,yes,yes
10979,38,36-45,blue-collar,single,basic.4y,no,no,yes
10980,26,26-35,admin.,single,basic.9y,unknown,yes,no
10981,38,36-45,unemployed,divorced,high.school,unknown,yes,no
10982,28,26-35,technician,single,basic.9y,no,yes,no
10983,39,36-45,management,married,professional.course,no,yes,no
10984,43,36-45,self-employed,married,professional.course,no,yes,no
10985,51,46-55,management,divorced,university.degree,no,yes,no
10986,43,36-45,management,single,university.degree,no,yes,no
10987,59,56-65,retired,divorced,high.school,unknown,no,no
10988,39,36-45,entrepreneur,married,basic.6y,no,no,no
10989,33,26-35,services,married,basic.9y,no,no,no
10990,37,36-45,blue-collar,single,university.degree,unknown,yes,no
10991,58,56-65,technician,divorced,university.degree,no,no,no
10992,34,26-35,services,married,professional.course,unknown,yes,yes
10993,55,46-55,technician,married,university.degree,no,yes,yes
10994,28,26-35,services,married,basic.9y,unknown,yes,yes
10995,29,26-35,entrepreneur,married,high.school,no,no,no
10996,37,36-45,unemployed,married,basic.6y,no,yes,no
10997,33,26-35,blue-collar,married,professional.course,unknown,no,no
10998,27,26-35,blue-collar,single,high.school,no,no,yes
10999,49,46-55,technician,single,high.school,no,no,yes
11000,30,26-35,entrepreneur,divorced,basic.6y,no,no,no
11001,35,26-35,services,married,professional.course,no,yes,no
11002,40,36-45,admin.,married,basic.9y,no,yes,yes
11003,36,36-45,blue-collar,single,basic.4y,no,no,yes
11004,34,26-35,technician,married,professional.course,no,unknown,unknown
11005,28,26-35,admin.,single,high.school,unknown,no,no
11006,28,26-35,services,married,basic.9y,unknown,no,no
11007,26,26-35,unemployed,married,basic.9y,no,yes,yes
11008,44,36-45,services,married,professional.course,unknown,yes,no
11009,36,36-45,student,single,basic.9y,unknown,yes,no
11010,31,26-35,entrepreneur,single,basic.9y,unknown,no,no
11011,56,56-65,admin.,married,basic.9y,no,no,yes
11012,34,26-35,services,single,high.school,no,yes,yes
11013,26,26-35,admin.,single,basic.9y,unknown,yes,yes
11014,36,36-45,student,single,basic.9y,unknown,yes,yes
11015,47,46-55,admin.,single,basic.9y,no,no,no
11016,42,36-45,admin.,divorced,professional.course,no,no,no
11017,43,36-45,management,single,university.degree,no,unknown,unknown
11018,46,46-55,blue-collar,unknown,unknown,no,no,no
11019,43,36-45,admin.,divorced,high.school,no,yes,yes
11020,39,36-45,admin.,married,basic.6y,no,yes,no
11021,30,26-35,blue-collar,married,basic.4y,no,yes,yes
11022,55,46-55,unemployed,divorced,university.degree,no,no,no
11023,42,36-45,admin.,married,high.school,no,unknown,unknown
11024,41,36-45,services,single,unknown,no,yes,no
11025,36,36-45,blue-collar,married,basic.4y,no,yes,yes
11026,31,26-35,management,divorced,university.degree,no,yes,no
11027,33,26-35,blue-collar,single,basic.4y,no,no,yes
11028,39,36-45,blue-collar,married,basic.9y,unknown,unknown,unknown
11029,35,26-35,management,single,high.school,no,yes,yes
11030,38,36-45,admin.,single,unknown,no,yes,no
11031,34,26-35,management,single,university.degree,no,no,yes
11032,31,26-35,admin.,single,university.degree,unknown,yes,yes
11033,48,46-55,admin.,married,basic.9y,no,no,no
11034,45,36-45,admin.,divorced,professional.course,no,no,yes
11035,36,36-45,admin.,married,basic.9y,no,yes,yes
11036,38,36-45,blue-collar,single,basic.6y,unknown,no,no
11037,45,36-45,technician,married,basic.9y,no,no,yes
11038,28,26-35,student,single,university.degree,no,no,no
11039,60,56-65,management,married,basic.4y,unknown,no,no
11040,32,26-35,housemaid,married,basic.4y,no,yes,yes
11041,57,56-65,retired,single,university.degree,no,no,no
11042,42,36-45,management,divorced,high.school,no,yes,no
11043,49,46-55,blue-collar,single,unknown,unknown,yes,no
11044,34,26-35,blue-collar,married,university.degree,no,no,yes
11045,29,26-35,technician,divorced,professional.course,unknown,yes,no
11046,42,36-45,entrepreneur,married,basic.6y,no,yes,yes
11047,47,46-55,services,single,basic.6y,unknown,no,yes
11048,51,46-55,blue-collar,married,university.degree,no,no,no
11049,24,18-25,blue-collar,single,basic.4y,no,yes,no
11050,33,26-35,blue-collar,single,basic.6y,no,unknown,unknown
11051,47,46-55,blue-collar,married,high.school,no,no,yes
11052,37,36-45,self-employed,single,university.degree,no,no,yes
11053,55,46-55,entrepreneur,divorced,university.degree,unknown,no,no
11054,37,36-45,self-employed,single,university.degree,no,no,no
11055,44,36-45,management,divorced,university.degree,no,unknown,unknown
11056,28,26-35,student,single,university.degree,no,yes,yes
11057,38,36-45,blue-collar,single,unknown,unknown,no,no
11058,57,56-65,services,divorced,unknown,no,no,no
11059,51,46-55,blue-collar,married,university.degree,no,yes,no
11060,40,36-45,services,married,basic.4y,unknown,no,no
11061,23,18-25,student,single,basic.9y,no,no,no
11062,40,36-45,management,single,university.degree,no,yes,no
11063,40,36-45,management,single,university.degree,no,no,yes
11064,35,26-35,services,married,high.school,no,unknown,unknown
11065,35,26-35,admin.,single,high.school,no,unknown,unknown
11066,58,56-65,management,single,university.degree,no,no,no
11067,58,56-65,management,single,university.degree,no,no,yes
11068,43,36-45,services,divorced,professional.course,no,no,no
11069,41,36-45,blue-collar,single,basic.6y,unknown,yes,no
11070,28,26-35,technician,married,high.school,unknown,yes,no
11071,55,46-55,blue-collar,married,unknown,unknown,no,no
11072,26,26-35,blue-collar,single,basic.6y,no,yes,yes
11073,39,36-45,blue-collar,married,high.school,no,no,yes
11074,37,36-45,self-employed,single,basic.9y,no,yes,no
11075,57,56-65,management,married,high.school,no,yes,no
11076,45,36-45,technician,married,basic.9y,no,no,no
11077,52,46-55,retired,divorced,basic.6y,no,no,no
11078,34,26-35,blue-collar,married,university.degree,no,yes,yes
11079,47,46-55,services,married,high.school,no,no,yes
11080,29,26-35,blue-collar,single,basic.4y,unknown,yes,no
11081,30,26-35,self-employed,married,basic.9y,unknown,no,no
11082,34,26-35,self-employed,single,professional.course,no,yes,no
11083,26,26-35,student,single,basic.9y,unknown,yes,no
11084,37,36-45,services,single,professional.course,no,no,no
11085,33,26-35,blue-collar,single,basic.6y,no,yes,no
11086,54,46-55,admin.,divorced,professional.course,no,yes,no
11087,29,26-35,blue-collar,single,basic.4y,no,yes,no
11088,35,26-35,management,married,professional.course,no,no,yes
11089,34,26-35,blue-collar,married,university.degree,no,yes,no
11090,35,26-35,management,married,professional.course,no,unknown,unknown
11091,29,26-35,services,married,basic.9y,no,no,yes
11092,30,26-35,services,divorced,high.school,no,unknown,unknown
11093,37,36-45,blue-collar,married,high.school,unknown,no,yes
11094,46,46-55,services,married,basic.4y,no,yes,no
11095,33,26-35,blue-collar,married,high.school,unknown,no,yes
11096,27,26-35,technician,married,professional.course,no,no,yes
11097,58,56-65,management,single,university.degree,no,yes,no
11098,45,36-45,blue-collar,single,professional.course,no,yes,no
11099,37,36-45,blue-collar,married,basic.4y,no,yes,yes
11100,36,36-45,entrepreneur,divorced,basic.6y,no,yes,no
11101,54,46-55,technician,married,university.degree,unknown,yes,no
11102,37,36-45,unemployed,married,basic.9y,no,yes,yes
11103,47,46-55,blue-collar,married,high.school,no,yes,yes
11104,28,26-35,unemployed,married,basic.9y,no,yes,no
11105,34,26-35,admin.,married,basic.9y,no,unknown,unknown
11106,34,26-35,technician,married,basic.9y,no,yes,yes
11107,53,46-55,self-employed,divorced,basic.4y,no,no,no
11108,29,26-35,entrepreneur,married,basic.4y,unknown,no,no
11109,34,26-35,unemployed,single,high.school,no,yes,no
11110,38,36-45,entrepreneur,single,university.degree,no,yes,no
11111,50,46-55,blue-collar,married,unknown,unknown,yes,yes
11112,27,26-35,services,married,basic.9y,no,yes,yes
11113,44,36-45,admin.,married,basic.9y,no,yes,no
11114,25,18-25,blue-collar,single,high.school,unknown,yes,no
11115,43,36-45,blue-collar,married,basic.4y,unknown,unknown,unknown
11116,35,26-35,management,single,university.degree,no,unknown,unknown
11117,53,46-55,blue-collar,single,basic.4y,unknown,yes,no
11118,42,36-45,services,single,high.school,no,yes,no
11119,29,26-35,admin.,divorced,basic.9y,no,no,no
11120,37,36-45,management,single,basic.9y,no,yes,no
11121,37,36-45,management,single,basic.9y,no,no,no
11122,27,26-35,entrepreneur,married,university.degree,no,no,yes
11123,48,46-55,technician,married,basic.9y,no,yes,no
11124,53,46-55,self-employed,married,basic.4y,unknown,yes,no
11125,45,36-45,technician,unknown,basic.6y,no,no,no
11126,26,26-35,student,single,basic.4y,no,no,yes
11127,36,36-45,blue-collar,divorced,basic.9y,no,yes,no
11128,26,26-35,blue-collar,married,basic.6y,no,yes,no
11129,32,26-35,housemaid,single,basic.9y,no,yes,no
11130,51,46-55,entrepreneur,divorced,university.degree,no,no,no
11131,31,26-35,admin.,divorced,high.school,no,yes,no
11132,55,46-55,blue-collar,divorced,basic.4y,unknown,yes,yes
11133,47,46-55,blue-collar,married,unknown,no,yes,no
11134,51,46-55,entrepreneur,married,professional.course,unknown,no,no
11135,56,56-65,management,married,professional.course,no,yes,no
11136,36,36-45,services,married,basic.6y,unknown,yes,no
11137,34,26-35,blue-collar,single,basic.6y,no,no,no
11138,48,46-55,admin.,divorced,basic.4y,no,yes,no
11139,35,26-35,blue-collar,single,basic.4y,unknown,yes,yes
11140,36,36-45,admin.,single,professional.course,no,yes,no
11141,36,36-45,services,married,university.degree,no,no,no
11142,34,26-35,management,married,basic.9y,no,no,yes
11143,27,26-35,unknown,single,high.school,unknown,yes,yes
11144,34,26-35,services,divorced,basic.9y,no,yes,no
11145,38,36-45,blue-collar,married,professional.course,unknown,no,no
11146,34,26-35,unemployed,married,basic.9y,no,no,no
11147,50,46-55,blue-collar,divorced,basic.6y,no,yes,no
11148,32,26-35,blue-collar,married,basic.9y,unknown,yes,yes
11149,34,26-35,admin.,unknown,university.degree,no,yes,yes
11150,29,26-35,admin.,divorced,high.school,no,yes,yes
11151,27,26-35,entrepreneur,married,university.degree,no,yes,no
11152,32,26-35,admin.,married,basic.6y,no,yes,no
11153,34,26-35,services,divorced,basic.9y,no,no,yes
11154,48,46-55,admin.,divorced,high.school,unknown,no,no
11155,27,26-35,housemaid,married,basic.6y,no,no,no
11156,48,46-55,admin.,divorced,high.school,unknown,yes,yes
11157,49,46-55,entrepreneur,married,basic.6y,unknown,yes,yes
11158,46,46-55,management,married,basic.6y,no,yes,yes
11159,30,26-35,blue-collar,married,basic.4y,no,no,yes
11160,38,36-45,blue-collar,divorced,basic.4y,unknown,no,no
11161,51,46-55,admin.,married,basic.6y,no,no,yes
11162,57,56-65,technician,married,high.school,no,no,yes
11163,50,46-55,admin.,single,basic.9y,unknown,no,yes
11164,29,26-35,entrepreneur,married,basic.4y,unknown,yes,no
11165,53,46-55,admin.,married,high.school,no,yes,yes
11166,27,26-35,unknown,single,high.school,unknown,yes,no
11167,28,26-35,entrepreneur,single,professional.course,no,yes,no
11168,46,46-55,admin.,married,basic.6y,unknown,no,yes
11169,43,36-45,admin.,divorced,basic.9y,no,yes,no
11170,30,26-35,technician,single,basic.9y,no,no,no
11171,30,26-35,technician,single,basic.9y,no,yes,no
11172,34,26-35,blue-collar,single,university.degree,unknown,yes,no
11173,52,46-55,admin.,single,basic.4y,no,no,no
11174,46,46-55,admin.,married,basic.6y,unknown,yes,no
11175,25,18-25,student,single,high.school,unknown,yes,no
11176,49,46-55,blue-collar,single,high.school,no,yes,no
11177,30,26-35,technician,single,basic.9y,no,no,yes
11178,35,26-35,blue-collar,married,basic.4y,no,no,yes
11179,42,36-45,entrepreneur,married,basic.4y,unknown,no,no
11180,56,56-65,services,single,basic.4y,unknown,yes,no
11181,35,26-35,services,married,basic.9y,unknown,no,no
11182,31,26-35,blue-collar,single,basic.6y,unknown,no,no
11183,54,46-55,blue-collar,divorced,unknown,unknown,no,no
11184,37,36-45,housemaid,divorced,basic.9y,unknown,yes,no
11185,49,46-55,blue-collar,single,high.school,no,yes,yes
11186,30,26-35,entrepreneur,married,basic.6y,unknown,yes,no
11187,27,26-35,blue-collar,married,basic.4y,unknown,yes,no
11188,29,26-35,admin.,single,basic.9y,no,yes,no
11189,33,26-35,services,married,basic.9y,no,unknown,unknown
11190,44,36-45,blue-collar,married,high.school,no,unknown,unknown
11191,37,36-45,blue-collar,married,basic.9y,unknown,unknown,unknown
11192,41,36-45,services,single,high.school,unknown,unknown,unknown
11193,23,18-25,services,single,basic.9y,unknown,yes,no
11194,40,36-45,unemployed,single,high.school,unknown,yes,no
11195,29,26-35,student,single,unknown,no,no,no
11196,53,46-55,blue-collar,married,basic.4y,unknown,unknown,unknown
11197,32,26-35,admin.,married,professional.course,no,no,no
11198,47,46-55,admin.,single,high.school,no,yes,no
11199,43,36-45,self-employed,single,university.degree,no,yes,no
11200,41,36-45,entrepreneur,married,basic.9y,no,no,yes
11201,26,26-35,self-employed,married,basic.4y,no,no,no
11202,38,36-45,services,single,basic.6y,no,yes,no
11203,23,18-25,blue-collar,married,basic.6y,unknown,no,no
11204,31,26-35,technician,married,high.school,unknown,yes,no
11205,32,26-35,management,single,professional.course,no,no,no
11206,27,26-35,services,married,high.school,no,yes,yes
11207,36,36-45,services,divorced,basic.9y,no,yes,no
11208,27,26-35,housemaid,single,university.degree,no,yes,no
11209,51,46-55,blue-collar,divorced,high.school,no,yes,yes
11210,45,36-45,admin.,single,high.school,unknown,unknown,unknown
11211,50,46-55,unknown,married,basic.4y,unknown,no,yes
11212,33,26-35,services,married,basic.6y,no,no,no
11213,30,26-35,services,single,basic.6y,no,yes,no
11214,51,46-55,blue-collar,divorced,high.school,no,no,no
11215,43,36-45,blue-collar,married,unknown,no,no,yes
11216,54,46-55,blue-collar,divorced,basic.4y,no,yes,no
11217,40,36-45,services,married,basic.9y,no,yes,yes
11218,38,36-45,services,single,basic.9y,no,no,no
11219,32,26-35,admin.,divorced,university.degree,unknown,yes,no
11220,38,36-45,services,single,basic.9y,no,no,yes
11221,59,56-65,services,divorced,basic.6y,no,yes,no
11222,43,36-45,services,married,basic.6y,no,unknown,unknown
11223,48,46-55,technician,divorced,basic.9y,unknown,yes,no
11224,48,46-55,blue-collar,single,basic.4y,no,yes,no
11225,45,36-45,services,married,basic.6y,no,no,no
11226,29,26-35,blue-collar,married,basic.4y,unknown,no,no
11227,41,36-45,housemaid,married,basic.4y,no,no,no
11228,46,46-55,entrepreneur,married,high.school,no,no,no
11229,26,26-35,services,married,basic.9y,no,no,yes
11230,36,36-45,entrepreneur,single,university.degree,no,yes,yes
11231,38,36-45,entrepreneur,married,unknown,unknown,yes,no
11232,54,46-55,blue-collar,married,basic.6y,no,yes,no
11233,35,26-35,technician,divorced,university.degree,no,yes,no
11234,59,56-65,blue-collar,married,basic.9y,no,yes,yes
11235,24,18-25,student,single,basic.4y,no,yes,no
11236,41,36-45,management,married,high.school,unknown,yes,no
11237,33,26-35,blue-collar,married,high.school,unknown,no,no
11238,38,36-45,entrepreneur,married,unknown,unknown,no,no
11239,57,56-65,retired,divorced,basic.9y,no,yes,no
11240,41,36-45,management,married,high.school,unknown,no,no
11241,38,36-45,student,divorced,unknown,no,no,no
11242,34,26-35,admin.,divorced,professional.course,no,yes,yes
11243,31,26-35,blue-collar,married,high.school,no,yes,yes
11244,32,26-35,entrepreneur,married,high.school,no,unknown,unknown
11245,40,36-45,blue-collar,single,high.school,unknown,no,no
11246,54,46-55,management,divorced,professional.course,no,yes,no
11247,34,26-35,blue-collar,single,basic.9y,no,yes,yes
11248,26,26-35,services,married,basic.9y,no,no,no
11249,21,18-25,services,single,high.school,no,no,no
11250,26,26-35,services,single,university.degree,no,yes,yes
11251,53,46-55,unemployed,married,basic.9y,unknown,no,no
11252,33,26-35,self-employed,single,high.school,no,no,no
11253,33,26-35,self-employed,single,high.school,no,yes,yes
11254,36,36-45,services,single,high.school,unknown,yes,no
11255,33,26-35,self-employed,single,high.school,no,yes,no
11256,43,36-45,technician,married,university.degree,unknown,unknown,unknown
11257,53,46-55,technician,single,professional.course,unknown,no,no
11258,28,26-35,blue-collar,married,basic.4y,no,no,yes
11259,50,46-55,technician,married,basic.6y,unknown,no,no
11260,34,26-35,blue-collar,divorced,basic.9y,unknown,yes,no
11261,35,26-35,blue-collar,unknown,basic.9y,no,no,no
11262,43,36-45,blue-collar,married,basic.4y,no,yes,yes
11263,27,26-35,services,married,high.school,no,no,yes
11264,50,46-55,services,married,university.degree,unknown,no,no
11265,43,36-45,technician,single,university.degree,no,no,yes
11266,26,26-35,services,single,basic.9y,unknown,yes,no
11267,28,26-35,unemployed,married,high.school,unknown,no,no
11268,38,36-45,services,divorced,basic.6y,no,unknown,unknown
11269,35,26-35,services,unknown,high.school,no,no,no
11270,33,26-35,services,married,basic.9y,no,no,yes
11271,33,26-35,technician,divorced,high.school,no,yes,no
11272,56,56-65,blue-collar,divorced,basic.4y,unknown,yes,no
11273,42,36-45,blue-collar,single,basic.6y,no,no,no
11274,49,46-55,blue-collar,married,basic.6y,unknown,no,yes
11275,43,36-45,blue-collar,single,high.school,unknown,yes,no
11276,41,36-45,management,married,university.degree,no,unknown,unknown
11277,31,26-35,unemployed,married,professional.course,no,unknown,unknown
11278,28,26-35,admin.,single,basic.9y,no,no,yes
11279,43,36-45,management,married,basic.6y,unknown,yes,no
11280,59,56-65,housemaid,divorced,basic.6y,unknown,yes,no
11281,37,36-45,technician,single,university.degree,no,no,yes
11282,39,36-45,blue-collar,single,basic.6y,no,yes,no
11283,48,46-55,management,married,basic.9y,no,yes,yes
11284,41,36-45,housemaid,married,basic.6y,no,yes,no
11285,33,26-35,services,married,basic.6y,no,yes,yes
11286,49,46-55,retired,married,basic.4y,unknown,yes,no
11287,49,46-55,retired,married,basic.4y,unknown,no,no
11288,25,18-25,technician,married,university.degree,no,yes,no
11289,31,26-35,blue-collar,single,basic.9y,no,unknown,unknown
11290,28,26-35,technician,divorced,professional.course,no,yes,no
11291,57,56-65,housemaid,married,basic.4y,unknown,yes,no
11292,55,46-55,blue-collar,married,basic.9y,unknown,no,yes
11293,28,26-35,management,married,basic.9y,no,yes,no
11294,41,36-45,blue-collar,married,basic.6y,unknown,no,yes
11295,33,26-35,self-employed,married,basic.9y,no,unknown,unknown
11296,22,18-25,blue-collar,married,basic.9y,no,unknown,unknown
11297,50,46-55,blue-collar,married,basic.9y,unknown,no,yes
11298,27,26-35,blue-collar,married,basic.4y,no,no,no
11299,49,46-55,technician,divorced,professional.course,no,yes,no
11300,35,26-35,blue-collar,single,high.school,no,yes,yes
11301,38,36-45,blue-collar,married,basic.6y,no,no,yes
11302,34,26-35,housemaid,single,high.school,no,no,no
11303,36,36-45,blue-collar,single,university.degree,no,yes,no
11304,27,26-35,services,married,basic.6y,no,no,no
11305,36,36-45,services,divorced,basic.9y,no,no,no
11306,32,26-35,blue-collar,single,professional.course,no,no,no
11307,27,26-35,management,married,university.degree,no,yes,no
11308,38,36-45,services,divorced,basic.6y,no,yes,no
11309,47,46-55,blue-collar,divorced,basic.4y,unknown,no,no
11310,59,56-65,admin.,divorced,university.degree,unknown,unknown,unknown
11311,28,26-35,blue-collar,married,high.school,no,unknown,unknown
11312,33,26-35,management,married,basic.9y,unknown,yes,no
11313,28,26-35,unemployed,married,high.school,unknown,yes,no
11314,26,26-35,self-employed,married,basic.4y,no,yes,no
11315,34,26-35,services,married,high.school,unknown,no,yes
11316,53,46-55,technician,married,basic.6y,unknown,yes,no
11317,49,46-55,blue-collar,married,high.school,no,yes,no
11318,42,36-45,self-employed,divorced,high.school,no,yes,no
11319,31,26-35,technician,married,high.school,unknown,no,no
11320,38,36-45,student,divorced,unknown,no,yes,no
11321,55,46-55,blue-collar,divorced,basic.9y,no,no,no
11322,31,26-35,technician,married,high.school,unknown,yes,yes
11323,43,36-45,technician,married,basic.4y,no,yes,no
11324,42,36-45,services,single,basic.6y,no,yes,no
11325,37,36-45,admin.,divorced,university.degree,unknown,yes,no
11326,39,36-45,admin.,married,basic.9y,unknown,yes,no
11327,26,26-35,student,single,high.school,no,yes,yes
11328,33,26-35,blue-collar,single,university.degree,no,yes,yes
11329,55,46-55,management,married,basic.4y,no,yes,yes
11330,38,36-45,self-employed,married,basic.9y,no,yes,yes
11331,29,26-35,management,divorced,basic.9y,no,yes,yes
11332,34,26-35,services,divorced,basic.6y,unknown,yes,no
11333,24,18-25,housemaid,married,basic.9y,no,yes,no
11334,34,26-35,services,divorced,basic.6y,unknown,unknown,unknown
11335,43,36-45,self-employed,divorced,basic.9y,no,yes,no
11336,53,46-55,blue-collar,single,unknown,no,yes,no
11337,37,36-45,services,married,basic.9y,unknown,yes,no
11338,29,26-35,self-employed,single,professional.course,no,yes,no
11339,27,26-35,blue-collar,married,high.school,no,unknown,unknown
11340,29,26-35,blue-collar,divorced,basic.9y,no,yes,yes
11341,25,18-25,blue-collar,single,basic.6y,unknown,no,no
11342,35,26-35,self-employed,single,high.school,no,yes,no
11343,51,46-55,blue-collar,divorced,basic.9y,no,no,yes
11344,43,36-45,technician,single,high.school,no,yes,yes
11345,29,26-35,admin.,single,basic.9y,no,no,yes
11346,27,26-35,self-employed,married,basic.9y,no,yes,no
11347,49,46-55,admin.,married,basic.4y,no,yes,no
11348,55,46-55,retired,divorced,basic.4y,unknown,no,no
11349,33,26-35,services,single,basic.6y,unknown,yes,yes
11350,43,36-45,self-employed,single,high.school,unknown,no,no
11351,38,36-45,self-employed,married,basic.9y,no,no,yes
11352,31,26-35,unemployed,married,basic.9y,no,yes,no
11353,36,36-45,blue-collar,married,basic.6y,unknown,yes,yes
11354,43,36-45,blue-collar,married,basic.4y,no,no,yes
11355,42,36-45,blue-collar,divorced,basic.6y,no,no,no
11356,24,18-25,technician,married,professional.course,no,no,yes
11357,31,26-35,unemployed,married,basic.9y,no,no,no
11358,36,36-45,services,married,basic.9y,no,no,no
11359,24,18-25,student,single,high.school,no,yes,yes
11360,37,36-45,services,single,basic.6y,no,yes,no
11361,33,26-35,blue-collar,single,university.degree,unknown,no,no
11362,59,56-65,admin.,divorced,high.school,no,unknown,unknown
11363,39,36-45,admin.,divorced,basic.9y,no,no,no
11364,36,36-45,services,single,professional.course,no,yes,no
11365,31,26-35,self-employed,married,basic.9y,no,unknown,unknown
11366,47,46-55,blue-collar,single,basic.6y,unknown,no,no
11367,49,46-55,entrepreneur,married,unknown,no,no,no
11368,48,46-55,admin.,divorced,unknown,no,yes,no
11369,30,26-35,technician,single,unknown,no,yes,yes
11370,42,36-45,technician,divorced,high.school,no,yes,no
11371,28,26-35,blue-collar,married,professional.course,unknown,yes,no
11372,58,56-65,management,married,basic.4y,no,yes,yes
11373,32,26-35,services,single,high.school,no,unknown,unknown
11374,50,46-55,blue-collar,single,professional.course,no,no,no
11375,29,26-35,services,married,high.school,no,no,yes
11376,34,26-35,services,married,university.degree,no,yes,yes
11377,28,26-35,admin.,married,high.school,no,yes,yes
11378,44,36-45,technician,single,high.school,unknown,no,no
11379,27,26-35,blue-collar,single,unknown,no,yes,no
11380,37,36-45,admin.,single,basic.9y,no,yes,yes
11381,38,36-45,housemaid,divorced,university.degree,no,yes,no
11382,41,36-45,blue-collar,single,basic.4y,unknown,yes,no
11383,33,26-35,management,married,basic.9y,no,yes,yes
11384,28,26-35,unemployed,married,university.degree,no,no,no
11385,45,36-45,blue-collar,single,basic.4y,no,no,no
11386,33,26-35,blue-collar,single,basic.6y,unknown,no,no
11387,45,36-45,blue-collar,single,basic.4y,no,yes,no
11388,33,26-35,blue-collar,divorced,basic.4y,no,no,no
11389,40,36-45,technician,married,basic.6y,no,yes,no
11390,49,46-55,management,single,professional.course,no,no,no
11391,42,36-45,services,married,basic.9y,no,yes,no
11392,42,36-45,technician,single,professional.course,no,no,no
11393,23,18-25,services,married,high.school,no,yes,no
11394,53,46-55,blue-collar,divorced,unknown,no,no,no
11395,24,18-25,blue-collar,divorced,basic.9y,no,no,no
11396,31,26-35,blue-collar,divorced,high.school,no,no,no
11397,39,36-45,retired,single,basic.6y,unknown,yes,no
11398,31,26-35,blue-collar,divorced,high.school,no,yes,no
11399,28,26-35,blue-collar,single,university.degree,unknown,no,no
11400,49,46-55,blue-collar,divorced,high.school,no,yes,no
11401,58,56-65,management,married,basic.6y,unknown,no,no
11402,32,26-35,blue-collar,single,high.school,no,no,yes
11403,34,26-35,blue-collar,married,unknown,unknown,yes,no
11404,51,46-55,self-employed,married,basic.9y,no,no,no
11405,30,26-35,student,single,university.degree,unknown,yes,yes
11406,29,26-35,services,single,basic.6y,no,yes,yes
11407,30,26-35,technician,married,basic.9y,no,no,no
11408,39,36-45,blue-collar,single,university.degree,no,yes,no
11409,45,36-45,admin.,single,high.school,unknown,no,no
11410,52,46-55,technician,divorced,high.school,no,no,yes
11411,29,26-35,blue-collar,divorced,basic.9y,no,yes,no
11412,34,26-35,services,married,university.degree,no,yes,no
11413,24,18-25,housemaid,married,basic.9y,no,no,no
11414,39,36-45,entrepreneur,married,basic.9y,no,yes,no
11415,55,46-55,services,single,high.school,no,no,yes
11416,45,36-45,unemployed,divorced,basic.6y,no,unknown,unknown
11417,59,56-65,retired,divorced,professional.course,no,yes,no
11418,36,36-45,services,married,basic.9y,no,no,yes
11419,49,46-55,entrepreneur,married,basic.4y,unknown,yes,no
11420,34,26-35,blue-collar,single,basic.6y,no,yes,no
11421,34,26-35,unemployed,single,high.school,no,no,no
11422,57,56-65,blue-collar,married,basic.6y,unknown,no,no
11423,46,46-55,housemaid,single,basic.9y,unknown,no,no
11424,32,26-35,blue-collar,single,high.school,unknown,yes,no
11425,33,26-35,admin.,single,basic.9y,no,no,no
11426,44,36-45,admin.,divorced,professional.course,no,no,yes
11427,49,46-55,unemployed,married,basic.4y,unknown,no,no
11428,36,36-45,services,divorced,high.school,no,no,yes
11429,42,36-45,blue-collar,divorced,basic.9y,no,no,yes
11430,27,26-35,admin.,married,professional.course,no,no,no
11431,23,18-25,housemaid,single,basic.4y,no,no,yes
11432,48,46-55,services,single,basic.4y,unknown,yes,no
11433,59,56-65,admin.,divorced,basic.9y,no,yes,no
11434,24,18-25,management,married,university.degree,no,yes,no
11435,26,26-35,self-employed,married,high.school,no,yes,yes
11436,24,18-25,blue-collar,single,basic.9y,unknown,yes,yes
11437,24,18-25,technician,married,professional.course,no,yes,no
11438,27,26-35,blue-collar,married,professional.course,no,yes,no
11439,35,26-35,blue-collar,married,basic.6y,unknown,yes,yes
11440,33,26-35,admin.,married,professional.course,no,no,yes
11441,30,26-35,technician,married,basic.6y,no,no,no
11442,48,46-55,management,divorced,university.degree,unknown,no,no
11443,23,18-25,self-employed,single,basic.9y,no,no,no
11444,27,26-35,entrepreneur,divorced,university.degree,unknown,no,no
11445,20,18-25,blue-collar,single,basic.9y,unknown,yes,no
11446,23,18-25,blue-collar,married,basic.4y,no,no,no
11447,38,36-45,blue-collar,married,basic.4y,no,unknown,unknown
11448,45,36-45,self-employed,married,high.school,no,yes,no
11449,26,26-35,management,married,university.degree,no,no,no
11450,33,26-35,blue-collar,single,high.school,no,yes,yes
11451,26,26-35,student,single,unknown,no,yes,yes
11452,26,26-35,management,single,university.degree,no,yes,yes
11453,28,26-35,entrepreneur,married,high.school,no,yes,no
11454,29,26-35,technician,single,basic.9y,no,no,no
11455,26,26-35,admin.,single,high.school,unknown,no,no
11456,54,46-55,blue-collar,married,basic.9y,no,no,yes
11457,32,26-35,self-employed,single,professional.course,unknown,yes,no
11458,27,26-35,blue-collar,single,basic.6y,unknown,yes,no
11459,27,26-35,admin.,married,professional.course,no,yes,no
11460,55,46-55,services,single,basic.9y,no,unknown,unknown
11461,24,18-25,technician,married,professional.course,no,yes,yes
11462,32,26-35,self-employed,single,professional.course,unknown,no,no
11463,32,26-35,entrepreneur,divorced,high.school,no,yes,no
11464,35,26-35,entrepreneur,married,professional.course,no,yes,no
11465,35,26-35,technician,single,unknown,no,no,no
11466,23,18-25,admin.,married,high.school,no,no,yes
11467,26,26-35,self-employed,married,high.school,no,no,no
11468,39,36-45,management,single,high.school,no,no,yes
11469,37,36-45,housemaid,single,high.school,no,yes,no
11470,32,26-35,management,married,professional.course,no,no,no
11471,39,36-45,technician,single,basic.4y,unknown,yes,no
11472,38,36-45,services,single,high.school,no,yes,yes
11473,52,46-55,blue-collar,unknown,basic.4y,no,no,no
11474,52,46-55,technician,married,basic.6y,unknown,no,no
11475,52,46-55,admin.,married,university.degree,unknown,no,no
11476,34,26-35,entrepreneur,married,basic.6y,no,yes,no
11477,30,26-35,student,unknown,basic.9y,no,no,no
11478,32,26-35,blue-collar,married,university.degree,no,no,yes
11479,44,36-45,services,married,high.school,no,no,yes
11480,28,26-35,blue-collar,divorced,high.school,no,no,no
11481,23,18-25,self-employed,single,basic.9y,no,yes,no
11482,29,26-35,blue-collar,married,basic.9y,unknown,yes,yes
11483,52,46-55,entrepreneur,single,university.degree,no,yes,no
11484,53,46-55,services,married,basic.6y,no,yes,no
11485,42,36-45,services,divorced,high.school,no,no,no
11486,24,18-25,self-employed,single,university.degree,no,no,no
11487,23,18-25,student,single,university.degree,no,yes,no
11488,32,26-35,services,single,university.degree,no,unknown,unknown
11489,30,26-35,admin.,married,basic.6y,no,no,no
11490,23,18-25,blue-collar,single,basic.4y,unknown,no,yes
11491,21,18-25,admin.,single,high.school,no,no,yes
11492,50,46-55,services,divorced,high.school,no,yes,no
11493,34,26-35,entrepreneur,married,high.school,no,yes,yes
11494,33,26-35,admin.,single,high.school,unknown,no,no
11495,25,18-25,blue-collar,single,basic.6y,no,yes,no
11496,44,36-45,technician,single,professional.course,unknown,yes,yes
11497,28,26-35,services,single,professional.course,no,yes,no
11498,30,26-35,technician,married,high.school,unknown,yes,no
11499,25,18-25,technician,married,university.degree,no,no,yes
11500,33,26-35,admin.,married,professional.course,no,unknown,unknown
11501,52,46-55,blue-collar,divorced,basic.6y,unknown,yes,no
11502,28,26-35,student,single,high.school,no,unknown,unknown
11503,29,26-35,blue-collar,married,basic.6y,no,yes,no
11504,34,26-35,self-employed,married,high.school,no,yes,no
11505,23,18-25,technician,single,high.school,no,no,no
11506,28,26-35,management,single,basic.9y,no,yes,no
11507,23,18-25,services,single,basic.9y,no,yes,no
11508,23,18-25,technician,single,high.school,no,no,yes
11509,28,26-35,technician,married,university.degree,no,yes,yes
11510,32,26-35,management,married,high.school,no,unknown,unknown
11511,33,26-35,blue-collar,married,basic.9y,unknown,unknown,unknown
11512,58,56-65,entrepreneur,divorced,professional.course,no,yes,no
11513,57,56-65,services,divorced,basic.4y,no,no,no
11514,39,36-45,entrepreneur,married,basic.9y,unknown,yes,yes
11515,54,46-55,self-employed,divorced,professional.course,no,yes,no
11516,24,18-25,student,single,basic.9y,no,yes,no
11517,40,36-45,services,divorced,high.school,no,no,yes
11518,40,36-45,blue-collar,married,basic.6y,no,yes,yes
11519,48,46-55,services,divorced,basic.9y,no,unknown,unknown
11520,26,26-35,blue-collar,married,professional.course,no,no,no
11521,33,26-35,admin.,divorced,university.degree,no,unknown,unknown
11522,33,26-35,technician,married,university.degree,no,no,yes
11523,24,18-25,entrepreneur,single,university.degree,no,no,no
11524,28,26-35,blue-collar,married,basic.6y,unknown,no,yes
11525,34,26-35,unemployed,married,basic.9y,no,yes,no
11526,35,26-35,entrepreneur,married,professional.course,no,no,yes
11527,26,26-35,technician,single,professional.course,no,yes,yes
11528,52,46-55,admin.,married,university.degree,unknown,no,yes
11529,41,36-45,admin.,divorced,high.school,unknown,yes,yes
11530,35,26-35,blue-collar,married,basic.6y,unknown,no,yes
11531,52,46-55,blue-collar,unknown,basic.4y,no,unknown,unknown
11532,27,26-35,admin.,married,professional.course,no,yes,yes
11533,24,18-25,blue-collar,single,unknown,no,yes,no
11534,32,26-35,self-employed,married,basic.9y,no,yes,no
11535,37,36-45,technician,married,high.school,unknown,no,yes
11536,26,26-35,blue-collar,married,professional.course,no,yes,no
11537,31,26-35,blue-collar,married,basic.4y,no,no,yes
11538,28,26-35,services,single,professional.course,no,no,no
11539,45,36-45,entrepreneur,divorced,university.degree,no,yes,yes
11540,48,46-55,services,single,basic.4y,unknown,yes,yes
11541,42,36-45,blue-collar,married,unknown,unknown,no,yes
11542,23,18-25,technician,single,high.school,no,yes,no
11543,36,36-45,entrepreneur,single,basic.9y,unknown,yes,yes
11544,27,26-35,blue-collar,married,high.school,no,no,no
11545,24,18-25,management,married,university.degree,no,no,no
11546,36,36-45,unemployed,married,basic.9y,unknown,yes,yes
11547,55,46-55,admin.,divorced,university.degree,unknown,no,no
11548,30,26-35,student,single,unknown,no,no,no
11549,25,18-25,blue-collar,single,high.school,unknown,no,yes
11550,21,18-25,student,single,high.school,unknown,yes,no
11551,34,26-35,services,single,high.school,no,no,yes
11552,33,26-35,admin.,single,basic.6y,unknown,yes,no
11553,28,26-35,student,single,university.degree,no,no,yes
11554,25,18-25,management,married,university.degree,no,no,no
11555,26,26-35,housemaid,single,unknown,no,yes,yes
11556,30,26-35,management,single,basic.9y,no,yes,no
11557,32,26-35,admin.,single,unknown,no,yes,no
11558,23,18-25,blue-collar,single,unknown,no,no,no
11559,55,46-55,blue-collar,married,professional.course,no,no,yes
11560,23,18-25,admin.,single,unknown,no,yes,no
11561,28,26-35,blue-collar,single,basic.6y,no,yes,no
11562,26,26-35,technician,single,basic.9y,no,no,no
11563,29,26-35,blue-collar,single,unknown,no,yes,no
11564,45,36-45,entrepreneur,married,basic.9y,no,yes,no
11565,39,36-45,entrepreneur,single,university.degree,no,no,no
11566,39,36-45,blue-collar,single,unknown,no,yes,yes
11567,29,26-35,admin.,married,basic.6y,no,yes,no
11568,39,36-45,entrepreneur,single,university.degree,no,yes,yes
11569,53,46-55,services,married,university.degree,no,no,no
11570,22,18-25,technician,single,university.degree,no,no,no
11571,27,26-35,technician,single,unknown,no,no,no
11572,43,36-45,entrepreneur,married,professional.course,no,yes,no
11573,29,26-35,blue-collar,divorced,high.school,no,no,no
11574,56,56-65,management,married,university.degree,unknown,yes,yes
11575,41,36-45,entrepreneur,divorced,unknown,no,no,no
11576,28,26-35,blue-collar,single,basic.6y,no,yes,yes
11577,41,36-45,entrepreneur,divorced,unknown,no,yes,no
11578,30,26-35,retired,single,basic.9y,no,no,no
11579,29,26-35,blue-collar,divorced,unknown,unknown,no,no
11580,52,46-55,self-employed,divorced,university.degree,no,yes,no
11581,42,36-45,self-employed,married,professional.course,unknown,yes,no
11582,42,36-45,self-employed,married,professional.course,unknown,no,no
11583,25,18-25,technician,single,basic.9y,no,yes,no
11584,35,26-35,services,single,high.school,no,unknown,unknown
11585,42,36-45,self-employed,married,professional.course,unknown,unknown,unknown
11586,46,46-55,services,divorced,basic.4y,no,no,no
11587,53,46-55,services,married,basic.6y,no,no,no
11588,37,36-45,unemployed,married,university.degree,no,unknown,unknown
11589,29,26-35,blue-collar,married,basic.6y,no,unknown,unknown
11590,39,36-45,admin.,divorced,high.school,no,no,yes
11591,45,36-45,blue-collar,single,high.school,no,yes,no
11592,54,46-55,services,single,basic.6y,unknown,yes,no
11593,34,26-35,housemaid,married,high.school,unknown,yes,no
11594,58,56-65,admin.,married,basic.4y,unknown,no,no
11595,31,26-35,blue-collar,married,university.degree,no,yes,no
11596,55,46-55,management,married,basic.6y,unknown,no,yes
11597,39,36-45,self-employed,married,basic.9y,no,yes,no
11598,55,46-55,management,married,basic.6y,unknown,yes,no
11599,30,26-35,entrepreneur,married,high.school,no,yes,yes
11600,26,26-35,self-employed,single,university.degree,no,no,no
11601,32,26-35,blue-collar,single,basic.6y,unknown,yes,no
11602,23,18-25,blue-collar,single,basic.4y,no,yes,yes
11603,54,46-55,services,single,basic.6y,unknown,no,no
11604,33,26-35,technician,divorced,high.school,no,unknown,unknown
11605,50,46-55,admin.,married,professional.course,unknown,yes,yes
11606,29,26-35,unemployed,married,university.degree,no,yes,yes
11607,32,26-35,entrepreneur,married,university.degree,no,unknown,unknown
11608,55,46-55,housemaid,married,high.school,unknown,yes,no
11609,53,46-55,admin.,divorced,basic.9y,no,no,yes
11610,26,26-35,technician,single,university.degree,no,yes,yes
11611,39,36-45,technician,married,unknown,no,yes,yes
11612,53,46-55,services,married,university.degree,no,no,yes
11613,25,18-25,blue-collar,single,basic.6y,unknown,yes,no
11614,32,26-35,blue-collar,single,basic.6y,unknown,no,no
11615,57,56-65,management,married,basic.4y,unknown,yes,no
11616,31,26-35,technician,single,unknown,no,no,yes
11617,33,26-35,services,married,high.school,no,unknown,unknown
11618,36,36-45,management,divorced,university.degree,no,unknown,unknown
11619,29,26-35,services,single,basic.9y,no,yes,no
11620,30,26-35,unemployed,single,high.school,no,no,no
11621,49,46-55,entrepreneur,divorced,basic.9y,no,no,no
11622,44,36-45,entrepreneur,single,university.degree,no,yes,no
11623,38,36-45,services,married,basic.6y,unknown,yes,no
11624,48,46-55,services,married,basic.9y,unknown,no,no
11625,54,46-55,retired,divorced,university.degree,no,yes,yes
11626,45,36-45,retired,married,basic.6y,unknown,no,yes
11627,32,26-35,services,single,unknown,no,yes,no
11628,39,36-45,blue-collar,divorced,high.school,unknown,no,yes
11629,22,18-25,services,married,high.school,no,yes,no
11630,27,26-35,blue-collar,married,unknown,unknown,yes,no
11631,40,36-45,management,divorced,university.degree,no,no,no
11632,49,46-55,self-employed,married,high.school,no,no,no
11633,41,36-45,services,married,basic.6y,no,yes,no
11634,26,26-35,blue-collar,single,basic.4y,no,yes,no
11635,54,46-55,entrepreneur,married,high.school,no,yes,no
11636,60,56-65,admin.,divorced,high.school,unknown,yes,no
11637,27,26-35,technician,divorced,unknown,unknown,no,no
11638,33,26-35,services,single,university.degree,no,no,no
11639,29,26-35,admin.,married,basic.6y,no,no,no
11640,24,18-25,services,married,high.school,unknown,yes,no
11641,37,36-45,admin.,divorced,high.school,no,yes,yes
11642,25,18-25,blue-collar,single,basic.4y,no,no,yes
11643,59,56-65,technician,married,unknown,unknown,no,no
11644,26,26-35,technician,married,unknown,no,no,no
11645,45,36-45,entrepreneur,divorced,university.degree,no,unknown,unknown
11646,21,18-25,student,single,high.school,unknown,no,no
11647,28,26-35,self-employed,married,basic.9y,no,yes,no
11648,23,18-25,blue-collar,married,high.school,no,yes,no
11649,31,26-35,unemployed,single,high.school,no,no,no
11650,29,26-35,admin.,single,basic.6y,no,yes,no
11651,55,46-55,blue-collar,married,professional.course,no,yes,yes
11652,23,18-25,services,single,high.school,no,yes,no
11653,49,46-55,entrepreneur,divorced,basic.9y,no,yes,no
11654,27,26-35,admin.,married,basic.6y,no,no,no
11655,30,26-35,technician,single,high.school,no,yes,yes
11656,31,26-35,self-employed,divorced,basic.9y,no,yes,no
11657,23,18-25,blue-collar,single,professional.course,no,yes,yes
11658,37,36-45,services,divorced,basic.4y,no,no,no
11659,60,56-65,retired,divorced,high.school,unknown,no,no
11660,32,26-35,self-employed,single,high.school,no,yes,yes
11661,27,26-35,admin.,single,basic.6y,no,yes,no
11662,20,18-25,technician,single,professional.course,unknown,no,no
11663,51,46-55,blue-collar,single,illiterate,unknown,yes,no
11664,31,26-35,admin.,single,basic.9y,no,yes,yes
11665,51,46-55,admin.,married,high.school,no,yes,yes
11666,21,18-25,student,single,university.degree,no,yes,no
11667,38,36-45,entrepreneur,married,basic.9y,no,yes,yes
11668,26,26-35,entrepreneur,married,professional.course,no,no,no
11669,33,26-35,blue-collar,divorced,basic.9y,no,yes,yes
11670,34,26-35,management,divorced,unknown,no,yes,no
11671,43,36-45,blue-collar,divorced,basic.9y,unknown,yes,yes
11672,29,26-35,blue-collar,divorced,basic.4y,no,yes,no
11673,23,18-25,blue-collar,single,professional.course,no,yes,no
11674,39,36-45,blue-collar,married,basic.4y,no,unknown,unknown
11675,53,46-55,blue-collar,divorced,basic.9y,no,yes,no
11676,58,56-65,admin.,divorced,high.school,unknown,no,no
11677,50,46-55,entrepreneur,married,high.school,no,yes,yes
11678,22,18-25,admin.,single,basic.9y,no,yes,yes
11679,40,36-45,technician,married,university.degree,no,yes,yes
11680,32,26-35,technician,single,unknown,no,yes,yes
11681,32,26-35,admin.,single,unknown,no,yes,yes
11682,45,36-45,entrepreneur,divorced,university.degree,no,no,no
11683,43,36-45,blue-collar,single,high.school,no,no,no
11684,37,36-45,services,divorced,professional.course,no,no,no
11685,24,18-25,admin.,single,basic.9y,no,yes,no
11686,28,26-35,services,single,basic.9y,no,no,yes
11687,28,26-35,technician,single,university.degree,no,no,yes
11688,43,36-45,blue-collar,divorced,basic.9y,unknown,yes,no
11689,50,46-55,admin.,single,high.school,no,no,yes
11690,42,36-45,technician,single,university.degree,no,no,no
11691,41,36-45,admin.,divorced,professional.course,no,no,no
11692,45,36-45,blue-collar,single,high.school,unknown,yes,no
11693,29,26-35,admin.,divorced,professional.course,no,yes,yes
11694,49,46-55,blue-collar,divorced,professional.course,no,yes,no
11695,57,56-65,technician,divorced,basic.6y,no,unknown,unknown
11696,49,46-55,blue-collar,divorced,professional.course,no,no,no
11697,57,56-65,services,married,high.school,no,yes,yes
11698,22,18-25,technician,single,unknown,no,yes,no
11699,31,26-35,technician,single,high.school,unknown,yes,yes
11700,57,56-65,admin.,single,high.school,no,yes,no
11701,36,36-45,admin.,single,unknown,no,yes,no
11702,35,26-35,housemaid,married,university.degree,no,yes,no
11703,27,26-35,services,single,university.degree,no,yes,yes
11704,46,46-55,admin.,divorced,basic.6y,no,no,no
11705,52,46-55,admin.,divorced,basic.9y,no,yes,no
11706,53,46-55,technician,divorced,unknown,no,yes,no
11707,44,36-45,admin.,married,basic.6y,no,unknown,unknown
11708,24,18-25,admin.,single,university.degree,unknown,no,no
11709,33,26-35,unemployed,married,basic.4y,no,no,no
11710,41,36-45,management,divorced,high.school,no,no,no
11711,59,56-65,management,married,basic.4y,no,no,no
11712,52,46-55,admin.,divorced,high.school,no,yes,yes
11713,21,18-25,blue-collar,single,basic.9y,no,yes,no
11714,35,26-35,technician,divorced,university.degree,no,no,no
11715,47,46-55,entrepreneur,married,professional.course,no,yes,no
11716,32,26-35,management,married,university.degree,no,no,yes
11717,58,56-65,blue-collar,married,high.school,unknown,no,no
11718,46,46-55,admin.,divorced,basic.6y,no,yes,no
11719,57,56-65,technician,divorced,basic.6y,no,yes,no
11720,50,46-55,admin.,divorced,basic.4y,no,yes,no
11721,30,26-35,services,married,university.degree,no,unknown,unknown
11722,32,26-35,self-employed,married,university.degree,no,no,yes
11723,44,36-45,unemployed,divorced,basic.6y,no,no,no
11724,28,26-35,unemployed,single,university.degree,no,yes,no
11725,39,36-45,self-employed,divorced,university.degree,no,no,no
11726,49,46-55,retired,married,high.school,no,no,no
11727,42,36-45,technician,single,university.degree,no,no,yes
11728,32,26-35,admin.,divorced,university.degree,no,yes,yes
11729,34,26-35,admin.,married,professional.course,no,yes,yes
11730,44,36-45,admin.,married,basic.6y,no,yes,no
11731,44,36-45,management,single,high.school,no,yes,no
11732,28,26-35,blue-collar,married,high.school,no,no,yes
11733,41,36-45,unemployed,married,professional.course,no,no,no
11734,53,46-55,management,divorced,professional.course,no,yes,no
11735,32,26-35,management,single,university.degree,unknown,yes,no
11736,50,46-55,housemaid,married,basic.9y,no,no,no
11737,37,36-45,self-employed,single,basic.4y,no,yes,no
11738,26,26-35,services,single,basic.9y,no,no,no
11739,35,26-35,housemaid,married,university.degree,no,unknown,unknown
11740,37,36-45,services,married,professional.course,no,no,no
11741,33,26-35,technician,single,high.school,no,unknown,unknown
11742,36,36-45,student,single,unknown,unknown,yes,no
11743,37,36-45,self-employed,single,basic.4y,no,no,yes
11744,38,36-45,technician,single,basic.9y,no,no,no
11745,25,18-25,technician,single,professional.course,no,unknown,unknown
11746,25,18-25,blue-collar,single,basic.9y,no,unknown,unknown
11747,23,18-25,services,married,basic.9y,unknown,yes,no
11748,47,46-55,entrepreneur,married,professional.course,no,unknown,unknown
11749,37,36-45,admin.,divorced,university.degree,unknown,yes,yes
11750,55,46-55,admin.,divorced,unknown,unknown,no,no
11751,57,56-65,admin.,single,high.school,no,unknown,unknown
11752,53,46-55,blue-collar,married,professional.course,no,no,yes
11753,46,46-55,services,single,professional.course,unknown,no,yes
11754,52,46-55,admin.,divorced,basic.9y,no,no,yes
11755,43,36-45,entrepreneur,married,professional.course,no,yes,yes
11756,81,66+,retired,divorced,unknown,unknown,yes,yes
11757,71,66+,housemaid,married,unknown,no,yes,no
11758,23,18-25,student,single,basic.9y,no,no,yes
11759,83,66+,retired,married,basic.9y,no,yes,yes
11760,66,66+,housemaid,married,high.school,no,yes,no
11761,57,56-65,admin.,married,basic.6y,no,yes,no
11762,57,56-65,admin.,married,basic.6y,no,no,no
11763,40,36-45,technician,single,professional.course,no,no,yes
11764,46,46-55,unknown,single,unknown,no,yes,yes
11765,18,18-25,student,single,high.school,no,yes,no
11766,62,56-65,technician,married,professional.course,no,yes,no
11767,29,26-35,admin.,unknown,university.degree,no,no,no
11768,75,66+,retired,divorced,basic.4y,no,yes,yes
11769,26,26-35,student,single,professional.course,no,no,yes
11770,52,46-55,unemployed,single,basic.4y,no,yes,no
11771,59,56-65,self-employed,single,university.degree,no,yes,no
11772,37,36-45,housemaid,single,university.degree,no,no,no
11773,50,46-55,admin.,divorced,university.degree,no,yes,yes
11774,44,36-45,technician,married,basic.9y,no,yes,yes
11775,24,18-25,admin.,single,university.degree,no,no,no
11776,33,26-35,unemployed,married,high.school,no,yes,yes
11777,44,36-45,blue-collar,single,professional.course,no,yes,no
11778,55,46-55,unemployed,married,basic.9y,no,no,yes
11779,52,46-55,entrepreneur,married,basic.6y,no,yes,no
11780,62,56-65,retired,single,university.degree,no,yes,yes
11781,56,56-65,retired,married,high.school,no,no,yes
11782,25,18-25,admin.,married,university.degree,no,unknown,unknown
11783,26,26-35,unknown,single,basic.9y,no,yes,yes
11784,36,36-45,self-employed,married,university.degree,no,no,yes
11785,33,26-35,unemployed,married,high.school,no,yes,no
11786,50,46-55,admin.,divorced,university.degree,no,no,yes
11787,61,56-65,retired,married,basic.9y,no,no,no
11788,31,26-35,services,single,university.degree,no,no,no
11789,78,66+,retired,married,high.school,no,yes,no
11790,55,46-55,self-employed,married,university.degree,no,yes,no
11791,28,26-35,self-employed,single,university.degree,no,no,yes
11792,44,36-45,blue-collar,married,professional.course,no,yes,yes
11793,59,56-65,self-employed,married,university.degree,no,yes,no
11794,65,56-65,retired,married,unknown,no,no,no
11795,27,26-35,student,single,high.school,no,yes,yes
11796,40,36-45,student,single,high.school,no,yes,no
11797,51,46-55,retired,married,high.school,no,yes,no
11798,61,56-65,unknown,single,basic.4y,no,yes,yes
11799,61,56-65,unknown,single,basic.4y,no,yes,no
11800,25,18-25,admin.,single,university.degree,no,yes,yes
11801,55,46-55,housemaid,married,professional.course,no,yes,no
11802,28,26-35,unemployed,single,high.school,no,no,yes
11803,37,36-45,entrepreneur,single,basic.9y,no,yes,no
11804,27,26-35,services,married,university.degree,no,yes,no
11805,27,26-35,services,married,university.degree,no,no,no
11806,49,46-55,management,single,university.degree,no,yes,yes
11807,34,26-35,housemaid,married,university.degree,no,yes,no
11808,22,18-25,technician,single,unknown,no,no,no
11809,26,26-35,blue-collar,single,university.degree,no,yes,no
11810,59,56-65,self-employed,married,university.degree,no,no,no
11811,23,18-25,student,single,basic.6y,no,yes,no
11812,26,26-35,student,single,unknown,no,yes,no
11813,47,46-55,retired,divorced,university.degree,no,no,no
11814,54,46-55,admin.,divorced,university.degree,no,unknown,unknown
11815,25,18-25,student,single,professional.course,no,yes,no
11816,56,56-65,technician,married,basic.4y,no,no,no
11817,68,66+,retired,married,university.degree,no,yes,yes
11818,61,56-65,blue-collar,married,basic.4y,no,yes,no
11819,61,56-65,blue-collar,married,basic.4y,no,no,no
11820,66,66+,unknown,divorced,unknown,unknown,yes,no
11821,61,56-65,blue-collar,married,basic.4y,no,no,yes
11822,24,18-25,technician,single,professional.course,no,unknown,unknown
11823,48,46-55,technician,married,basic.6y,no,yes,no
11824,66,66+,unknown,married,basic.4y,no,yes,yes
11825,24,18-25,student,single,unknown,no,yes,no
11826,22,18-25,student,single,basic.9y,no,no,no
11827,41,36-45,unemployed,married,university.degree,no,no,no
11828,45,36-45,admin.,divorced,professional.course,no,yes,yes
11829,45,36-45,services,married,high.school,no,yes,yes
11830,37,36-45,entrepreneur,divorced,university.degree,no,yes,yes
11831,35,26-35,blue-collar,single,professional.course,no,no,no
11832,52,46-55,admin.,single,university.degree,no,no,yes
11833,22,18-25,student,single,basic.6y,no,yes,no
11834,59,56-65,retired,married,professional.course,no,yes,yes
11835,65,56-65,retired,married,basic.9y,no,no,no
11836,65,56-65,housemaid,married,basic.4y,no,no,no
11837,44,36-45,housemaid,married,university.degree,no,no,no
11838,24,18-25,blue-collar,single,basic.9y,no,unknown,unknown
11839,77,66+,management,single,basic.9y,no,no,no
11840,38,36-45,blue-collar,divorced,university.degree,no,yes,yes
11841,36,36-45,management,married,university.degree,no,unknown,unknown
11842,31,26-35,technician,married,unknown,no,yes,no
11843,36,36-45,unemployed,married,university.degree,unknown,yes,no
11844,72,66+,admin.,married,university.degree,no,yes,no
11845,55,46-55,retired,divorced,university.degree,no,yes,no
11846,32,26-35,blue-collar,unknown,basic.9y,no,yes,no
11847,53,46-55,services,married,unknown,no,yes,no
11848,28,26-35,management,married,basic.6y,no,no,yes
11849,52,46-55,unknown,married,professional.course,unknown,yes,no
11850,67,66+,admin.,married,basic.4y,unknown,no,no
11851,21,18-25,management,single,university.degree,no,unknown,unknown
11852,26,26-35,technician,divorced,university.degree,no,yes,no
11853,26,26-35,technician,divorced,university.degree,no,no,no
11854,58,56-65,retired,divorced,high.school,no,no,yes
11855,27,26-35,student,single,basic.9y,no,yes,yes
11856,47,46-55,management,married,basic.9y,no,yes,no
11857,46,46-55,unemployed,married,basic.9y,no,unknown,unknown
11858,46,46-55,unemployed,married,basic.9y,no,no,no
11859,67,66+,admin.,married,basic.4y,unknown,yes,no
11860,27,26-35,student,married,university.degree,no,no,no
11861,52,46-55,services,divorced,basic.4y,no,yes,no
11862,52,46-55,unknown,married,professional.course,unknown,yes,yes
11863,37,36-45,unemployed,unknown,university.degree,no,no,no
11864,79,66+,retired,married,high.school,no,unknown,unknown
11865,79,66+,retired,married,high.school,no,yes,yes
11866,27,26-35,services,single,professional.course,no,yes,no
11867,30,26-35,unemployed,married,professional.course,no,yes,yes
11868,59,56-65,admin.,married,unknown,no,no,no
11869,24,18-25,unknown,single,university.degree,no,no,no
11870,24,18-25,unknown,single,university.degree,no,yes,yes
11871,24,18-25,unknown,single,university.degree,no,yes,no
11872,46,46-55,unemployed,married,basic.9y,no,yes,yes
11873,44,36-45,admin.,divorced,university.degree,no,yes,yes
11874,29,26-35,management,divorced,basic.9y,no,yes,no
11875,33,26-35,housemaid,unknown,university.degree,no,no,no
11876,25,18-25,blue-collar,single,professional.course,no,yes,no
11877,40,36-45,blue-collar,divorced,professional.course,no,no,no
11878,26,26-35,retired,single,high.school,no,unknown,unknown
11879,53,46-55,technician,divorced,university.degree,no,no,no
11880,26,26-35,student,single,professional.course,no,yes,no
11881,40,36-45,management,divorced,university.degree,no,yes,no
11882,37,36-45,self-employed,married,professional.course,no,no,no
11883,58,56-65,management,married,basic.4y,no,yes,no
11884,28,26-35,services,single,basic.6y,no,no,no
11885,33,26-35,blue-collar,married,professional.course,no,unknown,unknown
11886,57,56-65,entrepreneur,married,basic.4y,no,yes,no
11887,26,26-35,student,single,university.degree,unknown,yes,no
11888,50,46-55,admin.,single,basic.9y,no,yes,no
11889,40,36-45,entrepreneur,married,basic.6y,no,no,no
11890,57,56-65,housemaid,divorced,high.school,no,no,yes
11891,69,66+,entrepreneur,married,high.school,no,no,no
11892,69,66+,entrepreneur,married,high.school,no,yes,no
11893,61,56-65,admin.,married,university.degree,unknown,yes,no
11894,26,26-35,student,single,university.degree,unknown,no,no
11895,54,46-55,admin.,single,high.school,no,no,no
11896,42,36-45,admin.,single,university.degree,no,unknown,unknown
11897,33,26-35,management,divorced,university.degree,no,yes,no
11898,25,18-25,unemployed,married,high.school,no,no,no
11899,55,46-55,unknown,married,university.degree,no,yes,no
11900,62,56-65,unknown,married,professional.course,no,no,no
11901,51,46-55,unemployed,married,basic.6y,no,yes,no
11902,51,46-55,unemployed,married,basic.6y,no,no,no
11903,53,46-55,housemaid,married,high.school,no,yes,no
11904,30,26-35,admin.,married,basic.9y,no,yes,no
11905,30,26-35,admin.,married,professional.course,no,yes,no
11906,21,18-25,services,single,professional.course,no,yes,yes
11907,50,46-55,technician,single,professional.course,no,yes,yes
11908,25,18-25,student,single,university.degree,no,no,yes
11909,53,46-55,housemaid,married,high.school,no,no,yes
11910,53,46-55,unknown,married,professional.course,no,no,no
11911,28,26-35,self-employed,single,professional.course,no,yes,no
11912,30,26-35,admin.,single,professional.course,no,unknown,unknown
11913,31,26-35,admin.,single,high.school,no,unknown,unknown
11914,52,46-55,blue-collar,single,basic.9y,no,no,no
11915,46,46-55,housemaid,single,university.degree,no,yes,yes
11916,51,46-55,technician,married,basic.9y,no,no,no
11917,25,18-25,student,married,university.degree,no,no,no
11918,49,46-55,unemployed,married,professional.course,no,no,no
11919,21,18-25,student,single,university.degree,no,no,no
11920,51,46-55,technician,single,university.degree,no,yes,no
11921,55,46-55,housemaid,married,unknown,no,no,no
11922,51,46-55,technician,single,university.degree,no,no,no
11923,29,26-35,technician,married,high.school,no,yes,no
11924,37,36-45,student,single,unknown,no,no,no
11925,37,36-45,student,single,unknown,no,no,yes
11926,21,18-25,blue-collar,single,basic.4y,no,no,no
11927,31,26-35,unemployed,divorced,unknown,no,yes,no
11928,29,26-35,services,married,university.degree,no,no,yes
11929,53,46-55,admin.,single,university.degree,no,yes,no
11930,25,18-25,technician,single,basic.9y,no,no,no
11931,25,18-25,admin.,divorced,university.degree,no,no,no
11932,36,36-45,management,married,unknown,no,no,no
11933,28,26-35,services,single,basic.9y,no,yes,yes
11934,53,46-55,retired,single,basic.4y,no,yes,no
11935,25,18-25,student,single,unknown,no,no,no
11936,31,26-35,services,married,unknown,no,yes,no
11937,22,18-25,admin.,single,university.degree,no,unknown,unknown
11938,35,26-35,services,single,university.degree,no,unknown,unknown
11939,27,26-35,student,single,unknown,no,yes,no
11940,22,18-25,technician,single,university.degree,no,yes,no
11941,26,26-35,self-employed,single,university.degree,no,yes,no
11942,22,18-25,self-employed,single,university.degree,no,yes,yes
11943,44,36-45,blue-collar,married,professional.course,no,yes,no
11944,60,56-65,retired,married,basic.6y,no,unknown,unknown
11945,64,56-65,retired,married,unknown,no,yes,no
11946,32,26-35,technician,divorced,university.degree,no,yes,no
11947,40,36-45,unemployed,married,basic.9y,no,no,no
11948,33,26-35,blue-collar,divorced,unknown,no,no,no
11949,20,18-25,technician,single,unknown,no,no,no
11950,44,36-45,services,married,unknown,no,no,yes
11951,57,56-65,retired,married,basic.4y,no,no,yes
11952,35,26-35,entrepreneur,divorced,university.degree,no,yes,no
11953,22,18-25,services,single,high.school,no,yes,yes
11954,22,18-25,student,single,unknown,no,yes,no
11955,34,26-35,housemaid,single,basic.4y,no,no,no
11956,74,66+,retired,married,basic.4y,no,yes,no
11957,57,56-65,unemployed,married,basic.4y,no,yes,no
11958,57,56-65,unemployed,married,basic.4y,no,no,no
11959,24,18-25,blue-collar,single,unknown,no,no,yes
11960,41,36-45,unemployed,single,basic.4y,no,no,no
11961,24,18-25,admin.,single,university.degree,no,yes,yes
11962,42,36-45,management,single,university.degree,no,unknown,unknown
11963,22,18-25,student,single,unknown,no,no,no
11964,49,46-55,unemployed,married,professional.course,no,yes,no
11965,53,46-55,housemaid,married,basic.4y,no,no,yes
11966,40,36-45,unemployed,single,basic.4y,no,no,no
11967,44,36-45,unemployed,single,basic.4y,no,yes,no
11968,40,36-45,self-employed,single,university.degree,no,no,yes
11969,29,26-35,unemployed,single,basic.4y,no,no,yes
11970,28,26-35,student,single,unknown,no,no,no
11971,32,26-35,technician,married,high.school,no,no,yes
11972,49,46-55,technician,single,professional.course,no,yes,no
11973,24,18-25,student,single,unknown,no,yes,yes
11974,36,36-45,services,married,university.degree,no,no,yes
11975,47,46-55,blue-collar,married,professional.course,no,no,yes
11976,42,36-45,services,married,university.degree,no,unknown,unknown
11977,36,36-45,entrepreneur,single,basic.4y,no,no,no
11978,64,56-65,management,married,university.degree,no,no,no
11979,33,26-35,housemaid,married,university.degree,no,no,no
11980,51,46-55,retired,married,basic.4y,no,no,no
11981,51,46-55,admin.,single,high.school,no,yes,no
11982,24,18-25,self-employed,single,unknown,no,no,yes
11983,51,46-55,housemaid,married,basic.4y,no,yes,yes
11984,59,56-65,blue-collar,divorced,basic.4y,no,yes,no
11985,58,56-65,retired,married,professional.course,no,no,yes
11986,63,56-65,retired,divorced,university.degree,no,yes,yes
11987,54,46-55,management,married,unknown,no,yes,no
11988,56,56-65,entrepreneur,married,unknown,no,yes,no
11989,63,56-65,retired,divorced,university.degree,no,no,yes
11990,60,56-65,housemaid,married,basic.4y,no,yes,no
11991,47,46-55,housemaid,married,basic.6y,unknown,no,yes
11992,58,56-65,technician,married,university.degree,unknown,yes,no
11993,56,56-65,admin.,divorced,unknown,no,yes,no
11994,21,18-25,unemployed,single,high.school,no,yes,no
11995,57,56-65,unknown,married,basic.6y,no,no,no
11996,57,56-65,retired,divorced,basic.9y,no,no,no
11997,75,66+,retired,married,basic.4y,no,yes,yes
11998,56,56-65,retired,married,high.school,no,yes,yes
11999,43,36-45,entrepreneur,single,unknown,no,no,no
12000,25,18-25,student,single,unknown,unknown,yes,no
12001,46,46-55,admin.,divorced,high.school,no,unknown,unknown
12002,26,26-35,unemployed,single,high.school,no,yes,no
12003,68,66+,retired,married,basic.4y,no,yes,no
12004,20,18-25,student,single,high.school,no,no,no
12005,28,26-35,unemployed,single,university.degree,no,unknown,unknown
12006,69,66+,services,married,unknown,no,no,no
12007,27,26-35,student,single,high.school,no,no,yes
12008,29,26-35,technician,single,unknown,no,yes,yes
12009,51,46-55,admin.,married,university.degree,no,unknown,unknown
12010,50,46-55,self-employed,married,unknown,no,unknown,unknown
12011,44,36-45,admin.,divorced,high.school,no,no,yes
12012,26,26-35,technician,single,university.degree,no,no,yes
12013,31,26-35,admin.,single,high.school,no,no,yes
12014,54,46-55,unemployed,married,university.degree,no,yes,yes
12015,61,56-65,self-employed,divorced,high.school,no,no,no
12016,61,56-65,retired,married,professional.course,no,no,no
12017,18,18-25,student,single,basic.9y,no,yes,no
12018,47,46-55,admin.,divorced,university.degree,no,yes,yes
12019,29,26-35,student,single,high.school,no,unknown,unknown
12020,64,56-65,unemployed,married,university.degree,no,yes,no
12021,21,18-25,student,single,high.school,no,yes,yes
12022,72,66+,retired,divorced,university.degree,no,no,no
12023,17,,student,single,unknown,no,yes,no
12024,57,56-65,technician,married,high.school,no,yes,yes
12025,46,46-55,unknown,married,unknown,no,no,yes
12026,43,36-45,services,divorced,basic.6y,no,yes,no
12027,20,18-25,student,single,high.school,no,no,yes
12028,59,56-65,retired,married,unknown,no,unknown,unknown
12029,32,26-35,services,single,high.school,no,yes,yes
12030,59,56-65,retired,divorced,university.degree,no,yes,yes
12031,45,36-45,unemployed,divorced,basic.4y,no,yes,no
12032,45,36-45,unemployed,divorced,basic.4y,no,no,yes
12033,56,56-65,entrepreneur,married,high.school,no,yes,no
12034,42,36-45,unemployed,married,unknown,no,no,no
12035,52,46-55,retired,divorced,university.degree,no,yes,yes
12036,70,66+,retired,married,basic.4y,unknown,yes,no
12037,63,56-65,retired,married,basic.4y,no,no,no
12038,42,36-45,unemployed,married,unknown,no,yes,no
12039,60,56-65,self-employed,divorced,university.degree,no,no,no
12040,28,26-35,student,single,unknown,no,yes,no
12041,52,46-55,retired,divorced,university.degree,no,no,no
12042,79,66+,retired,married,unknown,no,no,no
12043,74,66+,retired,married,high.school,no,no,no
12044,54,46-55,admin.,divorced,high.school,no,yes,no
12045,74,66+,retired,married,high.school,no,yes,no
12046,58,56-65,unemployed,divorced,professional.course,no,no,yes
12047,42,36-45,unemployed,married,unknown,no,yes,yes
12048,60,56-65,entrepreneur,married,unknown,no,no,no
12049,76,66+,retired,married,basic.4y,no,yes,no
12050,82,66+,retired,married,university.degree,no,no,no
12051,75,66+,retired,married,basic.4y,no,no,yes
12052,51,46-55,housemaid,married,unknown,no,no,no
12053,41,36-45,services,single,university.degree,no,yes,no
12054,48,46-55,unemployed,single,basic.9y,no,no,no
12055,73,66+,retired,married,basic.4y,no,no,no
12056,48,46-55,entrepreneur,married,university.degree,no,no,yes
12057,73,66+,retired,married,basic.9y,no,no,no
12058,51,46-55,housemaid,married,unknown,no,yes,no
12059,36,36-45,services,married,basic.9y,no,yes,no
12060,59,56-65,unemployed,married,professional.course,no,yes,no
12061,76,66+,retired,married,university.degree,no,no,no
12062,54,46-55,unemployed,married,university.degree,no,no,no
12063,65,56-65,retired,married,basic.6y,no,no,no
12064,66,66+,admin.,married,university.degree,no,no,no
12065,63,56-65,housemaid,married,basic.4y,no,yes,no
12066,33,26-35,technician,single,basic.9y,no,yes,yes
12067,32,26-35,entrepreneur,married,unknown,no,no,no
12068,69,66+,retired,married,professional.course,no,yes,no
12069,21,18-25,admin.,single,university.degree,no,yes,no
12070,32,26-35,student,married,professional.course,no,yes,no
12071,44,36-45,unknown,married,university.degree,no,yes,no
12072,67,66+,retired,married,professional.course,no,yes,yes
12073,57,56-65,entrepreneur,married,professional.course,no,yes,no
12074,70,66+,housemaid,divorced,basic.4y,no,no,no
12075,59,56-65,technician,single,basic.6y,no,no,no
12076,49,46-55,management,divorced,university.degree,no,yes,yes
12077,50,46-55,blue-collar,married,unknown,no,yes,no
12078,61,56-65,entrepreneur,married,university.degree,unknown,yes,no
12079,52,46-55,management,married,high.school,no,yes,yes
12080,52,46-55,management,married,high.school,no,no,no
12081,85,66+,retired,married,professional.course,no,no,no
12082,69,66+,entrepreneur,married,university.degree,no,yes,no
12083,33,26-35,student,single,unknown,no,yes,yes
12084,54,46-55,admin.,single,university.degree,unknown,yes,no
12085,60,56-65,admin.,married,professional.course,no,no,no
12086,80,66+,retired,married,illiterate,unknown,yes,yes
12087,67,66+,retired,married,university.degree,no,no,no
12088,59,56-65,admin.,divorced,professional.course,no,yes,no
12089,59,56-65,admin.,divorced,professional.course,no,no,no
12090,69,66+,blue-collar,married,unknown,no,yes,no
12091,59,56-65,admin.,divorced,professional.course,no,unknown,unknown
12092,50,46-55,blue-collar,married,unknown,no,yes,yes
12093,70,66+,retired,married,high.school,no,yes,no
12094,42,36-45,management,divorced,unknown,no,yes,no
12095,66,66+,retired,married,unknown,no,no,no
12096,62,56-65,management,married,university.degree,no,yes,yes
12097,66,66+,retired,unknown,basic.9y,no,yes,no
12098,74,66+,retired,married,university.degree,no,yes,no
12099,42,36-45,management,divorced,unknown,no,no,no
12100,48,46-55,entrepreneur,divorced,high.school,no,no,no
12101,27,26-35,unemployed,single,high.school,no,no,no
12102,54,46-55,housemaid,married,university.degree,no,no,no
12103,66,66+,retired,married,basic.6y,unknown,yes,no
12104,66,66+,retired,married,basic.6y,unknown,no,no
12105,28,26-35,self-employed,single,university.degree,no,unknown,unknown
12106,74,66+,retired,married,professional.course,no,no,no
12107,76,66+,retired,married,basic.4y,no,no,no
12108,27,26-35,admin.,single,high.school,no,no,yes
12109,74,66+,retired,married,basic.4y,no,no,no
12110,62,56-65,retired,married,university.degree,unknown,yes,yes
12111,34,26-35,housemaid,married,university.degree,no,no,yes
12112,36,36-45,unemployed,married,university.degree,no,yes,no
12113,46,46-55,technician,married,basic.6y,no,yes,no
12114,81,66+,retired,married,basic.6y,no,no,no
12115,28,26-35,unemployed,single,university.degree,no,no,yes
12116,76,66+,retired,married,basic.6y,no,no,yes
12117,64,56-65,unknown,married,unknown,no,yes,yes
12118,74,66+,retired,married,professional.course,no,yes,no
12119,76,66+,retired,married,university.degree,no,yes,no
12120,73,66+,retired,married,professional.course,no,yes,no
12121,62,56-65,retired,married,university.degree,unknown,no,no
12122,72,66+,retired,divorced,basic.4y,no,yes,yes
12123,43,36-45,unemployed,married,high.school,no,no,no
12124,36,36-45,management,married,basic.6y,no,yes,yes
12125,28,26-35,unemployed,married,professional.course,no,yes,no
12126,17,,student,single,basic.9y,no,yes,no
12127,43,36-45,management,married,basic.9y,no,yes,yes
12128,61,56-65,retired,married,basic.9y,no,yes,no
12129,62,56-65,retired,married,unknown,no,no,no
12130,70,66+,retired,married,professional.course,no,no,no
12131,43,36-45,management,married,basic.9y,no,yes,no
12132,61,56-65,management,married,university.degree,no,yes,no
12133,36,36-45,unemployed,single,university.degree,no,no,no
12134,63,56-65,blue-collar,married,basic.4y,no,yes,yes
12135,58,56-65,blue-collar,divorced,basic.4y,no,no,no
12136,71,66+,retired,married,basic.4y,no,yes,no
12137,70,66+,retired,married,professional.course,no,yes,no
12138,28,26-35,unemployed,married,professional.course,no,no,no
12139,38,36-45,self-employed,divorced,high.school,no,no,no
12140,17,,student,single,basic.9y,no,unknown,unknown
12141,63,56-65,retired,divorced,basic.4y,no,yes,no
12142,35,26-35,management,married,high.school,no,yes,yes
12143,62,56-65,management,divorced,high.school,no,no,no
12144,65,56-65,retired,married,high.school,no,no,no
12145,76,66+,retired,married,professional.course,no,no,no
12146,23,18-25,technician,single,university.degree,no,yes,no
12147,72,66+,retired,divorced,basic.4y,no,no,no
12148,80,66+,retired,married,high.school,no,no,no
12149,65,56-65,retired,married,high.school,no,yes,yes
12150,18,18-25,student,single,basic.6y,no,yes,no
12151,23,18-25,technician,married,professional.course,no,yes,no
12152,27,26-35,self-employed,single,university.degree,no,unknown,unknown
12153,28,26-35,admin.,single,university.degree,no,unknown,unknown
12154,74,66+,retired,married,basic.9y,no,yes,no
12155,22,18-25,student,single,professional.course,no,yes,no
12156,67,66+,retired,married,basic.6y,no,no,no
12157,65,56-65,housemaid,divorced,basic.4y,no,yes,no
12158,61,56-65,retired,married,university.degree,no,no,no
12159,63,56-65,retired,married,university.degree,no,no,no
12160,71,66+,retired,married,basic.4y,unknown,unknown,unknown
12161,33,26-35,blue-collar,divorced,basic.4y,no,yes,no
12162,64,56-65,retired,married,high.school,unknown,no,no
12163,65,56-65,retired,married,basic.4y,no,yes,no
12164,74,66+,retired,divorced,basic.4y,no,yes,no
12165,62,56-65,unemployed,married,high.school,no,yes,no
12166,80,66+,retired,married,basic.4y,no,no,no
12167,20,18-25,student,single,basic.9y,no,no,no
12168,74,66+,retired,married,university.degree,no,yes,yes
12169,73,66+,retired,married,basic.4y,unknown,no,no
12170,66,66+,retired,married,basic.4y,no,yes,yes
12171,66,66+,retired,married,basic.6y,no,yes,no
12172,35,26-35,blue-collar,divorced,high.school,no,no,no
12173,62,56-65,admin.,married,university.degree,no,no,no
12174,74,66+,retired,married,basic.9y,no,no,no
12175,71,66+,retired,single,university.degree,no,yes,no
12176,45,36-45,self-employed,married,university.degree,no,no,yes
12177,38,36-45,admin.,divorced,professional.course,no,no,no
12178,34,26-35,technician,single,unknown,no,yes,no
12179,51,46-55,management,married,high.school,no,yes,yes
12180,64,56-65,retired,married,unknown,no,yes,yes
12181,61,56-65,retired,married,basic.4y,no,yes,yes
12182,62,56-65,admin.,married,university.degree,no,yes,yes
12183,87,66+,retired,divorced,basic.4y,no,no,no
12184,34,26-35,unemployed,single,professional.course,no,no,no
12185,62,56-65,admin.,married,university.degree,no,yes,no
12186,79,66+,housemaid,married,basic.4y,no,no,no
12187,64,56-65,retired,married,unknown,no,no,no
12188,70,66+,retired,married,university.degree,no,yes,no
12189,54,46-55,self-employed,married,university.degree,no,yes,no
12190,74,66+,retired,married,basic.4y,unknown,yes,no
12191,47,46-55,housemaid,married,university.degree,no,yes,no
12192,66,66+,retired,married,university.degree,no,no,yes
12193,69,66+,housemaid,married,basic.4y,no,no,no
12194,88,66+,retired,married,university.degree,no,yes,no
12195,64,56-65,retired,married,basic.9y,no,yes,no
12196,66,66+,retired,married,basic.4y,unknown,yes,no
12197,81,66+,retired,married,high.school,no,no,no
12198,38,36-45,student,single,unknown,no,yes,yes
12199,63,56-65,housemaid,married,basic.4y,no,no,no
12200,51,46-55,admin.,divorced,high.school,no,yes,no
12201,63,56-65,technician,married,unknown,no,yes,no
12202,63,56-65,technician,married,unknown,no,no,no
12203,64,56-65,unknown,married,unknown,no,no,no
12204,54,46-55,retired,married,professional.course,unknown,no,no
12205,60,56-65,housemaid,divorced,professional.course,no,yes,no
12206,67,66+,retired,divorced,university.degree,no,yes,no
12207,49,46-55,entrepreneur,single,university.degree,no,yes,no
12208,42,36-45,retired,divorced,illiterate,no,no,no
12209,80,66+,retired,married,basic.4y,no,yes,no
12210,78,66+,retired,married,basic.4y,no,no,yes
12211,71,66+,retired,married,university.degree,no,yes,no
12212,59,56-65,admin.,single,university.degree,no,no,no
12213,46,46-55,housemaid,married,basic.4y,no,unknown,unknown
12214,58,56-65,retired,divorced,high.school,no,no,no
12215,36,36-45,housemaid,single,university.degree,no,unknown,unknown
12216,25,18-25,student,single,unknown,unknown,no,no
12217,55,46-55,entrepreneur,divorced,basic.9y,no,yes,no
12218,62,56-65,retired,married,professional.course,no,yes,yes
12219,44,36-45,management,married,unknown,no,yes,no
12220,72,66+,unknown,married,unknown,no,yes,yes
12221,30,26-35,student,married,university.degree,no,no,no
12222,73,66+,retired,married,university.degree,no,no,no
12223,73,66+,retired,married,basic.4y,no,unknown,unknown
12224,73,66+,retired,divorced,high.school,no,yes,no
12225,30,26-35,student,married,university.degree,no,yes,no
12226,63,56-65,retired,married,university.degree,no,yes,no
12227,39,36-45,entrepreneur,married,basic.6y,no,yes,no
12228,51,46-55,blue-collar,married,professional.course,no,yes,no
12229,54,46-55,admin.,married,unknown,no,yes,no
12230,79,66+,retired,married,basic.9y,no,no,no
12231,45,36-45,admin.,married,university.degree,no,unknown,unknown
12232,60,56-65,admin.,married,professional.course,no,yes,yes
12233,40,36-45,unemployed,married,university.degree,no,yes,yes
12234,60,56-65,unemployed,married,basic.6y,no,yes,no
12235,18,18-25,student,single,unknown,no,no,no
12236,18,18-25,student,single,unknown,no,yes,no
12237,72,66+,retired,married,unknown,no,no,no
12238,60,56-65,management,married,university.degree,no,yes,yes
12239,63,56-65,unknown,married,unknown,no,yes,no
12240,40,36-45,unknown,single,unknown,no,no,no
12241,43,36-45,technician,married,high.school,no,yes,yes
12242,26,26-35,student,single,unknown,no,no,no
12243,18,18-25,student,single,unknown,no,unknown,unknown
12244,61,56-65,retired,married,basic.9y,no,yes,yes
12245,83,66+,retired,married,unknown,no,yes,no
12246,76,66+,management,married,unknown,no,no,no
12247,71,66+,retired,married,professional.course,no,no,no
12248,63,56-65,management,married,unknown,no,yes,no
12249,28,26-35,admin.,married,university.degree,no,yes,yes
12250,45,36-45,housemaid,single,basic.4y,no,no,no
12251,59,56-65,admin.,married,unknown,no,yes,yes
12252,59,56-65,admin.,married,unknown,no,no,yes
12253,45,36-45,housemaid,single,basic.4y,no,yes,no
12254,66,66+,management,divorced,university.degree,no,no,no
12255,76,66+,retired,divorced,basic.4y,no,no,no
12256,39,36-45,self-employed,divorced,high.school,no,no,no
12257,63,56-65,retired,married,unknown,no,yes,yes
12258,75,66+,retired,married,unknown,no,no,no
12259,24,18-25,student,single,basic.9y,no,unknown,unknown
12260,69,66+,retired,married,basic.9y,no,yes,no
12261,78,66+,unknown,married,unknown,no,yes,no
12262,91,66+,retired,married,university.degree,no,yes,yes
12263,62,56-65,retired,married,university.degree,no,yes,no
12264,62,56-65,retired,married,university.degree,no,no,no
12265,58,56-65,housemaid,divorced,basic.4y,no,yes,yes
12266,91,66+,retired,married,university.degree,no,no,yes
12267,42,36-45,management,married,basic.6y,no,yes,no
12268,59,56-65,management,married,unknown,no,yes,no
12269,69,66+,retired,married,high.school,no,no,no
12270,57,56-65,management,married,basic.4y,no,yes,no
12271,40,36-45,unemployed,married,professional.course,no,no,yes
12272,71,66+,retired,married,unknown,no,yes,no
12273,46,46-55,unemployed,married,university.degree,no,yes,yes
12274,62,56-65,entrepreneur,married,university.degree,no,no,no
12275,62,56-65,entrepreneur,married,university.degree,no,yes,no
12276,70,66+,admin.,married,basic.4y,no,no,no
12277,24,18-25,technician,married,university.degree,no,yes,yes
12278,21,18-25,student,single,basic.9y,no,unknown,unknown
12279,70,66+,admin.,married,basic.4y,no,yes,yes
12280,69,66+,unknown,married,university.degree,no,yes,yes
12281,49,46-55,unemployed,married,high.school,no,no,no
12282,60,56-65,retired,divorced,high.school,no,no,no
12283,46,46-55,self-employed,divorced,high.school,no,no,no
12284,56,56-65,unemployed,married,professional.course,no,no,no
12285,22,18-25,services,single,professional.course,no,yes,yes
12286,50,46-55,technician,married,university.degree,no,yes,yes
12287,60,56-65,retired,divorced,professional.course,no,yes,yes
12288,61,56-65,management,married,university.degree,no,no,no
12289,70,66+,retired,divorced,university.degree,no,yes,no
12290,68,66+,retired,single,university.degree,no,yes,no
12291,70,66+,retired,divorced,university.degree,no,no,no
12292,62,56-65,self-employed,married,university.degree,unknown,no,no
12293,62,56-65,self-employed,married,university.degree,unknown,yes,no
12294,81,66+,retired,married,basic.4y,no,yes,no
12295,68,66+,retired,single,university.degree,no,no,no
12296,30,26-35,unemployed,single,high.school,no,yes,no
12297,70,66+,housemaid,divorced,basic.4y,no,yes,no
12298,37,36-45,housemaid,divorced,high.school,no,no,no
12299,55,46-55,unemployed,married,university.degree,no,yes,yes
12300,37,36-45,unknown,single,university.degree,no,yes,yes
12301,37,36-45,unknown,single,university.degree,no,no,no
12302,65,56-65,admin.,married,university.degree,no,yes,no
12303,49,46-55,technician,divorced,unknown,no,yes,no
12304,78,66+,retired,married,basic.9y,no,yes,no
12305,49,46-55,technician,divorced,unknown,no,yes,yes
12306,23,18-25,unemployed,single,basic.9y,no,yes,no
12307,54,46-55,management,divorced,university.degree,unknown,yes,no
12308,75,66+,retired,divorced,basic.4y,unknown,yes,no
12309,83,66+,retired,married,professional.course,no,yes,no
12310,28,26-35,unemployed,single,basic.4y,no,yes,yes
12311,63,56-65,retired,married,basic.6y,no,yes,no
12312,71,66+,retired,married,basic.9y,no,no,no
12313,82,66+,retired,married,university.degree,no,yes,no
12314,37,36-45,housemaid,single,university.degree,no,yes,no
12315,43,36-45,management,single,university.degree,no,no,no
12316,69,66+,retired,divorced,professional.course,no,no,no
12317,82,66+,retired,married,university.degree,no,yes,yes
12318,80,66+,retired,divorced,basic.4y,no,no,no
12319,65,56-65,retired,married,high.school,no,yes,no
12320,56,56-65,unknown,married,basic.4y,no,no,no
12321,30,26-35,unemployed,single,high.school,no,yes,yes
12322,50,46-55,unknown,married,unknown,no,no,no
12323,86,66+,retired,divorced,basic.4y,no,unknown,unknown
12324,58,56-65,technician,married,basic.4y,no,no,yes
12325,60,56-65,admin.,married,unknown,no,yes,no
12326,58,56-65,technician,married,basic.4y,no,yes,no
12327,53,46-55,admin.,married,unknown,no,yes,no
12328,69,66+,technician,married,professional.course,no,yes,no
12329,77,66+,retired,divorced,unknown,no,no,no
12330,42,36-45,management,single,university.degree,no,no,no
12331,29,26-35,unemployed,divorced,high.school,no,no,no
12332,42,36-45,management,single,university.degree,no,yes,no
12333,59,56-65,technician,married,university.degree,no,yes,no
12334,75,66+,retired,married,basic.9y,no,no,no
12335,77,66+,retired,married,university.degree,no,no,yes
12336,38,36-45,technician,divorced,professional.course,no,no,yes
12337,80,66+,retired,married,basic.4y,no,yes,yes
12338,71,66+,retired,single,university.degree,no,unknown,unknown
12339,71,66+,retired,single,university.degree,no,no,no
12340,26,26-35,student,single,basic.9y,no,unknown,unknown
12341,35,26-35,student,single,university.degree,no,yes,no
12342,33,26-35,unemployed,married,high.school,no,no,yes
12343,58,56-65,unemployed,married,basic.9y,no,no,yes
12344,32,26-35,admin.,married,professional.course,no,no,yes
12345,17,,student,single,unknown,no,no,yes
12346,45,36-45,blue-collar,single,basic.9y,no,no,yes
12347,28,26-35,technician,single,high.school,no,unknown,unknown
12348,74,66+,retired,married,unknown,no,yes,yes
12349,42,36-45,entrepreneur,married,basic.9y,no,no,no
12350,36,36-45,unemployed,married,high.school,no,no,no
12351,68,66+,retired,married,professional.course,no,no,no
12352,40,36-45,services,married,professional.course,no,yes,no
12353,83,66+,retired,married,basic.9y,no,no,no
12354,28,26-35,services,married,basic.9y,no,yes,no
12355,85,66+,housemaid,divorced,basic.4y,unknown,yes,no
12356,25,18-25,admin.,single,university.degree,no,unknown,unknown
12357,33,26-35,self-employed,single,professional.course,no,yes,yes
12358,36,36-45,management,married,basic.4y,no,no,no
12359,21,18-25,student,single,high.school,no,no,yes
12360,60,56-65,retired,married,basic.4y,no,no,no
12361,60,56-65,retired,married,basic.4y,no,yes,no
12362,55,46-55,entrepreneur,married,professional.course,no,no,no
12363,54,46-55,unemployed,divorced,high.school,no,no,yes
12364,36,36-45,management,married,basic.4y,no,yes,no
12365,55,46-55,entrepreneur,married,professional.course,no,yes,yes
12366,65,56-65,retired,married,unknown,no,unknown,unknown
12367,35,26-35,self-employed,single,university.degree,no,unknown,unknown
12368,59,56-65,housemaid,married,basic.4y,no,no,no
12369,36,36-45,management,married,basic.6y,no,yes,no
12370,60,56-65,technician,married,basic.4y,no,yes,no
12371,53,46-55,entrepreneur,married,basic.4y,no,yes,no
12372,62,56-65,retired,divorced,university.degree,no,yes,no
12373,42,36-45,blue-collar,married,professional.course,no,no,no
12374,29,26-35,blue-collar,single,basic.9y,no,no,yes
12375,71,66+,management,married,university.degree,no,yes,no
12376,56,56-65,retired,married,professional.course,no,unknown,unknown
12377,24,18-25,student,single,unknown,no,no,no
12378,64,56-65,admin.,married,high.school,no,yes,no
12379,32,26-35,unknown,single,high.school,no,yes,no
12380,98,66+,retired,married,basic.4y,unknown,yes,no
12381,37,36-45,blue-collar,married,basic.6y,no,unknown,unknown
12382,73,66+,retired,divorced,basic.4y,no,yes,no
12383,55,46-55,unemployed,married,basic.9y,no,yes,no
12384,55,46-55,unemployed,married,basic.9y,no,no,no
12385,63,56-65,technician,married,professional.course,no,no,no
12386,72,66+,admin.,married,university.degree,unknown,no,yes
12387,71,66+,retired,married,basic.4y,no,yes,yes
12388,52,46-55,housemaid,married,high.school,no,no,no
12389,45,36-45,blue-collar,married,university.degree,no,no,no
12390,65,56-65,housemaid,married,basic.4y,no,unknown,unknown
12391,61,56-65,retired,married,high.school,no,no,no
12392,63,56-65,technician,married,professional.course,no,yes,no
12393,81,66+,retired,married,university.degree,unknown,yes,yes
12394,65,56-65,housemaid,married,basic.4y,no,yes,no
12395,44,36-45,technician,married,unknown,no,no,yes
12396,68,66+,retired,divorced,professional.course,no,yes,no
12397,81,66+,housemaid,married,basic.4y,no,yes,no
12398,60,56-65,management,married,professional.course,no,yes,no
12399,61,56-65,blue-collar,married,high.school,no,no,no
12400,62,56-65,retired,married,high.school,no,no,no
12401,58,56-65,unemployed,divorced,basic.9y,no,yes,no
12402,34,26-35,unknown,single,university.degree,no,yes,no
12403,34,26-35,unknown,single,university.degree,no,no,no
12404,54,46-55,retired,married,basic.4y,no,no,yes
12405,23,18-25,technician,married,professional.course,no,yes,yes
12406,61,56-65,technician,married,professional.course,no,no,no
12407,80,66+,retired,divorced,high.school,no,yes,no
12408,31,26-35,entrepreneur,unknown,university.degree,no,no,no
12409,72,66+,retired,married,basic.6y,no,yes,yes
12410,82,66+,retired,single,basic.4y,no,yes,no
12411,69,66+,retired,married,professional.course,no,no,yes
12412,32,26-35,self-employed,married,university.degree,no,yes,yes
12413,67,66+,retired,married,unknown,no,no,no
12414,69,66+,retired,married,basic.4y,no,yes,no
12415,31,26-35,entrepreneur,unknown,university.degree,no,yes,no
12416,78,66+,retired,divorced,basic.6y,no,no,no
12417,65,56-65,retired,married,basic.4y,no,no,no
12418,39,36-45,technician,single,university.degree,unknown,no,yes
12419,69,66+,retired,married,basic.4y,no,yes,yes
12420,18,18-25,student,single,basic.6y,no,no,yes
12421,21,18-25,student,single,basic.9y,no,no,no
12422,60,56-65,housemaid,married,university.degree,no,yes,no
12423,64,56-65,housemaid,married,basic.4y,no,yes,no
12424,24,18-25,student,single,professional.course,no,no,no
12425,52,46-55,management,married,basic.6y,no,no,no
12426,71,66+,retired,married,professional.course,no,yes,no
12427,56,56-65,admin.,divorced,high.school,no,no,no
12428,67,66+,self-employed,married,university.degree,no,yes,no
12429,56,56-65,management,married,university.degree,no,unknown,unknown
12430,79,66+,retired,married,basic.4y,no,no,yes
12431,56,56-65,housemaid,divorced,professional.course,no,yes,no
12432,27,26-35,unemployed,married,high.school,no,no,yes
12433,30,26-35,unemployed,single,basic.9y,no,yes,no
12434,22,18-25,technician,single,professional.course,no,yes,no
12435,71,66+,retired,married,professional.course,no,yes,yes
12436,37,36-45,entrepreneur,divorced,high.school,no,yes,yes
12437,37,36-45,entrepreneur,divorced,high.school,no,no,no
12438,54,46-55,blue-collar,married,basic.9y,no,yes,yes
12439,62,56-65,admin.,divorced,university.degree,no,yes,no
12440,29,26-35,technician,single,professional.course,no,unknown,unknown
12441,73,66+,retired,married,university.degree,no,no,yes
12442,69,66+,retired,married,basic.6y,no,yes,no
12443,53,46-55,management,divorced,university.degree,no,no,yes
12444,56,56-65,technician,divorced,university.degree,no,no,no
12445,24,18-25,unemployed,married,high.school,no,yes,no
12446,29,26-35,housemaid,single,university.degree,no,no,yes
12447,22,18-25,student,single,professional.course,no,no,no
12448,81,66+,unknown,divorced,unknown,unknown,yes,no
12449,29,26-35,housemaid,single,university.degree,no,no,no
12450,76,66+,retired,single,basic.4y,no,no,no
12451,71,66+,housemaid,married,basic.4y,no,yes,no
12452,79,66+,retired,married,basic.4y,no,yes,no
12453,63,56-65,management,married,basic.4y,unknown,yes,no
12454,52,46-55,admin.,divorced,university.degree,no,unknown,unknown
12455,45,36-45,admin.,single,university.degree,no,unknown,unknown
12456,72,66+,retired,married,professional.course,no,yes,no
12457,36,36-45,self-employed,divorced,basic.9y,no,no,no
12458,72,66+,retired,married,basic.4y,no,yes,no
12459,72,66+,retired,divorced,basic.6y,no,yes,no
12460,29,26-35,student,single,professional.course,no,yes,yes
12461,67,66+,retired,married,basic.4y,no,yes,no
12462,65,56-65,retired,single,university.degree,no,no,no
12463,64,56-65,unemployed,married,basic.4y,no,yes,no
12464,51,46-55,self-employed,single,basic.9y,no,yes,no
12465,78,66+,retired,divorced,basic.4y,no,yes,no
12466,56,56-65,blue-collar,divorced,basic.4y,no,no,no
12467,62,56-65,housemaid,married,basic.4y,no,yes,no
12468,52,46-55,blue-collar,single,basic.9y,no,yes,no
12469,56,56-65,management,divorced,unknown,no,yes,no
12470,49,46-55,unemployed,married,professional.course,no,yes,yes
12471,60,56-65,unemployed,married,basic.4y,no,no,no
12472,62,56-65,housemaid,married,university.degree,no,yes,no
12473,26,26-35,student,single,university.degree,no,no,no
12474,53,46-55,admin.,single,university.degree,no,yes,yes
12475,80,66+,retired,divorced,unknown,no,yes,yes
12476,77,66+,retired,married,unknown,no,yes,no
12477,41,36-45,management,married,unknown,no,no,yes
12478,64,56-65,retired,married,high.school,no,no,no
12479,67,66+,retired,married,basic.4y,no,no,no
12480,30,26-35,blue-collar,single,high.school,no,unknown,unknown
12481,43,36-45,self-employed,married,high.school,no,no,no
12482,54,46-55,services,married,basic.9y,no,yes,yes
12483,25,18-25,admin.,single,unknown,no,yes,no
12484,72,66+,retired,married,high.school,no,no,no
12485,77,66+,retired,divorced,basic.4y,no,yes,no
12486,72,66+,retired,married,university.degree,no,no,no
12487,68,66+,retired,married,high.school,no,no,no
12488,34,26-35,self-employed,single,university.degree,no,no,yes
12489,63,56-65,retired,married,basic.4y,no,yes,no
12490,82,66+,retired,divorced,basic.4y,no,yes,no
12491,34,26-35,housemaid,single,basic.4y,no,yes,no
12492,66,66+,retired,single,basic.4y,no,yes,no
12493,40,36-45,unemployed,divorced,basic.4y,no,no,no
12494,83,66+,retired,divorced,basic.4y,no,no,no
12495,65,56-65,retired,married,basic.4y,no,no,yes
12496,83,66+,retired,divorced,basic.4y,no,yes,yes
12497,27,26-35,management,single,professional.course,no,yes,no
12498,53,46-55,unknown,married,basic.9y,no,no,yes
12499,94,66+,retired,married,basic.9y,no,no,no
12500,78,66+,retired,married,professional.course,no,yes,no
12501,21,18-25,student,single,professional.course,no,no,no
12502,86,66+,retired,divorced,basic.4y,no,yes,no
12503,65,56-65,admin.,divorced,university.degree,no,no,no
12504,78,66+,retired,married,professional.course,no,no,no
12505,72,66+,retired,married,basic.9y,unknown,yes,no
12506,62,56-65,blue-collar,married,basic.4y,no,yes,no
12507,81,66+,housemaid,divorced,basic.4y,no,yes,no
12508,62,56-65,blue-collar,married,basic.4y,no,no,no
12509,62,56-65,blue-collar,married,basic.4y,no,yes,yes
12510,60,56-65,admin.,married,unknown,unknown,yes,no
12511,54,46-55,unemployed,married,high.school,no,yes,no
12512,58,56-65,unknown,married,basic.9y,no,yes,no
12513,83,66+,retired,married,high.school,no,no,no
12514,83,66+,retired,married,high.school,no,yes,no
12515,64,56-65,management,divorced,university.degree,no,no,yes
12516,46,46-55,admin.,married,university.degree,no,unknown,unknown
12517,80,66+,retired,divorced,basic.4y,no,no,yes
12518,49,46-55,housemaid,single,university.degree,no,no,yes
12519,36,36-45,admin.,single,high.school,no,unknown,unknown
12520,54,46-55,technician,divorced,university.degree,no,unknown,unknown
12521,49,46-55,housemaid,single,university.degree,no,yes,no
12522,64,56-65,retired,married,basic.4y,no,unknown,unknown
12523,86,66+,retired,married,professional.course,no,no,no
12524,41,36-45,self-employed,married,university.degree,no,unknown,unknown
12525,65,56-65,management,married,unknown,no,no,no
12526,70,66+,retired,divorced,basic.9y,no,no,no
12527,65,56-65,management,married,unknown,no,yes,no
12528,64,56-65,housemaid,married,basic.4y,no,yes,yes
12529,51,46-55,unemployed,divorced,high.school,no,no,no
12530,29,26-35,unemployed,married,basic.4y,no,no,no
12531,71,66+,retired,married,unknown,no,yes,yes
12532,64,56-65,housemaid,married,basic.4y,no,no,no
12533,64,56-65,housemaid,married,basic.4y,no,no,yes
12534,62,56-65,housemaid,married,professional.course,no,yes,no
12535,81,66+,retired,divorced,basic.4y,no,yes,no
12536,61,56-65,admin.,married,university.degree,no,no,no
12537,57,56-65,admin.,single,high.school,no,no,no
12538,54,46-55,technician,divorced,professional.course,no,yes,no
12539,74,66+,retired,divorced,high.school,no,yes,yes
12540,85,66+,retired,divorced,basic.4y,unknown,yes,no
12541,84,66+,retired,married,high.school,no,no,no
12542,47,46-55,housemaid,married,basic.9y,no,yes,no
12543,68,66+,management,married,basic.9y,no,yes,no
12544,68,66+,technician,married,unknown,no,no,no
12545,18,18-25,student,single,basic.9y,no,no,no
12546,76,66+,retired,married,university.degree,no,yes,yes
12547,19,18-25,student,single,high.school,no,yes,no
12548,76,66+,retired,married,university.degree,no,unknown,unknown
12549,55,46-55,entrepreneur,divorced,basic.9y,no,no,no
12550,31,26-35,admin.,married,professional.course,no,no,yes
12551,23,18-25,student,single,basic.9y,no,yes,no
12552,76,66+,retired,divorced,professional.course,no,yes,no
12553,35,26-35,unemployed,married,professional.course,no,yes,yes
12554,39,36-45,unemployed,single,university.degree,no,yes,no
12555,46,46-55,unknown,single,unknown,unknown,yes,no
12556,40,36-45,self-employed,married,university.degree,no,no,yes
12557,73,66+,retired,divorced,high.school,no,no,yes
12558,31,26-35,student,married,high.school,no,yes,no
12559,78,66+,retired,divorced,professional.course,no,yes,no
12560,66,66+,retired,married,professional.course,no,no,yes
12561,31,26-35,admin.,divorced,professional.course,no,yes,no
12562,66,66+,retired,married,professional.course,no,no,no
12563,27,26-35,unknown,single,university.degree,no,no,no
12564,19,18-25,student,single,basic.6y,no,yes,no
12565,21,18-25,student,single,basic.9y,no,yes,no
12566,66,66+,retired,divorced,basic.4y,no,yes,no
12567,41,36-45,admin.,divorced,university.degree,no,yes,yes
12568,28,26-35,unemployed,married,high.school,no,no,no
12569,72,66+,retired,married,professional.course,no,no,no
12570,33,26-35,entrepreneur,single,professional.course,no,yes,no
12571,85,66+,retired,single,professional.course,no,no,no
12572,74,66+,retired,married,unknown,no,no,yes
12573,59,56-65,management,married,basic.4y,no,yes,no
12574,73,66+,retired,married,unknown,no,yes,no
12575,29,26-35,blue-collar,single,professional.course,no,yes,yes
12576,29,26-35,blue-collar,single,professional.course,no,no,yes
12577,25,18-25,unemployed,married,high.school,no,yes,no
12578,31,26-35,self-employed,married,professional.course,no,yes,no
12579,61,56-65,self-employed,divorced,university.degree,no,no,no
12580,38,36-45,housemaid,single,high.school,no,yes,no
12581,62,56-65,technician,married,unknown,no,no,no
12582,62,56-65,technician,married,unknown,no,yes,no
12583,48,46-55,unemployed,married,university.degree,no,no,yes
12584,82,66+,retired,married,professional.course,no,yes,no
12585,31,26-35,admin.,married,professional.course,no,no,no
12586,30,26-35,unemployed,single,professional.course,no,yes,no
12587,47,46-55,self-employed,divorced,university.degree,no,no,no
12588,46,46-55,unemployed,single,university.degree,no,no,no
12589,66,66+,retired,married,high.school,no,no,no
12590,66,66+,retired,married,high.school,no,unknown,unknown
12591,53,46-55,blue-collar,single,basic.9y,no,unknown,unknown
12592,26,26-35,admin.,married,unknown,no,no,no
12593,47,46-55,services,single,unknown,no,unknown,unknown
12594,39,36-45,admin.,divorced,professional.course,no,no,no
12595,59,56-65,unemployed,married,basic.9y,no,yes,no
12596,30,26-35,technician,unknown,university.degree,no,no,no
12597,38,36-45,student,single,unknown,no,no,yes
12598,38,36-45,student,single,unknown,no,yes,no
12599,38,36-45,student,single,unknown,no,no,no
12600,39,36-45,technician,divorced,high.school,no,no,no
12601,70,66+,retired,married,unknown,no,no,no
12602,27,26-35,admin.,single,unknown,no,no,no
12603,30,26-35,student,single,unknown,no,no,yes
12604,33,26-35,admin.,single,unknown,no,no,no
12605,78,66+,retired,married,unknown,no,no,no
12606,66,66+,housemaid,divorced,basic.4y,no,yes,no
12607,34,26-35,blue-collar,single,unknown,no,no,no
12608,65,56-65,housemaid,divorced,basic.4y,unknown,no,no
12609,59,56-65,services,single,high.school,no,yes,no
12610,34,26-35,blue-collar,single,unknown,no,yes,no
12611,62,56-65,blue-collar,married,unknown,no,no,no
12612,20,18-25,services,single,unknown,no,no,no
12613,86,66+,retired,married,basic.4y,unknown,yes,no
12614,68,66+,retired,divorced,basic.4y,no,yes,no
12615,56,56-65,unemployed,divorced,basic.4y,no,no,no
12616,56,56-65,unemployed,divorced,basic.4y,no,yes,no
12617,56,56-65,admin.,single,university.degree,no,no,no
12618,56,56-65,admin.,single,university.degree,no,yes,no
12619,60,56-65,housemaid,married,basic.4y,no,yes,yes
12620,56,56-65,admin.,single,university.degree,no,no,yes
12621,27,26-35,student,single,unknown,no,no,no
12622,84,66+,retired,divorced,basic.4y,no,no,no
12623,61,56-65,admin.,married,high.school,no,yes,no
12624,82,66+,housemaid,divorced,basic.4y,no,unknown,unknown
12625,75,66+,retired,married,unknown,no,yes,no
12626,53,46-55,management,divorced,university.degree,no,yes,yes
12627,58,56-65,housemaid,single,professional.course,no,no,yes
12628,53,46-55,technician,married,university.degree,no,unknown,unknown
12629,58,56-65,housemaid,single,professional.course,no,yes,no
12630,62,56-65,entrepreneur,married,basic.9y,no,yes,no
12631,58,56-65,housemaid,single,professional.course,no,no,no
12632,63,56-65,technician,married,high.school,no,no,no
12633,80,66+,housemaid,married,basic.4y,no,yes,yes
12634,20,18-25,student,single,basic.4y,no,yes,yes
12635,53,46-55,entrepreneur,married,basic.4y,no,yes,yes
12636,36,36-45,admin.,single,basic.9y,no,yes,yes
12637,74,66+,retired,married,university.degree,no,no,no
12638,46,46-55,services,single,basic.4y,no,no,no
12639,58,56-65,admin.,married,professional.course,no,yes,no
12640,68,66+,retired,married,university.degree,no,yes,no
12641,82,66+,retired,divorced,basic.4y,no,yes,yes
12642,25,18-25,self-employed,single,unknown,no,no,no
12643,82,66+,retired,divorced,basic.4y,no,no,no
12644,74,66+,retired,divorced,basic.4y,no,no,yes
12645,85,66+,housemaid,married,basic.4y,unknown,no,no
12646,85,66+,housemaid,married,basic.4y,unknown,yes,no
12647,75,66+,retired,divorced,high.school,no,no,no
12648,80,66+,retired,divorced,basic.4y,no,yes,no
12649,80,66+,retired,divorced,basic.4y,no,yes,yes
12650,58,56-65,unemployed,married,basic.9y,no,yes,no
12651,53,46-55,housemaid,married,university.degree,no,yes,no
12652,57,56-65,retired,married,high.school,no,yes,no
12653,77,66+,retired,married,high.school,no,yes,no
12654,59,56-65,retired,divorced,high.school,no,yes,no
12655,63,56-65,housemaid,married,basic.9y,no,yes,no
12656,73,66+,retired,single,professional.course,no,no,no
12657,30,26-35,student,single,high.school,no,yes,yes
12658,27,26-35,student,single,university.degree,no,yes,yes
12659,44,36-45,management,married,unknown,no,no,no
12660,29,26-35,services,single,unknown,no,yes,no
12661,36,36-45,admin.,married,unknown,no,no,no
12662,36,36-45,unemployed,married,professional.course,no,yes,no
12663,20,18-25,student,single,unknown,no,no,no
12664,31,26-35,student,single,university.degree,no,yes,yes
12665,30,26-35,blue-collar,single,professional.course,no,no,no
12666,52,46-55,technician,married,university.degree,no,no,yes
12667,32,26-35,student,single,unknown,no,yes,no
12668,27,26-35,student,married,high.school,no,yes,no
12669,19,18-25,student,single,basic.4y,no,yes,no
12670,62,56-65,retired,married,professional.course,no,no,no
12671,31,26-35,student,single,unknown,no,no,no
12672,44,36-45,technician,married,university.degree,no,no,yes
12673,42,36-45,retired,single,basic.4y,unknown,yes,yes
12674,82,66+,retired,married,high.school,unknown,yes,no
12675,38,36-45,entrepreneur,married,professional.course,no,no,no
12676,34,26-35,technician,married,unknown,no,yes,no
12677,59,56-65,admin.,divorced,basic.4y,no,yes,no
12678,77,66+,retired,married,university.degree,no,yes,no
12679,66,66+,blue-collar,married,unknown,no,yes,no
12680,48,46-55,unemployed,married,professional.course,no,no,no
12681,48,46-55,unemployed,married,professional.course,no,yes,no
12682,92,66+,retired,married,unknown,no,yes,no
12683,60,56-65,management,married,unknown,no,yes,no
12684,68,66+,retired,married,basic.4y,no,yes,yes
12685,77,66+,retired,married,unknown,no,yes,yes
12686,71,66+,admin.,married,basic.4y,no,yes,yes
12687,54,46-55,admin.,married,professional.course,no,no,no
12688,60,56-65,blue-collar,married,basic.4y,no,yes,no
12689,63,56-65,retired,married,professional.course,no,yes,yes
12690,74,66+,retired,divorced,university.degree,no,yes,no
12691,47,46-55,services,divorced,university.degree,no,yes,yes
12692,48,46-55,self-employed,divorced,university.degree,no,no,no
12693,28,26-35,student,single,high.school,no,no,yes
12694,68,66+,retired,married,professional.course,no,unknown,unknown
12695,68,66+,retired,married,professional.course,no,no,yes
12696,45,36-45,unknown,married,university.degree,no,yes,no
12697,31,26-35,admin.,married,professional.course,no,yes,yes
12698,28,26-35,student,single,university.degree,no,unknown,unknown
12699,31,26-35,services,single,basic.9y,no,unknown,unknown
12700,61,56-65,blue-collar,married,basic.6y,no,yes,yes
12701,45,36-45,self-employed,married,high.school,no,no,no
12702,24,18-25,unemployed,single,high.school,no,no,yes
12703,79,66+,retired,married,basic.9y,no,yes,yes
12704,76,66+,retired,divorced,basic.4y,no,yes,no
12705,92,66+,retired,divorced,unknown,unknown,no,no
12706,64,56-65,housemaid,married,unknown,no,yes,no
12707,31,26-35,technician,divorced,university.degree,no,no,no
12708,84,66+,retired,married,basic.9y,no,yes,no
12709,70,66+,retired,divorced,high.school,no,yes,no
12710,37,36-45,student,divorced,university.degree,no,yes,no
12711,43,36-45,blue-collar,single,high.school,no,no,yes
12712,54,46-55,admin.,divorced,basic.9y,no,yes,no
12713,79,66+,retired,married,high.school,no,yes,no
12714,37,36-45,student,divorced,university.degree,no,yes,yes
12715,61,56-65,admin.,married,unknown,no,no,no
12716,22,18-25,student,single,high.school,unknown,yes,yes
12717,35,26-35,unemployed,married,high.school,no,yes,no
12718,23,18-25,unemployed,married,high.school,no,no,no
12719,32,26-35,services,single,university.degree,no,no,yes
12720,25,18-25,technician,single,high.school,no,yes,no
12721,30,26-35,admin.,single,university.degree,no,unknown,unknown
12722,26,26-35,unemployed,married,basic.4y,no,no,no
12723,72,66+,retired,single,university.degree,no,yes,yes
12724,72,66+,retired,single,university.degree,no,no,no
12725,31,26-35,unknown,single,high.school,no,yes,yes
12726,56,56-65,unemployed,married,basic.9y,no,no,no
12727,31,26-35,unknown,single,high.school,no,no,no
12728,49,46-55,technician,single,university.degree,no,no,no
12729,42,36-45,management,single,high.school,no,yes,no
12730,76,66+,housemaid,married,basic.4y,no,yes,no
12731,23,18-25,technician,single,professional.course,unknown,yes,yes
12732,76,66+,housemaid,married,basic.4y,no,no,no
12733,20,18-25,technician,single,professional.course,no,yes,no
12734,32,26-35,unemployed,single,professional.course,no,yes,yes
12735,37,36-45,unemployed,married,high.school,no,yes,no
12736,27,26-35,blue-collar,single,university.degree,no,no,no
12737,37,36-45,admin.,married,university.degree,no,unknown,unknown
12738,89,66+,retired,divorced,basic.4y,no,no,no
12739,59,56-65,unemployed,married,basic.4y,no,yes,no
12740,56,56-65,management,married,basic.6y,no,yes,no
12741,29,26-35,admin.,married,high.school,no,unknown,unknown
12742,35,26-35,management,divorced,university.degree,no,yes,yes
12743,29,26-35,technician,divorced,professional.course,no,yes,yes
12744,43,36-45,blue-collar,married,professional.course,no,yes,yes
12745,38,36-45,blue-collar,single,high.school,no,yes,yes
12746,78,66+,retired,divorced,unknown,no,no,no
12747,65,56-65,unknown,married,unknown,no,yes,no
12748,70,66+,blue-collar,married,basic.4y,no,no,yes
12749,62,56-65,retired,divorced,high.school,no,yes,no
12750,18,18-25,student,single,basic.4y,no,yes,no
12751,35,26-35,technician,divorced,professional.course,no,yes,yes
12752,74,66+,retired,divorced,basic.4y,no,no,no
12753,44,36-45,self-employed,divorced,professional.course,no,yes,yes
12754,33,26-35,management,single,high.school,no,no,no
12755,23,18-25,student,single,basic.6y,no,no,no
12756,83,66+,retired,divorced,basic.4y,no,no,yes
12757,69,66+,retired,divorced,professional.course,no,yes,no
12758,37,36-45,unemployed,married,university.degree,unknown,yes,no
12759,62,56-65,blue-collar,married,high.school,no,yes,no
12760,68,66+,retired,married,basic.4y,unknown,yes,no
12761,81,66+,retired,divorced,high.school,no,no,no
12762,76,66+,retired,married,professional.course,unknown,yes,no
12763,64,56-65,retired,married,professional.course,no,no,no
12764,27,26-35,unemployed,single,basic.4y,no,no,no
12765,27,26-35,unknown,single,university.degree,no,yes,no
12766,86,66+,retired,single,basic.9y,unknown,no,no
12767,33,26-35,blue-collar,married,university.degree,no,no,no
12768,83,66+,housemaid,divorced,basic.4y,no,yes,yes
12769,43,36-45,self-employed,married,university.degree,no,no,no
12770,83,66+,housemaid,divorced,basic.4y,no,yes,no
12771,21,18-25,student,single,basic.9y,no,yes,yes
12772,57,56-65,unknown,married,basic.4y,no,yes,no
12773,75,66+,retired,married,university.degree,no,yes,no
12774,21,18-25,student,single,unknown,no,yes,no
12775,73,66+,retired,divorced,professional.course,unknown,yes,no
12776,72,66+,retired,married,basic.4y,no,no,yes
12777,33,26-35,blue-collar,single,professional.course,no,no,yes
12778,36,36-45,technician,single,university.degree,no,yes,yes
12779,59,56-65,retired,divorced,basic.4y,no,no,yes
12780,39,36-45,admin.,divorced,university.degree,no,no,yes
12781,62,56-65,technician,married,unknown,no,no,yes
12782,62,56-65,technician,married,unknown,no,unknown,unknown
12783,19,18-25,student,single,basic.9y,no,no,yes
12784,59,56-65,retired,divorced,basic.4y,no,yes,yes
12785,22,18-25,services,single,professional.course,no,no,no
12786,83,66+,retired,married,university.degree,no,yes,no
12787,32,26-35,services,married,basic.6y,no,yes,yes
12788,83,66+,retired,married,university.degree,no,no,no
12789,66,66+,retired,married,high.school,no,yes,no
12790,53,46-55,blue-collar,single,basic.9y,no,no,no
12791,30,26-35,student,single,professional.course,no,yes,no
12792,78,66+,retired,married,unknown,no,yes,no
12793,52,46-55,technician,married,basic.6y,no,yes,no
12794,32,26-35,services,single,unknown,no,no,yes
12795,70,66+,retired,divorced,basic.4y,no,no,no
12796,47,46-55,admin.,single,basic.9y,no,yes,yes
12797,54,46-55,retired,single,basic.4y,no,yes,no
12798,44,36-45,admin.,single,high.school,no,no,yes
12799,21,18-25,housemaid,single,high.school,no,no,no
12800,22,18-25,admin.,single,university.degree,no,yes,no
12801,78,66+,retired,married,basic.4y,no,no,no
12802,66,66+,housemaid,married,basic.4y,no,no,yes
12803,54,46-55,unknown,married,basic.9y,no,yes,no
12804,23,18-25,student,single,unknown,no,no,no
12805,23,18-25,unemployed,single,high.school,no,no,no
12806,66,66+,housemaid,married,basic.4y,no,no,no
12807,82,66+,housemaid,divorced,basic.4y,no,no,no
12808,72,66+,retired,married,basic.6y,no,no,no
12809,72,66+,retired,married,basic.6y,no,yes,no
12810,64,56-65,admin.,married,high.school,no,no,no
12811,34,26-35,technician,single,basic.9y,no,no,no
12812,42,36-45,unknown,single,university.degree,no,no,no
12813,42,36-45,unknown,single,university.degree,no,yes,no
12814,63,56-65,admin.,married,university.degree,no,yes,no
12815,65,56-65,management,married,university.degree,no,yes,no
12816,52,46-55,technician,single,professional.course,no,no,no
12817,61,56-65,admin.,married,unknown,no,yes,yes
12818,84,66+,retired,divorced,basic.4y,no,yes,yes
12819,52,46-55,admin.,married,professional.course,no,no,no
12820,52,46-55,admin.,married,professional.course,no,yes,yes
12821,77,66+,retired,married,basic.4y,no,unknown,unknown
12822,48,46-55,housemaid,married,professional.course,no,yes,no
12823,68,66+,retired,divorced,high.school,no,yes,yes
12824,74,66+,retired,divorced,basic.4y,no,yes,yes
12825,25,18-25,self-employed,single,unknown,no,unknown,unknown
12826,57,56-65,blue-collar,married,basic.4y,no,no,yes
12827,66,66+,retired,divorced,high.school,no,no,no
12828,51,46-55,retired,divorced,high.school,no,no,no
12829,50,46-55,housemaid,married,basic.4y,no,no,yes
12830,48,46-55,housemaid,married,professional.course,no,no,no
12831,60,56-65,retired,married,professional.course,no,yes,yes
12832,76,66+,unknown,married,unknown,no,no,no
12833,50,46-55,housemaid,married,basic.6y,no,no,no
12834,65,56-65,management,married,high.school,no,yes,no
12835,71,66+,retired,married,basic.9y,no,yes,yes
12836,34,26-35,self-employed,married,university.degree,no,unknown,unknown
12837,31,26-35,student,single,unknown,no,yes,no
12838,62,56-65,retired,married,basic.4y,no,no,no
12839,77,66+,retired,divorced,professional.course,no,no,no
12840,28,26-35,unemployed,single,basic.9y,no,no,yes
12841,47,46-55,services,divorced,unknown,no,yes,no
12842,28,26-35,student,single,unknown,unknown,yes,no
12843,59,56-65,unknown,married,unknown,no,no,no
12844,28,26-35,student,single,basic.9y,no,no,yes
12845,28,26-35,student,single,basic.9y,no,no,no
12846,27,26-35,student,single,basic.9y,no,yes,no
12847,18,18-25,student,single,unknown,no,yes,yes
12848,44,36-45,services,divorced,basic.6y,no,yes,no
12849,41,36-45,admin.,divorced,high.school,no,yes,yes
12850,71,66+,blue-collar,divorced,basic.4y,unknown,no,no
12851,77,66+,retired,married,basic.4y,no,no,no
12852,72,66+,housemaid,married,basic.6y,unknown,yes,no
12853,32,26-35,entrepreneur,single,professional.course,no,yes,no
12854,77,66+,management,married,unknown,no,yes,no
12855,64,56-65,unknown,married,unknown,no,yes,no
12856,30,26-35,self-employed,single,university.degree,no,unknown,unknown
12857,73,66+,retired,divorced,basic.4y,unknown,yes,no
12858,55,46-55,housemaid,single,university.degree,no,yes,no
12859,25,18-25,unemployed,single,high.school,no,no,no
12860,92,66+,retired,married,unknown,no,no,yes
12861,65,56-65,retired,married,professional.course,no,yes,no
12862,77,66+,retired,married,unknown,no,no,no
12863,66,66+,admin.,divorced,university.degree,no,yes,no
12864,71,66+,admin.,married,basic.4y,no,yes,no
12865,67,66+,housemaid,divorced,professional.course,no,no,no
12866,70,66+,technician,married,unknown,no,no,no
12867,36,36-45,services,single,university.degree,no,no,no
12868,39,36-45,blue-collar,single,basic.4y,no,yes,yes
12869,34,26-35,technician,single,basic.9y,no,yes,no
12870,44,36-45,retired,single,high.school,no,no,no
12871,33,26-35,student,married,professional.course,no,yes,no
12872,45,36-45,admin.,divorced,basic.9y,no,yes,yes
12873,45,36-45,self-employed,divorced,professional.course,no,yes,no
12874,26,26-35,blue-collar,married,professional.course,no,unknown,unknown
12875,33,26-35,unemployed,single,basic.9y,no,yes,no
12876,49,46-55,management,divorced,university.degree,no,yes,no
12877,21,18-25,services,single,unknown,no,yes,no
12878,19,18-25,student,single,high.school,no,unknown,unknown
12879,58,56-65,retired,divorced,basic.4y,no,no,no
12880,64,56-65,retired,married,professional.course,no,yes,no
12881,69,66+,retired,married,high.school,no,yes,yes
12882,60,56-65,admin.,divorced,professional.course,no,yes,no
12883,71,66+,retired,married,high.school,no,no,no
12884,45,36-45,blue-collar,single,high.school,no,yes,yes
12885,70,66+,retired,divorced,professional.course,no,yes,no
12886,81,66+,retired,divorced,basic.4y,no,no,no
12887,32,26-35,services,single,university.degree,no,no,no
12888,78,66+,retired,divorced,high.school,no,no,no
12889,59,56-65,services,married,professional.course,no,yes,no
12890,51,46-55,unemployed,married,high.school,no,yes,yes
12891,51,46-55,unemployed,married,high.school,no,unknown,unknown
12892,46,46-55,admin.,married,basic.9y,no,unknown,unknown
12893,34,26-35,unemployed,married,university.degree,no,no,no
12894,20,18-25,blue-collar,single,basic.4y,no,no,no
12895,58,56-65,entrepreneur,married,high.school,no,no,no
12896,88,66+,retired,married,basic.4y,no,no,no
12897,58,56-65,entrepreneur,married,high.school,no,yes,no
12898,32,26-35,admin.,married,high.school,no,unknown,unknown
12899,88,66+,retired,married,basic.4y,no,yes,no
12900,47,46-55,technician,married,basic.6y,no,no,no
12901,89,66+,retired,divorced,basic.4y,no,yes,no
12902,35,26-35,self-employed,single,university.degree,no,yes,yes
12903,86,66+,retired,married,basic.4y,no,yes,no
12904,67,66+,unknown,divorced,unknown,unknown,yes,no
12905,46,46-55,services,married,university.degree,no,yes,no
12906,31,26-35,student,single,unknown,no,unknown,unknown
12907,27,26-35,student,divorced,unknown,no,no,no
12908,83,66+,retired,divorced,basic.4y,no,yes,no
12909,45,36-45,unemployed,married,professional.course,unknown,no,no
12910,65,56-65,technician,married,professional.course,no,no,no
12911,64,56-65,retired,divorced,basic.4y,no,yes,yes
12912,69,66+,retired,married,basic.4y,no,no,no
12913,82,66+,retired,married,university.degree,unknown,no,no
12914,50,46-55,housemaid,divorced,basic.4y,no,no,no
12915,84,66+,retired,divorced,unknown,unknown,no,no
12916,82,66+,housemaid,married,basic.4y,no,no,no
12917,86,66+,retired,married,unknown,unknown,yes,yes
12918,32,26-35,unemployed,married,high.school,no,no,no
12919,34,26-35,admin.,married,professional.course,no,no,no
12920,61,56-65,management,married,professional.course,no,no,no
12921,32,26-35,student,single,high.school,no,no,no
12922,86,66+,retired,married,unknown,unknown,yes,no
12923,52,46-55,admin.,married,professional.course,no,no,yes
12924,23,18-25,student,single,professional.course,no,yes,no
12925,39,36-45,entrepreneur,married,professional.course,no,no,no
12926,23,18-25,student,single,professional.course,no,no,no
12927,41,36-45,admin.,married,unknown,no,yes,no
12928,77,66+,retired,married,basic.4y,no,yes,no
12929,33,26-35,technician,married,unknown,no,yes,yes
12930,19,18-25,student,single,basic.6y,no,yes,yes
12931,55,46-55,unemployed,married,basic.4y,no,yes,no
12932,41,36-45,unemployed,married,high.school,no,yes,yes
12933,41,36-45,unemployed,married,high.school,no,no,no
12934,28,26-35,blue-collar,single,university.degree,no,unknown,unknown
12935,22,18-25,services,single,professional.course,no,yes,no
12936,23,18-25,student,single,high.school,no,no,yes
12937,30,26-35,housemaid,single,university.degree,no,no,no
12938,36,36-45,admin.,divorced,university.degree,no,yes,yes
12939,33,26-35,unemployed,single,unknown,no,yes,no
12940,30,26-35,student,single,professional.course,no,unknown,unknown
12941,30,26-35,student,single,professional.course,no,no,no
12942,59,56-65,unemployed,married,basic.9y,no,yes,yes
12943,41,36-45,retired,single,basic.4y,no,yes,no
12944,30,26-35,self-employed,single,basic.9y,no,no,yes
12945,57,56-65,admin.,married,university.degree,no,unknown,unknown
12946,22,18-25,self-employed,single,professional.course,no,yes,no
12947,75,66+,retired,married,basic.4y,no,yes,no
12948,64,56-65,unemployed,divorced,basic.9y,no,yes,no
12949,70,66+,retired,married,basic.4y,unknown,no,no
12950,61,56-65,retired,married,basic.4y,no,no,no
12951,60,56-65,retired,married,basic.4y,no,unknown,unknown
12952,56,56-65,unemployed,divorced,basic.4y,no,no,yes
12953,59,56-65,services,married,university.degree,no,yes,no
12954,33,26-35,services,single,university.degree,no,yes,no
12955,65,56-65,retired,married,basic.4y,no,yes,yes
12956,22,18-25,unemployed,single,university.degree,no,no,yes
12957,66,66+,retired,married,basic.4y,unknown,unknown,unknown
12958,52,46-55,technician,married,university.degree,no,yes,no
12959,63,56-65,admin.,married,university.degree,no,yes,yes
12960,54,46-55,self-employed,married,university.degree,no,no,no
12961,61,56-65,blue-collar,married,professional.course,no,yes,no
12962,34,26-35,student,single,professional.course,no,yes,no
12963,84,66+,retired,divorced,basic.4y,unknown,yes,no
12964,68,66+,retired,divorced,high.school,no,yes,no
12965,56,56-65,technician,divorced,professional.course,no,yes,yes
12966,84,66+,retired,divorced,basic.4y,unknown,yes,yes
12967,24,18-25,student,single,professional.course,no,no,yes
12968,67,66+,retired,divorced,basic.4y,no,yes,no
12969,54,46-55,services,divorced,high.school,no,yes,yes
12970,25,18-25,student,married,high.school,no,yes,no
12971,61,56-65,housemaid,married,basic.4y,no,yes,no
12972,54,46-55,services,divorced,high.school,no,yes,no
12973,45,36-45,student,single,unknown,no,yes,no
12974,80,66+,retired,married,professional.course,no,yes,no
12975,63,56-65,unknown,married,professional.course,no,no,no
12976,37,36-45,housemaid,married,university.degree,no,no,no
12977,34,26-35,admin.,divorced,university.degree,no,unknown,unknown
12978,29,26-35,unemployed,single,high.school,no,yes,no
12979,46,46-55,management,married,university.degree,no,unknown,unknown
12980,60,56-65,retired,married,professional.course,no,no,yes
12981,46,46-55,admin.,married,basic.9y,no,yes,no
12982,45,36-45,blue-collar,married,high.school,no,yes,yes
12983,24,18-25,technician,single,university.degree,no,yes,yes
12984,30,26-35,blue-collar,single,professional.course,no,yes,no
12985,29,26-35,student,single,high.school,no,yes,yes
12986,59,56-65,admin.,divorced,high.school,no,no,no
12987,34,26-35,technician,married,unknown,no,no,no
12988,60,56-65,admin.,married,unknown,no,no,no
12989,42,36-45,services,divorced,university.degree,no,unknown,unknown
12990,61,56-65,admin.,married,high.school,no,yes,yes
12991,61,56-65,admin.,married,high.school,no,no,no
12992,41,36-45,unemployed,married,basic.9y,no,no,no
12993,54,46-55,technician,married,unknown,no,yes,no
12994,54,46-55,unemployed,married,professional.course,no,yes,no
12995,58,56-65,unemployed,married,university.degree,no,yes,no
12996,35,26-35,admin.,single,professional.course,no,yes,no
12997,67,66+,housemaid,divorced,professional.course,no,yes,no
12998,31,26-35,housemaid,single,university.degree,no,no,no
12999,35,26-35,technician,divorced,basic.4y,no,no,no
13000,35,26-35,technician,divorced,basic.4y,no,yes,no
13001,38,36-45,housemaid,divorced,university.degree,no,no,no
13002,62,56-65,services,married,high.school,no,yes,no
13003,34,26-35,student,single,unknown,no,yes,no
13004,38,36-45,housemaid,divorced,high.school,no,yes,yes
13005,64,56-65,retired,divorced,professional.course,no,yes,no
13006,29,26-35,unemployed,single,basic.4y,no,yes,no
